author;author_type;url;location;deal_type;accommodation_type;floor;floors_count;rooms_count;total_meters;price;district;street;house_number;underground;residential_complex
ELEMENT;developer;https://spb.cian.ru/sale/flat/327104313/?context=4.G_vbsxyfR38.tdCkx30q-LdyOd511O-2LQfGtwz_k9IkAVNFAEkZP5KHmFVcMkLNVYO6GfUrSSLWyd39iSC2HreXuQ&mlSearchSessionGuid=a3cd6718a5962abc2f653259f6a8f554;Санкт-Петербург;sale;flat;24;24;3;162.9;193574070;Московский;Алтайская ;39;Московская;Шепилевский
ИнвестКомплекс;official_representative;https://spb.cian.ru/sale/flat/327465863/?context=4.aVWy3REWfN8.-7RR5zywnYWiGqziLHHeRKeTVOHKQyF2Ny-Z0WspYc0mF6wrZQI7YHDeic-fLLdqax5g2hd2Re5f3g&mlSearchSessionGuid=a3cd6718a5962abc2f653259f6a8f554;Санкт-Петербург;sale;flat;1;4;1;48.3;8800000;Приморский; Новая;51к13;Беговая;
Level Group;developer;https://spb.cian.ru/sale/flat/333732394/?context=4.jphmtNXDKcY.waRuHNbaza47Qqxn_kV1ULySBxydwY01O-Alu5moK-UdlrDNn7UvqjaBSSeE5LMyxVQsp0xzjzwKxg&mlSearchSessionGuid=a3cd6718a5962abc2f653259f6a8f554;Санкт-Петербург;sale;flat;2;9;1;37.2;11886402;Калининский;Пискарёвка;;Выборгская;Левел Мечникова
РК-Газсетьсервис;developer;https://spb.cian.ru/sale/flat/332233080/?context=4.UfBlbuCy48o.Ovf1nEOFCga-YFYoKIo09X0NrBZQWzOlOXH6xyvc5YHPwB29TyUZ8d8nqnpEwsKexIAK7YGJSOGG2g&mlSearchSessionGuid=a3cd6718a5962abc2f653259f6a8f554;Санкт-Петербург;sale;flat;6;12;2;42.07;14387940;Приморский;Камышовая ;25;Комендантский проспект;YE'S Primorsky Комплекс Апартаментов
Балтийская Коммерция;real_estate_agent;https://spb.cian.ru/sale/flat/320297298/?context=4.ellZNYjSSf0.wHOqZiDLZNrtDcHIgiOYNcasQzmIieNMMY18lkUGby-LcrQKILfvy1TEUKPwXpK0A0D_-nAV2Y-_rw&mlSearchSessionGuid=a3cd6718a5962abc2f653259f6a8f554;Санкт-Петербург;sale;flat;9;9;3;175.5;77900000;Петроградский; Чапаева;17к2;Петроградская;Мануфактура
АР НУВО;real_estate_agent;https://spb.cian.ru/sale/flat/332601518/?context=4.2sbqsswD3_E.z4H5QxY4ogmjGcICtTvc-56D5SYa5ddUpkoQKN_Jcnl7GugOCtCCBaZIuR7DM8Ib7RaZJPbRqLzDPg&mlSearchSessionGuid=a3cd6718a5962abc2f653259f6a8f554;Санкт-Петербург;sale;flat;2;5;1;34.15;7700000;Московский;Пулковский меридиан;;Московская;Парадный ансамбль
AAG;developer;https://spb.cian.ru/sale/flat/323514188/?context=4.N7BfWP3WpS8.MClt9Zk9-K7eceeoLwaAgBQ8XwyiTnj0LAjyWxY722PUJYf4MKmB__SH_sAxULIIf2NTs0LdR_vXVQ&mlSearchSessionGuid=a3cd6718a5962abc2f653259f6a8f554;Санкт-Петербург;sale;flat;1;7;2;105.9;43500000;Василеостровский;12-я Васильевского острова линия;41к2;Василеостровская;Амо
BARNES International Realty;real_estate_agent;https://spb.cian.ru/sale/flat/333570665/?context=4.eGcS3yAeTZE.ptS0wFY4H3hu-wWHu6V_bYLF2FnEHESrqIQI9nhK6hJEoBOru5B0kotFDq95RpzgZzdtn8T936rkOQ&mlSearchSessionGuid=a3cd6718a5962abc2f653259f6a8f554;Санкт-Петербург;sale;flat;5;9;3;105.3;75000000;Петроградский;проезд Петровская коса;6к1;Крестовский остров;Петровская Доминанта
АВЕНТИН;real_estate_agent;https://spb.cian.ru/sale/flat/334066324/?context=4.Qpl87wKBxsA.4TXyqLudvYcqiov9wnTm-CKmTGBIpdQ77ySkP2wavSBVVT9OIFfgVa2de0bAZPFZamSiJSlp2Psm3w&mlSearchSessionGuid=a3cd6718a5962abc2f653259f6a8f554;Санкт-Петербург;sale;flat;5;9;1;28.0;6700000;Красногвардейский;Хасанская ;22к1;Проспект Большевиков;
Sun Development;developer;https://spb.cian.ru/sale/flat/334472638/?context=4.GHPDsZUK8hM.uhwWsKYW3JwOpLT0j4V1cuQp2Wny1ii_iFaYu1dPfAlwh5klY8hPIieJXTSMVdKxTUKBVPFjA9wbMQ&mlSearchSessionGuid=a3cd6718a5962abc2f653259f6a8f554;Санкт-Петербург;sale;flat;2;7;3;136.6;51367914;Василеостровский;11-я Васильевского острова линия;56;Василеостровская;Клубный дом Монодом Лайн
A-estate;real_estate_agent;https://spb.cian.ru/sale/flat/331521498/?context=4.s7osThibsdE.cRJYRPOHbPWaJglcCr_wcwU_OWs2hVeN4tUTzDT8sq3v5wY589b76mVFpDSsx3BOFTdyrP8ihtAr4g&mlSearchSessionGuid=a3cd6718a5962abc2f653259f6a8f554;Санкт-Петербург;sale;flat;6;9;2;72.5;30990000;Адмиралтейский;набережная Обводного Канала;169;Балтийская;Лермонтовский 54
Яков Ермошкевич;realtor;https://spb.cian.ru/sale/flat/334519442/?context=4.PsnOLy5xPcs.kyoljlJ9q7TDAliZwUwlg9rNCQrXP7P7J6mqcQ7EUZ6hAr-uON9-UGNVScu55Uq4drUO1VjawJeLVA&mlSearchSessionGuid=a3cd6718a5962abc2f653259f6a8f554;Санкт-Петербург;sale;flat;4;5;2;42.0;7400000;Красносельский; Летчика Пилютова;13К1;Юго-Западная;
ИП Богачков;real_estate_agent;https://spb.cian.ru/sale/flat/332207823/?context=4.NMlOhvEwp7w.jr6xc3Zy_Bcw9DHwH9Dro3dSCUmCt7glgz3fCN3tjaiTO9s_cVdtWqlIDs5K1-xsPqFpHL4lXnz-Fg&mlSearchSessionGuid=a3cd6718a5962abc2f653259f6a8f554;Санкт-Петербург;sale;flat;5;6;2;57.38;28690000;Петроградский; Профессора Попова;;Петроградская;ID Petrogradskaya
ПИА Недвижимость;real_estate_agent;https://spb.cian.ru/sale/flat/333475205/?context=4.AGL6ZLrvpXU.5aW22s48rCwkDqnIIbGiI4EShHVjii9GktEzoAx9AVx52Zt4N7Uoamwuc9gbTibOpPWbNn4pYwhGkg&mlSearchSessionGuid=a3cd6718a5962abc2f653259f6a8f554;Санкт-Петербург;sale;flat;5;9;2;50.1;11200000;Невский;Искровский проспект;26В;Улица Дыбенко;
ID 58387287;real_estate_agent;https://spb.cian.ru/sale/flat/333503194/?context=4.NriQiwXS-fc.lGOw2nhSPAPIUnRw3JOWMcerJLkjMYf3CRj2tQy3-dkpUZWGGDV3-WM66ijvTIGjs0RwkpwUAhBdOQ&mlSearchSessionGuid=a3cd6718a5962abc2f653259f6a8f554;Санкт-Петербург;sale;flat;4;9;1;40.0;9180000;Невский; Белышева;8к1Н;Проспект Большевиков;
ГК ФСК;developer;https://spb.cian.ru/sale/flat/334472661/?context=4.68wKKmyU_f0.4JYmSHrx59PvRMQ_crf6E9l0ZmTNWXbqymDpnBWqqESIagow5b8sl6SnaEsOYQ-bXbna0GCVv4lRVg&mlSearchSessionGuid=a3cd6718a5962abc2f653259f6a8f554;Санкт-Петербург;sale;flat;3;11;1;36.01;16275799;Выборгский;2-й Муринский проспект;49;Площадь Мужества;Фабула
ПИА Недвижимость;real_estate_agent;https://spb.cian.ru/sale/flat/334584058/?context=4.ZhRtclOqius.vhsuw2SUAoo_3KryHcEeBZvYoRX59_xuVIkc1sHjfbSVRT5KXBft2GgdKYDAnXkvPSw82Jo_CYdnjg&mlSearchSessionGuid=a3cd6718a5962abc2f653259f6a8f554;Санкт-Петербург;sale;flat;11;17;2;50.0;14100000;Приморский;Туристская ;30к1;Комендантский проспект;ЦДС Юнтоловский
Экотон;real_estate_agent;https://spb.cian.ru/sale/flat/334156987/?context=4.wIxmw0QYxj8.BaVA11FCbFbKGsDn2g4LiCs9PRbf7EV_dyq-1Tm-mMImmxAyjV3tC-PssGgzMiPcoMS_2qAb-5hV-A&mlSearchSessionGuid=a3cd6718a5962abc2f653259f6a8f554;Санкт-Петербург;sale;flat;2;5;4;48.3;8800000;Кировский;бульвар Новаторов;20;Ленинский проспект;
ELEMENT;developer;https://spb.cian.ru/sale/flat/328054219/?context=4.7yWlm8-jPBg.T81tPHaVC0BTtbQHywRlUONomJODXI-kpwgcQVFPSfPY8WYygG5AEMm8RDNwil1ir0uFnbSbH-iTXg&mlSearchSessionGuid=a3cd6718a5962abc2f653259f6a8f554;Санкт-Петербург;sale;flat;8;8;5;180.03;264734115;Петроградский;Ремесленная ;17литЗ;Спортивная;17/33 Петровский остров
ПИА Недвижимость;real_estate_agent;https://spb.cian.ru/sale/flat/333801883/?context=4.qC198LpApAk.yTF2EBreF4N9wVi95fflVZlryjJWkegbMWB_HfGmaWhEhahCLema3WdkJA2gCK44npCSfcFhcpqX_w&mlSearchSessionGuid=a3cd6718a5962abc2f653259f6a8f554;Санкт-Петербург;sale;flat;3;13;1;43.0;13990000;1 комн. кв-ра в развитом е!1-комн. квартира;43 м²;;;
Балтийская Коммерция;real_estate_agent;https://spb.cian.ru/sale/flat/334420054/?context=4.JYp6O_JhirM.9Iq7qU7AWCnXmvdVxeo7Z376oP45oYDkAVpyJNplvuV8sQxc5kz0FvWXbTOgKfIfyE9ggW9VF8mylw&mlSearchSessionGuid=a3cd6718a5962abc2f653259f6a8f554;Санкт-Петербург;sale;flat;8;11;1;35.9;18500000;Петроградский;Вяземский переулок;6;Петроградская;
Level Group;developer;https://spb.cian.ru/sale/flat/333636869/?context=4.U511KCBQN2Q.sxCJIz31IAB_YWsuglhbzR-7jfx62_ABhdNkRpNMltkespojF9iUVwGRJeC-t5OBEL8cNXvc3sCMrw&mlSearchSessionGuid=a3cd6718a5962abc2f653259f6a8f554;Санкт-Петербург;sale;flat;2;9;2;48.8;16579389;Калининский;проспект Мечникова;40Л;Выборгская;Левел Мечникова
ПИА Недвижимость;real_estate_agent;https://spb.cian.ru/sale/flat/334556728/?context=4.YvbprNmFoZE.6DSp6PLegRDbKVE1MvBEcyALoo_CO8GYPg5fiujIo8YJFvyCS3VCdsSkSP1Z5zYmVyYCimtq_QdYiQ&mlSearchSessionGuid=a3cd6718a5962abc2f653259f6a8f554;Санкт-Петербург;sale;flat;10;19;1;34.8;10400000;1 комн. кв-ра в развитом е!1-комн. квартира;10/19 этаж;;;
Северный модерн;real_estate_agent;https://spb.cian.ru/sale/flat/332749154/?context=4.gOSZoQ-h6zs.LQhi1_LIOq40Et0rza2aQ5mqHaV7wkaRJJDFHzMd4oTak_u2lcqoViN7EvO4FvLTJyrHk140sWuVVg&mlSearchSessionGuid=a3cd6718a5962abc2f653259f6a8f554;Санкт-Петербург;sale;flat;4;7;5;128.7;25000000;Центральный;9-я Советская ;39/24;Площадь Восстания;
ФСК;developer;https://spb.cian.ru/sale/flat/327078834/?context=4.kyFNi2NbKeE.niBcC_smChEQYJcpoTFZGrFH8SSUZMw2m64mwmCiAIKum-O983DR9qUGowAZQMz8M7VSgDy_kfZHpQ&mlSearchSessionGuid=a3cd6718a5962abc2f653259f6a8f554;Санкт-Петербург;sale;flat;5;17;1;34.2;7954065;Невский; Архивная;3к1;Улица Дыбенко;Апарт-комплекс Зум на Неве
ПИА Недвижимость;real_estate_agent;https://spb.cian.ru/sale/flat/334346700/?context=4.BA6QM3_FKdw.vMx1oIZ3nzBlibKzCQiboC65q0hQ7-v5kHt3I5IDWI7R3dW_3QH-n54-Ax_l3IR_n9Mo_ieLccm7QA&mlSearchSessionGuid=a3cd6718a5962abc2f653259f6a8f554;Санкт-Петербург;sale;flat;17;24;1;30.7;9090000;Приморский; Плесецкая;10;Комендантский проспект;Полис на Комендантском
Мир Квартир Элит;real_estate_agent;https://spb.cian.ru/sale/flat/329755073/?context=4.CMAy_NmfrLY.zb9WGcIzl30pRxNfgPOf6edw9RT9sB26OganX7p9n26pSAC2SIzOIfrCBFCFrl2qa9QC9yRJPyE9qw&mlSearchSessionGuid=a3cd6718a5962abc2f653259f6a8f554;Санкт-Петербург;sale;flat;5;7;5;248.5;56900000;Центральный; Некрасова;58;Площадь Восстания;
LEGENDA Development;developer;https://spb.cian.ru/sale/flat/333531670/?context=4.TYh118W1LII.KjJSemmxpNRVPqWOVVtIiyRw8LTzfVHFDx0LzCvszHZ-HOIRNRlgvliit7JK2GR4xxRD4qKlcPybZQ&mlSearchSessionGuid=a3cd6718a5962abc2f653259f6a8f554;Санкт-Петербург;sale;flat;2;22;2;64.76;28355166;Василеостровский;Морской;;Приморская;ЛЕГЕНДА У МОРЯ
ID 58387287;real_estate_agent;https://spb.cian.ru/sale/flat/333503194/?context=4.Or6j9Ee3DS0.pSRPUo6xDT1KAyoJizx256egFAXY96xUyTBOGmOu2ZEzNIiOIXzryAbEkGVjilPrUN67tyR4PlAXPA&mlSearchSessionGuid=a3cd6718a5962abc2f653259f6a8f554;Санкт-Петербург;sale;flat;4;9;1;40.0;9180000;Невский; Белышева;8к1Н;Проспект Большевиков;
BARNES International Realty;real_estate_agent;https://spb.cian.ru/sale/flat/332607625/?context=4.-UA622eysS8._Tf5C2A75FzB7Wvf2d7tiUowNQE_XH2r9xTNVwbXMQLi0KAdFgnuqXozV2sM-UdvVOCJ3Dhg9E5sNg&mlSearchSessionGuid=a3cd6718a5962abc2f653259f6a8f554;Санкт-Петербург;sale;flat;4;9;2;87.0;59500000;Петроградский;Петровский проспект;24к3;Крестовский остров;Петровская ривьера
LEGENDA Development;developer;https://spb.cian.ru/sale/flat/333531670/?context=4.dVtmmZ9lkt8.bPH4RH0-YM85yURNjjlnx3bh0a4gfNILBuE6i2BTRt-XC19fwal4y3dy9UJLiJIPKw8KruSRN3-Q9Q&mlSearchSessionGuid=a3cd6718a5962abc2f653259f6a8f554;Санкт-Петербург;sale;flat;2;22;2;64.76;28355166;Василеостровский;Морской;;Приморская;ЛЕГЕНДА У МОРЯ
BARNES International Realty;real_estate_agent;https://spb.cian.ru/sale/flat/333566453/?context=4.-xGcxMVBbbo.B38N_uF2PZ9FPjK7vXu5fPdYzlvw9UOmK8vlOD_qq7P4yMWWXv3xbKYmyfQ1hpnZNDyf7Ptdk6d_lQ&mlSearchSessionGuid=a3cd6718a5962abc2f653259f6a8f554;Санкт-Петербург;sale;flat;3;4;3;135.0;94700000;Василеостровский;набережная Лейтенанта Шмидта;21;Горный институт;Гранвиль
BARNES International Realty;real_estate_agent;https://spb.cian.ru/sale/flat/319766101/?context=4.vR1yjP382fk.fK_EXGVegU51zh3LWTZcokZXd7ZPm2P3jiP3rm02w0QcPLWMTdgcuejz1jCQDGIa6Cxp-agi0xWLhg&mlSearchSessionGuid=a3cd6718a5962abc2f653259f6a8f554;Санкт-Петербург;sale;flat;6;7;5;285.4;67000000;Петроградский;Константиновский проспект;1/24;Крестовский остров;
ГК ФСК;developer;https://spb.cian.ru/sale/flat/334472648/?context=4.y8GvlHkHcyw.r_Sf76yTZf5O8UpSuG0noBPJ55DKOCRdDEqLQ_mvmXAB15lEnrtIMFXPf4mu-_VrpbY2j4MHNRsHqw&mlSearchSessionGuid=a3cd6718a5962abc2f653259f6a8f554;Санкт-Петербург;sale;flat;3;11;2;67.55;26275599;Выборгский;2-й Муринский проспект;49;Площадь Мужества;Фабула
Достойные Дома;real_estate_agent;https://spb.cian.ru/sale/flat/334034888/?context=4.ZaeUKhfq97k.hBhhkklbBLPAYi-8ipb7byr8ozE11w9DS0amLCNcVGGBK61Io2L6jLDZGTB7I4BaFgg3YVP1AXKRJg&mlSearchSessionGuid=a3cd6718a5962abc2f653259f6a8f554;Санкт-Петербург;sale;flat;10;24;1;50.7;15200000;Приморский;Лыжный переулок;8к1;Беговая;Медный всадник
БЕНУА;real_estate_agent;https://spb.cian.ru/sale/flat/333584465/?context=4.y80F-py0XpQ.wZwFLSN8hfmfnvO9WPKrpjJImXWwymoqfU4rt2JmazvoPr-iN3UuLGED23YgqfIrXNMs95HWIxLUtw&mlSearchSessionGuid=a3cd6718a5962abc2f653259f6a8f554;Санкт-Петербург;sale;flat;5;11;1;45.2;19500000;Василеостровский;проспект Малый Васильевского острова;52;Василеостровская;Fjord
Алькор;developer;https://spb.cian.ru/sale/flat/333264136/?context=4.uGQ8n3zLbfE.FuNXZfN3lLFXIYmJQsUZcvIidvOroY6-407HUkAA6EiUdfiy2TlbXAmeUniW7sYQB8SH3rUzaKYi1Q&mlSearchSessionGuid=a3cd6718a5962abc2f653259f6a8f554;Санкт-Петербург;sale;flat;3;4;1;36.08;10564224;Кронштадтский;дорога Цитадельская;;;Кронфорт.Центральный
BEYOND. ex-Engel Volkers;real_estate_agent;https://spb.cian.ru/sale/flat/323493413/?context=4.DAIfXEfEDhE.w7MLvg9BrIVZjwNp4X1bw8n9FqJJ1RwV9J1J-ABsHppnTQwwwNMUqlXr8RF5uKs3EKCc_wqKw5HThw&mlSearchSessionGuid=a3cd6718a5962abc2f653259f6a8f554;Санкт-Петербург;sale;flat;3;9;3;248.2;300000000;Центральный;набережная Реки Фонтанки;76к2;Звенигородская;Фонтанка 76
Гранит Инвест;real_estate_agent;https://spb.cian.ru/sale/flat/334285149/?context=4.77Y_aCZGObQ.HDTxjd3qcoEZTG2doGSXiaQcAR0g_KKuwEqTbAkDcio8eaBv57DLgBjZ630u1czH6zfT9fd_5UB5AQ&mlSearchSessionGuid=a3cd6718a5962abc2f653259f6a8f554;Санкт-Петербург;sale;flat;7;9;2;48.4;13990000;Невский; Бабушкина;111;Пролетарская;
ELEMENT;developer;https://spb.cian.ru/sale/flat/327097061/?context=4.GwZLOgFSklI.PsfnRIrb4Y32Ecf9_EY6jTD_cKmGfF4JAp4i-QMB7RZRsgmPcBVq30UZGv2t8-OXWRlkZxrQg-OfOg&mlSearchSessionGuid=a3cd6718a5962abc2f653259f6a8f554;Санкт-Петербург;sale;flat;5;5;2;41.74;18768391;Курортный; Инструментальщиков;18;Комендантский проспект;BEREG.Курортный
ID 24050051;real_estate_agent;https://spb.cian.ru/sale/flat/332489445/?context=4._Tt_yk4qLm0.-G8JTf-L6yMPIXFc1BmOZAHVnz_9Z7xfIH0gWE4kiWuRQ3K7s7XD8oG_ZJI_weSr7aXdqAUOhLzNAQ&mlSearchSessionGuid=a3cd6718a5962abc2f653259f6a8f554;Санкт-Петербург;sale;flat;24;25;2;57.3;16500000;Видовая двушка в Московском е2-комн. квартира;24/25 этаж;;;
Балтийская Коммерция;real_estate_agent;https://spb.cian.ru/sale/flat/318116064/?context=4.j0R2N9bsutE.k3bFHNB3vmnrBdY8_0cpUpGKtIkjL5PwxCuNQzJrFBFV9KlEeFDTTExGkdWf6KK5cjhMDP4x4x87bw&mlSearchSessionGuid=a3cd6718a5962abc2f653259f6a8f554;Санкт-Петербург;sale;flat;2;9;2;86.3;36677500;Петроградский; Чапаева;17к2;Петроградская;Мануфактура
AAG;developer;https://spb.cian.ru/sale/flat/326934701/?context=4.IYODZUrN0UM.AZFmk7d2SuyDlQ3QVpPqZjpozh_YP60hmCn43QRND9bVYt8fq_PuaR9nFEL3IMoNg7jknsE--_blcw&mlSearchSessionGuid=a3cd6718a5962abc2f653259f6a8f554;Санкт-Петербург;sale;flat;6;7;4;213.2;123000000;Василеостровский;12-я Васильевского острова линия;41к2;Василеостровская;Амо
Вам к нам;real_estate_agent;https://spb.cian.ru/sale/flat/333931816/?context=4.G-DIAk5PNV8.gvmcJr3gIgHhGjX3TI_nfa7v6CbJ7la3Bag-gc155Im7rDT9-qS5y7WDzf0pLlVC1MoFoWeeO9ek5Q&mlSearchSessionGuid=a3cd6718a5962abc2f653259f6a8f554;Санкт-Петербург;sale;flat;2;7;3;64.2;15500000;Адмиралтейский;Старо-Петергофский проспект;28;Нарвская;Клубный дом Адмирал
ID 24050051;real_estate_agent;https://spb.cian.ru/sale/flat/332532495/?context=4.z8IteGZQV3Q.kMlSIP0bdenrW_ltmKqFOHSotcSIZHuJXYCfWBuLce4-z7dEV3qapFdIg3jmbcOH085P1rELz02jfQ&mlSearchSessionGuid=a3cd6718a5962abc2f653259f6a8f554;Санкт-Петербург;sale;flat;9;12;2;51.6;10600000;Красногвардейский;Индустриальный проспект;13;Проспект Большевиков;
БФА-Девелопмент;developer;https://spb.cian.ru/sale/flat/302588328/?context=4.W6ypjoZ6AVs.sDM5NB7JgKC6cAITOxysBINroA-1qtjXLM_gTgTYXARgvBFPykfguhVl3UlxLVbr6b4K-6xDijr1cQ&mlSearchSessionGuid=a3cd6718a5962abc2f653259f6a8f554;Санкт-Петербург;sale;flat;5;24;3;82.32;21975000;Красносельский;Ленинский проспект;39с2;Юго-Западная;Огни Залива
BARNES International Realty;real_estate_agent;https://spb.cian.ru/sale/flat/329368518/?context=4.S0ET54wrtH0.nkPkxh_Q6kMR1nUHzyHFm6zQQK-T0tKJIhrkykvr_AeeR7R3tMZfprOjJameeYQUjkeY3o7RZuEk2g&mlSearchSessionGuid=a3cd6718a5962abc2f653259f6a8f554;Санкт-Петербург;sale;flat;4;5;4;111.0;37900000;Центральный;переулок Басков;25;Чернышевская;
МетрУМ;real_estate_agent;https://spb.cian.ru/sale/flat/334075633/?context=4.GC_QcokqT_Q.tLzND-JZFN9jARROyxDlqUDgeR_enBIUpl9qmTsIRdPw3AnRDzT2GJe1l0cFfNoPgnlsuy0MkZRm_A&mlSearchSessionGuid=a3cd6718a5962abc2f653259f6a8f554;Санкт-Петербург;sale;flat;5;9;5;142.0;79999000;Петроградский;проезд Петровская коса;6к1;Крестовский остров;Петровская Доминанта
ELEMENT;developer;https://spb.cian.ru/sale/flat/327097060/?context=4.ZjLQnzxwzOc.8Le725yWCy-1hJEC45Xjsl7pl0_YW0uFr4WXFiAOtSf9eNG7Pi7Mt_8U5RPlas8JcankASxYLeC-Ww&mlSearchSessionGuid=a3cd6718a5962abc2f653259f6a8f554;Санкт-Петербург;sale;flat;5;5;1;40.19;18583856;Курортный; Инструментальщиков;18;Комендантский проспект;BEREG.Курортный
Владислав Рудаков;realtor;https://spb.cian.ru/sale/flat/334588296/?context=4.LfpqvtVfbx8.IdERSM4vdaip-uXHBHAVybMluu5XuDmQpxoomcgHyu71bMA4mEAp-xztjbzyRxEKRvwuxWBBhuH2SA&mlSearchSessionGuid=a3cd6718a5962abc2f653259f6a8f554;Санкт-Петербург;sale;flat;7;11;3;162.0;68900000;Петроградский; Большая Зеленина;8к2;Чкаловская;
BEYOND. ex-Engel Volkers;real_estate_agent;https://spb.cian.ru/sale/flat/331681940/?context=4.2NLsjK6rVC4.8UCLgkHirrz986FZSk8VyVVkKWF8cq1YfyZZ9ctIl66KFQa5wTbfuQ4znXZSQu_6am9LJZArshH94Q&mlSearchSessionGuid=a3cd6718a5962abc2f653259f6a8f554;Санкт-Петербург;sale;flat;5;9;1;28.8;14664102;Петроградский;Петровский проспект;9к2;Крестовский остров;NEVA HAUS
РК-Газсетьсервис;developer;https://spb.cian.ru/sale/flat/294928433/?context=4.PY25SyjWXJ0.r_1OdAqt0wQ9QuKmsy4ZhGt6W_SajAFpVv9KLOysjZpUwUyVNBbMwqUxFce32SSaahyefKSMQ_OZVw&mlSearchSessionGuid=a3cd6718a5962abc2f653259f6a8f554;Санкт-Петербург;sale;flat;6;12;1;25.66;9057980;Приморский;Камышовая ;25;Комендантский проспект;YE'S Primorsky Комплекс Апартаментов
BEYOND. ex-Engel Volkers;real_estate_agent;https://spb.cian.ru/sale/flat/333008110/?context=4.tV8MuaDEiPs.D9l_UQE6LVISziYEHOJUzICkGRhUfmduKe2QJKFoBMaXbvYOC6KXf2PpJyewt85B2c8d07_iqm8pvg&mlSearchSessionGuid=a3cd6718a5962abc2f653259f6a8f554;Санкт-Петербург;sale;flat;8;12;3;68.4;31000000;Приморский;Белоостровская ;10к1;Лесная;ЦДС Черная речка
BEYOND. ex-Engel Volkers;real_estate_agent;https://spb.cian.ru/sale/flat/332066222/?context=4.e7_siQJLvdY.NihzZn-Xtykim2xSrHUK5n-hTKXngCwUzi0SDyp5wVIWp69_ITs3VHT9dtoqxuWpxETaKZuG4_39zQ&mlSearchSessionGuid=a3cd6718a5962abc2f653259f6a8f554;Санкт-Петербург;sale;flat;1;9;1;23.9;11277693;Петроградский;Петровский проспект;9к2;Крестовский остров;NEVA HAUS
ИП Богачков;real_estate_agent;https://spb.cian.ru/sale/flat/332217083/?context=4.2f8WgIarCiY.1k8eLvG_VwBdroktu0PcwXr5YY08AOFTOqyfZ0xytRs2Yh2BBuXINg3qkAc1EgTCzShk3OtCJwwy3A&mlSearchSessionGuid=a3cd6718a5962abc2f653259f6a8f554;Санкт-Петербург;sale;flat;5;6;5;148.59;69734500;Петроградский; Профессора Попова;;Петроградская;ID Petrogradskaya
BEYOND. ex-Engel Volkers;real_estate_agent;https://spb.cian.ru/sale/flat/332580584/?context=4.S-drLoAqcso.yFOM9a6BaJKautHLTf3x1YUTdshklEkUoXOzRG64jChC09_lVWlIWeRPVodvVrxYr_muBXwbWNIKFA&mlSearchSessionGuid=a3cd6718a5962abc2f653259f6a8f554;Санкт-Петербург;sale;flat;3;10;4;180.0;155000000;Петроградский;Ждановская ;45;Чкаловская;Леонтьевский мыс
BARNES International Realty;real_estate_agent;https://spb.cian.ru/sale/flat/332246194/?context=4.rh6SNx_qynw.eIr40BfWDtDZqMXTgb_T93viN2mBxJt1NPxD-sevt59Bcsnv9uWcBAFky5BvO4tw6dVk2C9oS83U_A&mlSearchSessionGuid=a3cd6718a5962abc2f653259f6a8f554;Санкт-Петербург;sale;flat;6;6;5;167.7;49000000;Петроградский;Большая Пушкарская ;37;Петроградская;
Строительный холдинг Сенатор;developer;https://spb.cian.ru/sale/flat/333131992/?context=4.Pf0EhHfriBo.-DH5jGPpeB1KvHv9RwwNwb13M7xWa5T8Q_yxej-DPwRNXo6x5oELNijYvgb-6zLU4qhkBH7WRg1rcg&mlSearchSessionGuid=a3cd6718a5962abc2f653259f6a8f554;Санкт-Петербург;sale;flat;12;13;2;279.8;160000000;Курортный;Приморское шоссе;570Л;;МФК Морская ривьера
BARNES International Realty;real_estate_agent;https://spb.cian.ru/sale/flat/319766101/?context=4.Jmny0qIzsoU.iUYMhwy_aqP81fUez_1jBUbmwIZ_Zy17GaEY0nVtwAkFNXkIJBNHWMDAQ3mWinQXZ7wlpjSorwiw5w&mlSearchSessionGuid=a3cd6718a5962abc2f653259f6a8f554;Санкт-Петербург;sale;flat;6;7;5;285.4;67000000;Петроградский;Константиновский проспект;1/24;Крестовский остров;
Юлия Куракина;realtor;https://spb.cian.ru/sale/flat/334605857/?context=4.onNwhRH1NGA.OHWnVH9jTzn8j8lvv1tVYfiTpVJj8LjtXC6hzgpcCi1oEecwnl0Ji2z8BC2RkEiY3XL4p248Mi4SWQ&mlSearchSessionGuid=a3cd6718a5962abc2f653259f6a8f554;Санкт-Петербург;sale;flat;5;5;2;68.7;16900000;Выборгский; Кустодиева;17;Проспект Просвещения;
Л1 строительная компания №1;developer;https://spb.cian.ru/sale/flat/330637163/?context=4.uzw3EoT-axk.ASzg6bGs_aOKcKqqc-QYJeERK5pkS_Jw2Gv44kUw6r0ywwN1mzSgOx0_uZ5p9R92ctwkaJrlWhpKIw&mlSearchSessionGuid=a3cd6718a5962abc2f653259f6a8f554;Санкт-Петербург;sale;flat;19;25;1;58.3;14802559;Выборгский; Руднева;18;Проспект Просвещения;Шекспир
Достойные Дома;real_estate_agent;https://spb.cian.ru/sale/flat/334034888/?context=4.wAXuJwdzOoc.2ciqV_ctsQdHavGtPfUyL7GmJFvbRriuqMfZ5gp4PqYQwP6lmy0LMTANA7HPD9YpaLhajA93Z__7rQ&mlSearchSessionGuid=a3cd6718a5962abc2f653259f6a8f554;Санкт-Петербург;sale;flat;10;24;1;50.7;15200000;Приморский;Лыжный переулок;8к1;Беговая;Медный всадник
Экотон;real_estate_agent;https://spb.cian.ru/sale/flat/327469202/?context=4.ZUKPOl6Oha4.kgjmWYqLhK_6aqkarEdGgjr3Zmjukvs6p_Cx9iMREPIX06l01N_hzaLzAXewnA1V5eDoHSEm6Kq9HA&mlSearchSessionGuid=a3cd6718a5962abc2f653259f6a8f554;Санкт-Петербург;sale;flat;3;4;2;55.0;16500000;Центральный;Ковенский переулок;26;Площадь Восстания;
ELEMENT;developer;https://spb.cian.ru/sale/flat/327097090/?context=4.yFJswEVBodM.4aXpFx5jC6cnBUvzUDRK-Qxg47b0QUp4BDboe0W0us4pmvVqXK63R3keDg0i83pJA_-kdCYPpi0h9A&mlSearchSessionGuid=a3cd6718a5962abc2f653259f6a8f554;Санкт-Петербург;sale;flat;3;5;3;67.66;27063986;Курортный; Инструментальщиков;18;Комендантский проспект;BEREG.Курортный
БЕНУА;real_estate_agent;https://spb.cian.ru/sale/flat/333584465/?context=4.ZzULqSWHAbs.YZEaia_LUIaIjkKb_Wia7rpateetvtuWUstgI7niEdwrPCT4hV-maGkxNMF7gwXiI5b9zAmh4tQjKQ&mlSearchSessionGuid=a3cd6718a5962abc2f653259f6a8f554;Санкт-Петербург;sale;flat;5;11;1;45.2;19500000;Василеостровский;проспект Малый Васильевского острова;52;Василеостровская;Fjord
ПРОМСТРОЙКОМПЛЕКТ;developer;https://spb.cian.ru/sale/flat/323946386/?context=4.x0zGJSOvmX8.bJ6b1SSjAwBcR2f3yHb8sS64gDW8-AtRJBJIRRq-kkJBfkrALeIN14Y9BU4liGsAEyX0wuKVUgndyQ&mlSearchSessionGuid=a3cd6718a5962abc2f653259f6a8f554;Санкт-Петербург;sale;flat;6;6;3;465.68;1071064000;Петроградский; Эсперова;8;Крестовский остров;АСТРУМ
Алькор;developer;https://spb.cian.ru/sale/flat/315649997/?context=4.k7ERHhxLB1k.n6O5ChddG84FXA_n4BKavQhxfZ7RTg90Y2Pd-1BQwnuEZwma2hCX461jUPpc5Rr7rLR4MqBAXG-ccw&mlSearchSessionGuid=a3cd6718a5962abc2f653259f6a8f554;Санкт-Петербург;sale;flat;2;4;3;74.37;19199359;Кронштадтский;дорога Цитадельская;;;Кронфорт.Центральный
BEYOND. ex-Engel Volkers;real_estate_agent;https://spb.cian.ru/sale/flat/323493413/?context=4.tJ-Nw_42ajA.TDvIfIyB9Vyt1sOUiSHy8Ql1edtuacZdoUhC5SkSFr8i-oaRxkDp0HIUM_r9E_49RNruO5n8bblwqQ&mlSearchSessionGuid=a3cd6718a5962abc2f653259f6a8f554;Санкт-Петербург;sale;flat;3;9;3;248.2;300000000;Центральный;набережная Реки Фонтанки;76к2;Звенигородская;Фонтанка 76
Ставръ-недвижимость;real_estate_agent;https://spb.cian.ru/sale/flat/333343678/?context=4.Tx1AFRJ_4Zw.BF0SyL1dU_ARx7SUkjmLyO1zLSvz1bF-jBt1yMIUtPFdf3Up4O3ikznSp9uJqA6sDfUPyQQ1-Fl5Pw&mlSearchSessionGuid=a3cd6718a5962abc2f653259f6a8f554;Санкт-Петербург;sale;flat;9;9;2;50.6;9950000;Невский;проспект Большевиков;13К2;Улица Дыбенко;
AAG;developer;https://spb.cian.ru/sale/flat/333502593/?context=4.AAPxm1vs_io.JO9b_XYIWnglAFw8Sq1WF3jnqrwiWEJKZsSZwYEECwleTAKVwQiM8Ly419l0mZU6JZQ239RfvrYiWQ&mlSearchSessionGuid=a3cd6718a5962abc2f653259f6a8f554;Санкт-Петербург;sale;flat;3;5;1;38.61;26674273;Петроградский;Пионерская ;53;Чкаловская;Avant
ID 24050051;real_estate_agent;https://spb.cian.ru/sale/flat/332489445/?context=4.Caxk23khteI.EQu0k9VtLZutKSaFuCdW-uXWj7CMRMq1-0XqEYHZQYfPWAeSa-sZhEyWo1lNTZZ5WxAmC10t3BeFPw&mlSearchSessionGuid=a3cd6718a5962abc2f653259f6a8f554;Санкт-Петербург;sale;flat;24;25;2;57.3;16500000;Видовая двушка в Московском е2-комн. квартира;24/25 этаж;;;
ID 58387287;real_estate_agent;https://spb.cian.ru/sale/flat/334561323/?context=4.wpcoS5fWJZM.Vthcz9oXyZtp04fXuQ1NF0Rj_wuJz1FoH_eucTDVuFumz-xMjQqHF_4Fs__q0GmvRA3c4dVNPX-G-w&mlSearchSessionGuid=a3cd6718a5962abc2f653259f6a8f554;Санкт-Петербург;sale;flat;7;9;3;65.0;13999000;Калининский;Тимуровская ;22К1;Гражданский проспект;
Алькор;developer;https://spb.cian.ru/sale/flat/314345233/?context=4.6US8G5PvPD8.gYCTD4iCMOc-K_83G5hQnCJP3x5n1kH8OZ7k_-RWBtDWQHdnaTkiHMFo37OQyCcerHlmljLDa8aQ1A&mlSearchSessionGuid=a3cd6718a5962abc2f653259f6a8f554;Санкт-Петербург;sale;flat;2;4;1;39.31;10233179;Кронштадтский;дорога Цитадельская;;;Кронфорт.Центральный
Гранит Инвест;real_estate_agent;https://spb.cian.ru/sale/flat/334285149/?context=4.YZkh8aBX0q4.ekLxKoWo8rnJuyep-XwMoRNlolcHGS12vHwXFWBfXtahf4cbxgKYeQZw2E8tlCWkiuHyW9lU5-KAwg&mlSearchSessionGuid=a3cd6718a5962abc2f653259f6a8f554;Санкт-Петербург;sale;flat;7;9;2;48.4;13990000;Невский; Бабушкина;111;Пролетарская;
Юлия Куракина;realtor;https://spb.cian.ru/sale/flat/332359524/?context=4.VTMntGqNiuc.38Yg_KKtAzDqTlDib8Y1G3VxpIcZMCFU3UMPBWfkKppUaSsB91ajV-iokTi9KUNvg1fYI_b7PxiO3Q&mlSearchSessionGuid=a3cd6718a5962abc2f653259f6a8f554;Санкт-Петербург;sale;flat;5;9;2;44.1;10500000;Фрунзенский;Пловдивская ;2;Купчино;
AAG;developer;https://spb.cian.ru/sale/flat/329186632/?context=4.Ny_2LqF4hOc.wU4ym84CxC7iY9Jms9ETMaxByK5xjTtGPqR3XfueHtJkEFC1HCJt_e-M0tHz5_5F6U3yunrkX5p1YQ&mlSearchSessionGuid=a3cd6718a5962abc2f653259f6a8f554;Санкт-Петербург;sale;flat;2;11;3;91.68;56966382;Красногвардейский;Магнитогорская ;11с1;Новочеркасская;Альпен
Балтийская Коммерция;real_estate_agent;https://spb.cian.ru/sale/flat/318116064/?context=4.1a2CUXLGSpY.zGEVODRTqMXsmRVQgkdvw9PvNL-glmrdDIg8LA6UL6-KPjJMcrGgFO_s3gWtr5bPIFP4ssXC9Mxr4w&mlSearchSessionGuid=a3cd6718a5962abc2f653259f6a8f554;Санкт-Петербург;sale;flat;2;9;2;86.3;36677500;Петроградский; Чапаева;17к2;Петроградская;Мануфактура
Гарант-Сервис;real_estate_agent;https://spb.cian.ru/sale/flat/334509897/?context=4.YIOG-VHkjcs.isA-XzN0YcXlwHA_1lxFu9Qblwbx6hzD8P_zPLsYjMuawvRGICUVqSyVBT8YcRgf6Gg2rHsNQvw-EA&mlSearchSessionGuid=a3cd6718a5962abc2f653259f6a8f554;Санкт-Петербург;sale;flat;1;5;3;41.5;5550000;Колпинский;Пролетарская ;83;Шушары;
Балтийская коммерция;developer;https://spb.cian.ru/sale/flat/326074422/?context=4.pQfh8rJlv5M.Hoc9hoZV8NqypqRyD2Tr-bzxjhRF1WXyMJYzWSaWHskQ9MH2s9gPIC2Hq0gdtyYEiIMm8OkhO-8hKA&mlSearchSessionGuid=a3cd6718a5962abc2f653259f6a8f554;Санкт-Петербург;sale;flat;4;10;1;37.95;24857250;Центральный;Новгородская ;14;Площадь Александра Невского;Гильдия
Вам к нам;real_estate_agent;https://spb.cian.ru/sale/flat/333931816/?context=4.qk6CTn5CcyU.-vxKX2WAe5ASCiymDgdudKWV_ViTkv0C4bzlmwEh2InrK_5Vf6Jw3CJ5vRX33TwthKJ7WmSsjaWaBA&mlSearchSessionGuid=a3cd6718a5962abc2f653259f6a8f554;Санкт-Петербург;sale;flat;2;7;3;64.2;15500000;Адмиралтейский;Старо-Петергофский проспект;28;Нарвская;Клубный дом Адмирал
Азбука Дома;real_estate_agent;https://spb.cian.ru/sale/flat/332212392/?context=4.RE3liEAEw4g.qP2S4c9V26gQ2rSO7s19I9IduAgpRpGlZlMeCPCDpM95nIGLh3YikvtPfhn1SNKfneLDgxwhv54DvQ&mlSearchSessionGuid=a3cd6718a5962abc2f653259f6a8f554;Санкт-Петербург;sale;flat;2;10;2;54.0;10500000;Красносельский; Котина;8К1;Юго-Западная;
ФСК;developer;https://spb.cian.ru/sale/flat/315713840/?context=4.5RVrC6qjcAs.cTJhiOsusS0Nu9ysjdcj5_E3zJualnubsUk7sJBq177H5x1nysFfUUmPyF4kfDZgSXbQf5hwdwuqLA&mlSearchSessionGuid=a3cd6718a5962abc2f653259f6a8f554;Санкт-Петербург;sale;flat;4;17;4;108.9;18674879;Невский; Архивная;3к1;Улица Дыбенко;Апарт-комплекс Зум на Неве
ID 24050051;real_estate_agent;https://spb.cian.ru/sale/flat/332532495/?context=4.uPXOV2G8ouw.cDuxZF0hfgHH1xrbDd_dpqLgBWcwj17pNBpVNoQohwF5KDPk-71aG3CEmTiyHmJJc__vx0tMouspPg&mlSearchSessionGuid=a3cd6718a5962abc2f653259f6a8f554;Санкт-Петербург;sale;flat;9;12;2;51.6;10600000;Красногвардейский;Индустриальный проспект;13;Проспект Большевиков;
ПАН Партнер;real_estate_agent;https://spb.cian.ru/sale/flat/334367504/?context=4.B2WMUcBriII.kBOEOW3EzLxl2vb3Thk0-Gz5HQM9hJcfVvj1OpaSrgZeu3m6nfgTObdC_F__sL-CQlfUVufBzHFTBg&mlSearchSessionGuid=a3cd6718a5962abc2f653259f6a8f554;Санкт-Петербург;sale;flat;5;16;3;63.3;14500000;Кировский;проспект Маршала Жукова;70К1;Юго-Западная;
ELEMENT;developer;https://spb.cian.ru/sale/flat/327096260/?context=4.YW_7TyQc4yY.5hVz2L79boUGyamL0MJ8zC8D0GWF4xVd1BQmNTN1_9SiDrE_ULFQYXI0dGej7M2lJ5gKiFspU5esBA&mlSearchSessionGuid=a3cd6718a5962abc2f653259f6a8f554;Санкт-Петербург;sale;flat;5;8;3;143.65;170699295;Петроградский;Ремесленная ;17литЗ;Спортивная;17/33 Петровский остров
BARNES International Realty;real_estate_agent;https://spb.cian.ru/sale/flat/329368518/?context=4.PbmZFtdIGE4.Yc_f9VaRgF9J_1BurSa3RPNj6LtpUszNt5jSeiMsR9JaXpiE93pqR4_2JdhF0yitstOcTlT0MRARTA&mlSearchSessionGuid=a3cd6718a5962abc2f653259f6a8f554;Санкт-Петербург;sale;flat;4;5;4;111.0;37900000;Центральный;переулок Басков;25;Чернышевская;
Ю-Питер;real_estate_agent;https://spb.cian.ru/sale/flat/330415540/?context=4.J2-N3TzZiwk.lnfypLXGu8m_aPNF7HQ9L3XeH3l3GoHTpDvZn8IvbqNGT7hbY48ZMzzFA_mcMwdM--DpZQhObSZlPw&mlSearchSessionGuid=a3cd6718a5962abc2f653259f6a8f554;Санкт-Петербург;sale;flat;1;5;3;63.0;16000000;Выборгский;Институтский проспект;3К1;Площадь Мужества;
LAR Development;developer;https://spb.cian.ru/sale/flat/328459035/?context=4.j64GqeRS8tk.tK3eATM4budApX-Mko5A893NMxyu4PDUwSP_kvcffI14PXcnYvPCt-c958_VmEd2CbQAY6U0FUYqRg&mlSearchSessionGuid=a3cd6718a5962abc2f653259f6a8f554;Санкт-Петербург;sale;flat;3;4;3;90.61;36697050;Курортный;Кривоносовская ;57;;Ранта Резиденс
МетрУМ;real_estate_agent;https://spb.cian.ru/sale/flat/334075633/?context=4.KYnYn-LCYts.fYqu2StRmUCPWB6ioRdvOdB-yCp_OSF8Coq32_ACpg2fuO3WitJKxkGEzfDimdMwMZwSuUnUUJqh2g&mlSearchSessionGuid=a3cd6718a5962abc2f653259f6a8f554;Санкт-Петербург;sale;flat;5;9;5;142.0;79999000;Петроградский;проезд Петровская коса;6к1;Крестовский остров;Петровская Доминанта
Экотон;real_estate_agent;https://spb.cian.ru/sale/flat/329442912/?context=4.VXLgnkjJ570.KeVE_HgPR_xFyusgThYlkBtmOffg5l2t99byrKhZbYdP3AOzzVZgxi5oFImBpIcG-W9h6rMML21blw&mlSearchSessionGuid=a3cd6718a5962abc2f653259f6a8f554;Санкт-Петербург;sale;flat;1;9;3;51.5;8300000;Кировский; Стойкости;10;Проспект Ветеранов;
AAG;developer;https://spb.cian.ru/sale/flat/325789051/?context=4.UddHNqm8jro.fs1cF78zaicAciDVn939YmAEEcmZecgUsW89euK8UxLIAppRnpM1Uo_3Zl9CcnsSXFSUAnZInErGmA&mlSearchSessionGuid=a3cd6718a5962abc2f653259f6a8f554;Санкт-Петербург;sale;flat;9;11;1;35.68;22314415;Красногвардейский;Магнитогорская ;11с1;Новочеркасская;Альпен
Владислав Рудаков;realtor;https://spb.cian.ru/sale/flat/334588296/?context=4.qsC94jXdLRc.CxczTAQ1oO1HEpVGXMMF-WNMsQpQA8DWuSjh_lW43T17Ky1ryAQBmZ1QPcKhlT94mNnRyrdEJzIiig&mlSearchSessionGuid=a3cd6718a5962abc2f653259f6a8f554;Санкт-Петербург;sale;flat;7;11;3;162.0;68900000;Петроградский; Большая Зеленина;8к2;Чкаловская;
АРИН;real_estate_agent;https://spb.cian.ru/sale/flat/333948250/?context=4.03SqiZ29OhM.3pJWOIuGKnuwouJz6Ykw-sJPNw04Cv7lKevGJkFxqmoLZAxntcMX8Yq3si51tP6TJmpt-L0yZ-jaBA&mlSearchSessionGuid=a3cd6718a5962abc2f653259f6a8f554;Санкт-Петербург;sale;flat;5;5;2;45.5;7460000;Невский;проспект Большевиков;67К3;Ломоносовская;
ФСК;developer;https://spb.cian.ru/sale/flat/334072316/?context=4.JqLywOLkcRs.ZKE5gANE5bhv1K-vkEPA3RsAD876I7y_96SFP5bf5yaOvWeLFkLc51TXb3k5Y8ceciEtrbhRHS0dcw&mlSearchSessionGuid=a3cd6718a5962abc2f653259f6a8f554;Санкт-Петербург;sale;flat;2;17;3;74.3;14546052;Невский; Архивная;3к1;Улица Дыбенко;Апарт-комплекс Зум на Неве
BEYOND. ex-Engel Volkers;real_estate_agent;https://spb.cian.ru/sale/flat/333008110/?context=4.0HVDwB6Yrx4.EAjPljy2XVvHxn7njHpFD2ENH6tR2rHygTwid40zjR1sWiL3WpQ3lryQkwM6tU0iOkVeTMOAQ2rHHw&mlSearchSessionGuid=a3cd6718a5962abc2f653259f6a8f554;Санкт-Петербург;sale;flat;8;12;3;68.4;31000000;Приморский;Белоостровская ;10к1;Лесная;ЦДС Черная речка
Мир Квартир Элит;real_estate_agent;https://spb.cian.ru/sale/flat/333419399/?context=4.-OwTZoqxKKE.tA_mlHLksIfRrixlwGls9SL493kE0aKtkwVoSNHHjOvVabYtouGNZtCGdemmHVOiTpi0PRAd6r5Uww&mlSearchSessionGuid=a3cd6718a5962abc2f653259f6a8f554;Санкт-Петербург;sale;flat;2;6;5;258.0;99000000;Петроградский;Каменноостровский проспект;73-75;Петроградская;
ГК ФСК;developer;https://spb.cian.ru/sale/flat/334523174/?context=4.jaZhL6m0hsk.yvjOEudtL3QdZK1VNXo_QtEZxbbYir5KqgrAE4oiR1wBk7xmCWXFCxCTs7mTkYyepSRTl3zNcd04Gw&mlSearchSessionGuid=a3cd6718a5962abc2f653259f6a8f554;Санкт-Петербург;sale;flat;4;11;1;37.86;17163073;Выборгский;2-й Муринский проспект;49;Площадь Мужества;Фабула
BEYOND. ex-Engel Volkers;real_estate_agent;https://spb.cian.ru/sale/flat/332580584/?context=4.uRpdaZvswEk.-FjplJe0hlM2z04RurAmAE98ipkB6Zg-5nIUPHlpbXl0rcRMYNp8JcAwjCtF_s7FRuuZAAWlAUyYLw&mlSearchSessionGuid=a3cd6718a5962abc2f653259f6a8f554;Санкт-Петербург;sale;flat;3;10;4;180.0;155000000;Петроградский;Ждановская ;45;Чкаловская;Леонтьевский мыс
ВАРИАНТ;real_estate_agent;https://spb.cian.ru/sale/flat/326715977/?context=4.UXml02AtLrg.qgUKWqNVyknl0Z7eHoYvOnxt84GeKRGlsLCFsQmcKaNKQTqXmssEH_lfOq8aywmQxVrKiiuYrvUEdw&mlSearchSessionGuid=a3cd6718a5962abc2f653259f6a8f554;Санкт-Петербург;sale;flat;9;9;3;59.5;7990000;Колпинский;Павловская ;54к2;Шушары;
AAG;developer;https://spb.cian.ru/sale/flat/323514000/?context=4.eK4S9KS7fcM.HrbBye7NxMtgvpeeQ6BJSIIyc-1_RILdXvVah5GvKrCtuCGjLyjdl_pCyw8cA5_5rrmXt59dgq1KHw&mlSearchSessionGuid=a3cd6718a5962abc2f653259f6a8f554;Санкт-Петербург;sale;flat;7;11;2;52.72;27464443;Красногвардейский;Магнитогорская ;11с1;Новочеркасская;Альпен
BEYOND. ex-Engel Volkers;real_estate_agent;https://spb.cian.ru/sale/flat/331681940/?context=4.4HL86kZp88U.mzw1czdmgkMKbuLkVJv1GStr_MVBrlyd8O4A10VVIPirbVjVVbqBrAFh38hQZzW0B--JVgQOAhE5EQ&mlSearchSessionGuid=a3cd6718a5962abc2f653259f6a8f554;Санкт-Петербург;sale;flat;5;9;1;28.8;14664102;Петроградский;Петровский проспект;9к2;Крестовский остров;NEVA HAUS
Анатолий Шопенко;realtor;https://spb.cian.ru/sale/flat/333107417/?context=4.J3lE2TNz7Go.J9rGPHRpZ8Do0lLQ8fpmWNxVUEME4cUGKYgoVF9WIuF7jWjNNru_nb-ql5DvOSeMGAYGc_KB0IGozw&mlSearchSessionGuid=a3cd6718a5962abc2f653259f6a8f554;Санкт-Петербург;sale;flat;1;6;4;101.0;14890000;Василеостровский;17-я Васильевского острова линия;38;Василеостровская;
Fizika Development;developer;https://spb.cian.ru/sale/flat/334447864/?context=4.HWQ3xemsTMQ.KZkv8GxGO8tf14mdwSLi0gHGJoz3VCvrUkMeq3BQYIn-okRI5qcT0XXakmWW16oX1hJg46lWuAjSOA&mlSearchSessionGuid=a3cd6718a5962abc2f653259f6a8f554;Санкт-Петербург;sale;flat;8;10;1;40.43;22578133;Адмиралтейский;Перевозная ;;Нарвская;Остров первых
BEYOND. ex-Engel Volkers;real_estate_agent;https://spb.cian.ru/sale/flat/332066222/?context=4.M4lo1Z-iiHE.Sv4G_5lkSvXhi8K0WG9vL0BaVORGgpIzgk3j2vP8lUBM9TWUc9BmFGjtFOZsjg9QeWggEg2UPOL5wQ&mlSearchSessionGuid=a3cd6718a5962abc2f653259f6a8f554;Санкт-Петербург;sale;flat;1;9;1;23.9;11277693;Петроградский;Петровский проспект;9к2;Крестовский остров;NEVA HAUS
Юлия Куракина;realtor;https://spb.cian.ru/sale/flat/332383746/?context=4.Iw--fAXRpyU.SK_z1PYx3fi9rJ7MRYGPuBqPIMvLoCKJdVgB41H3LZn2tFdE3j7kYs_8MXxvZqYz5_TA4j_VMiQBQg&mlSearchSessionGuid=a3cd6718a5962abc2f653259f6a8f554;Санкт-Петербург;sale;flat;4;4;3;68.5;12200000;Пушкинский; Глинки;8;Купчино;
Брусника;developer;https://spb.cian.ru/sale/flat/324679567/?context=4.FpblQSsvuBY.7S-QFwou5BP6Ci7MONzl2ip23-G5C9dyU8aNPYSZ4ygUG9VxsCoRRYHbSgJDZICCP7Om31tT1mWAmw&mlSearchSessionGuid=a3cd6718a5962abc2f653259f6a8f554;Санкт-Петербург;sale;flat;7;7;4;172.33;61290000;Василеостровский;Морской;;Приморская;Северный Ветер ЖК
BEYOND. ex-Engel Volkers;real_estate_agent;https://spb.cian.ru/sale/flat/332066233/?context=4.5uWkX5OAt8A.8WcCuzb-FcYq88W6Coz5x8vCEjIj26TgQE12PM_qDXuxfKp-tD5dNxiNajJCNxKrQAAi6sEzcgHNsw&mlSearchSessionGuid=a3cd6718a5962abc2f653259f6a8f554;Санкт-Петербург;sale;flat;1;9;1;24.4;11513628;Петроградский;Петровский проспект;9к2;Крестовский остров;NEVA HAUS
Ойстерс;real_estate_agent;https://spb.cian.ru/sale/flat/320726423/?context=4.uQbLkQ0vd_A.BEh-IQEMqWtox_vtUdX59_WLGVFyU-mUjIteiHOt1Br7GbAVaaW0LQFKdR_u3gwX7EBXtKQ5Kw3EDg&mlSearchSessionGuid=a3cd6718a5962abc2f653259f6a8f554;Санкт-Петербург;sale;flat;5;5;5;136.5;50000000;Центральный;Конная ;20/6;Площадь Александра Невского;
Унистрой;developer;https://spb.cian.ru/sale/flat/327967266/?context=4.gXuHDsredR0.ho0S1hqZ4zPo_OWkoAuS_-LxyU61cYQNOSHqSwM5EC12eIWnMpSiUkNdbR2dPWGOw8ZMxysQQdPtBQ&mlSearchSessionGuid=a3cd6718a5962abc2f653259f6a8f554;Санкт-Петербург;sale;flat;2;5;2;53.79;17650000;Курортный;;;Зенит;Лисино
BEYOND. ex-Engel Volkers;real_estate_agent;https://spb.cian.ru/sale/flat/332066223/?context=4.ZEGjMK8kVew.a0s95gpwlgxSf6uQzLJyUaW6iJ_elgsR67fzJS5E1dpUI_QDgXkT6y9kJmmSKDyUzuEhmzBiWmd7dg&mlSearchSessionGuid=a3cd6718a5962abc2f653259f6a8f554;Санкт-Петербург;sale;flat;1;9;1;23.6;11136132;Петроградский;Петровский проспект;9к2;Крестовский остров;NEVA HAUS
BARNES International Realty;real_estate_agent;https://spb.cian.ru/sale/flat/333026414/?context=4.6rarJdMSkAY.0UwZZN5JLnbbHA0_HiHYQA91Giv-xYqrMgyO4gSdwVG2QiHEbojOh8GMXE7NKuL1UGtxhZ3EzSjlZw&mlSearchSessionGuid=a3cd6718a5962abc2f653259f6a8f554;Санкт-Петербург;sale;flat;1;9;3;62.6;10990000;Фрунзенский;Дунайский проспект;35К1;Дунайская;
Level Group;developer;https://spb.cian.ru/sale/flat/334012242/?context=4.hId25OPECYA.m8geInU0fweZOeeudBNuUYQOdZhbhuGO7UDnJWTlP7k68lZ6SfrLZkBltJGRhItCpqftvn9eeRF8aw&mlSearchSessionGuid=a3cd6718a5962abc2f653259f6a8f554;Санкт-Петербург;sale;flat;9;9;2;61.1;19361573;Калининский;Пискарёвка;;Выборгская;Левел Мечникова
BEYOND. ex-Engel Volkers;real_estate_agent;https://spb.cian.ru/sale/flat/332066217/?context=4.KG9VYwbu5K4.6uuCys5pcoiuEyOHR4fO6PUAdAWO79GZom5xXdFYQ1TkC59jebfcljVuj9n4qM4iAMHu-Anf9DjiVg&mlSearchSessionGuid=a3cd6718a5962abc2f653259f6a8f554;Санкт-Петербург;sale;flat;8;9;2;78.2;35292438;Петроградский;Петровский проспект;9к2;Крестовский остров;NEVA HAUS
Торговый Дом Недвижимости;real_estate_agent;https://spb.cian.ru/sale/flat/332861568/?context=4.RkEqXZ9tyJ8.n05B9BxnG8aV1wxWmg71B_zApfMglxaa_fSvg5BiNG-JptrRlR3va4YzJLu0aZkbiKxlmMX-hps8nw&mlSearchSessionGuid=a3cd6718a5962abc2f653259f6a8f554;Санкт-Петербург;sale;flat;4;5;2;44.3;9490000;Калининский; Руставели;10;Академическая;
ФСК;developer;https://spb.cian.ru/sale/flat/305677071/?context=4.VAQzCZkEfH0._h6ipa9nPXJIlKclj2srFaWP2HOBWgzjDtEvGjMGlHQKI9LPjXdARFe8d2aeDeI8BGSABXjFVeN4FA&mlSearchSessionGuid=a3cd6718a5962abc2f653259f6a8f554;Санкт-Петербург;sale;flat;3;10;4;94.34;52953183;Центральный;Смольнинское;;Площадь Александра Невского;Новгородская 8 ЖК
BEYOND. ex-Engel Volkers;real_estate_agent;https://spb.cian.ru/sale/flat/332066231/?context=4.4C66N_l4KTE.WpvZ5GRJ-xAMVLnnVXQbuQ0JB4uh3sXglw16C88WA32wpQa05yLGOqpeVOc_Z7Z1jA_-_QZ1KJ4noA&mlSearchSessionGuid=a3cd6718a5962abc2f653259f6a8f554;Санкт-Петербург;sale;flat;1;9;1;23.7;11183319;Петроградский;Петровский проспект;9к2;Крестовский остров;NEVA HAUS
Самолет Плюс;real_estate_agent;https://spb.cian.ru/sale/flat/333022645/?context=4.-fGBFAW7zNw.anH0x3e6L6AQP_QnuZpyLyqmwgqX8Bw9y8FUlZ4N-8Ghpvr_vhM60WgF_Awyuq3fflfjcCQdNA5Spw&mlSearchSessionGuid=a3cd6718a5962abc2f653259f6a8f554;Санкт-Петербург;sale;flat;4;4;3;64.1;15350000;Калининский;проспект Науки;44;Академическая;
Строительный холдинг Сенатор;developer;https://spb.cian.ru/sale/flat/309823834/?context=4.a38lJcmcpBg.rFNfWFuryuuRJMlyd6_SLacoVLwvkXsEPP_hjfX5BdELQ2McWPdY0mjLNkITHJTze1KNwoK788E1tg&mlSearchSessionGuid=a3cd6718a5962abc2f653259f6a8f554;Санкт-Петербург;sale;flat;4;12;1;47.7;26145438;Курортный;Приморское шоссе;570Л;;МФК Морская ривьера
BEYOND. ex-Engel Volkers;real_estate_agent;https://spb.cian.ru/sale/flat/332066228/?context=4.5g9RAdprYIA.ZXGlmxtYERFyc-bRAp8vVbmwx29FU2ZLa1ANHbc6K7mIZbPoO7JEBQxbZyMyIgSg7CNSF4TNcyM7HQ&mlSearchSessionGuid=a3cd6718a5962abc2f653259f6a8f554;Санкт-Петербург;sale;flat;1;9;1;23.9;11277693;Петроградский;Петровский проспект;9к2;Крестовский остров;NEVA HAUS
Гарант-Сервис;real_estate_agent;https://spb.cian.ru/sale/flat/334159058/?context=4.ULIPD4oxisA.r9e0K0sXvAbeecJkMRuRz413-vAbCLsjqpttvn4v82EujyetVSyja3910aHCEQp21Bo3bEmDhW4W6Q&mlSearchSessionGuid=a3cd6718a5962abc2f653259f6a8f554;Санкт-Петербург;sale;flat;5;5;2;44.2;5270000;Колпинский;Южная ;33;Рыбацкое;
ELEMENT;developer;https://spb.cian.ru/sale/flat/327096141/?context=4.vIRUoqqAt-I.4xe3Uw1WITIdXlD0nKsPcyKa9avJhRxIS_EDyPFg14V_TKrTbQz_2ULb6Qn_8XECZ9PBmeLSXkSdPA&mlSearchSessionGuid=a3cd6718a5962abc2f653259f6a8f554;Санкт-Петербург;sale;flat;5;8;1;28.45;22247900;Петроградский;Ремесленная ;17литЗ;Спортивная;17/33 Петровский остров
BEYOND. ex-Engel Volkers;real_estate_agent;https://spb.cian.ru/sale/flat/326886695/?context=4.qPC94LugdWg.oH88ZLuZBZYknbTNLVC4XreINfDSOcM-lS-rNK0siGcvvXXSlGzwDNE2RyPV6SKUsesFb3WdCjyA1A&mlSearchSessionGuid=a3cd6718a5962abc2f653259f6a8f554;Санкт-Петербург;sale;flat;7;8;5;350.0;297500000;Петроградский;Морской проспект;24;Крестовский остров;
Ойстерс;real_estate_agent;https://spb.cian.ru/sale/flat/307317224/?context=4.QqTOuOJpHhA.aAyy4x-UWuRw08eqqReYy-F6-PGDgBtyD3YAiwDthx2j9Sx4gTepyeS1dp51qcX4B6Lq8r_-In8LGg&mlSearchSessionGuid=a3cd6718a5962abc2f653259f6a8f554;Санкт-Петербург;sale;flat;5;5;5;364.1;250000000;Петроградский;Вязовая ;10;Крестовский остров;Олимпийская деревня
LAR Development;developer;https://spb.cian.ru/sale/flat/314331258/?context=4.OH5Vv-POcU0.Ecv8px9QPVS2UkCwG3yvTp1dekmbJlnit9e6HSdwnF5juW0GWmF-S_91vukpGMXI4Xtj621XLtgqlQ&mlSearchSessionGuid=a3cd6718a5962abc2f653259f6a8f554;Санкт-Петербург;sale;flat;2;4;1;37.29;15848250;Курортный;;;;Ранта Резиденс ЖК
BARNES International Realty;real_estate_agent;https://spb.cian.ru/sale/flat/333225544/?context=4.lvDbK-TXRQk.a-KCLt_Ze87fLT-nUTANmH5N2wpHVD6dD0MD9oJL2ei8ZpKbu9R0Zpg07yGVqgKvs0HFRMbZnsi-5g&mlSearchSessionGuid=a3cd6718a5962abc2f653259f6a8f554;Санкт-Петербург;sale;flat;8;10;3;60.6;22900000;Приморский;Афанасьевская ;1;Озерки;Орловский каскад
Ойстерс;real_estate_agent;https://spb.cian.ru/sale/flat/332444571/?context=4.0eLA8CAhFnQ.uXPnpGAs43q875V7fqkIyEniZzuSryQEoYiwXAdpjA-qwh0tny6A1EFDnPun-iVrwszDXBrqw4EpXw&mlSearchSessionGuid=a3cd6718a5962abc2f653259f6a8f554;Санкт-Петербург;sale;flat;6;6;5;225.0;220000000;Центральный;Казанская ;2;Гостиный двор;
ELEMENT;developer;https://spb.cian.ru/sale/flat/327104297/?context=4.05oMkv8_BBg._gfYHktuHEOPRBFJAXQoYpTZyb_1vKFSNaPNl8hgShls_gyrAX0hU9LW4C9Mzrb6HMM5rBryg4PlKQ&mlSearchSessionGuid=a3cd6718a5962abc2f653259f6a8f554;Санкт-Петербург;sale;flat;19;24;1;60.8;;Московский;Алтайская ;39;Московская;Шепилевский
Вам к нам;real_estate_agent;https://spb.cian.ru/sale/flat/322615702/?context=4.KxeXPRRxA5A.jf3dFILytEehemHQxnsvtaUdO8kCwXZJPxEta7sSkUYmyjnK0AUZZC08Ix5ZDMuBb5p4ipFDg9hekQ&mlSearchSessionGuid=a3cd6718a5962abc2f653259f6a8f554;Санкт-Петербург;sale;flat;1;5;1;42.8;7600000;Кронштадтский;Пролетарская ;34;;
Лучший метр;real_estate_agent;https://spb.cian.ru/sale/flat/334713787/?context=4.JAMH2zZrBiQ.8Uoagr_K7BYldEToNhjzp--ZZQf-nKLAinHoCfV0uoe8yB42e-ezhQ4cQCmgFOyqRypML-jNb1qtrQ&mlSearchSessionGuid=a3cd6718a5962abc2f653259f6a8f554;Санкт-Петербург;sale;flat;3;3;2;59.0;10900000;Кронштадтский;Флотская ;12;;
Sun Development;real_estate_agent;https://spb.cian.ru/sale/flat/334472600/?context=4.77dZ0ckqsFM.Mf9AziFEkmVOE-VCNgw4hwLQgKS2ewjomDmp8MCEI4lZqwqphhfwE35RkyUbVc8ysU0OhCAau3IKug&mlSearchSessionGuid=a3cd6718a5962abc2f653259f6a8f554;Санкт-Петербург;sale;flat;4;9;3;99.81;47823908;Василеостровский;Гавань;;Горный институт;МОНОДОМ АРТ
Мир Квартир Элит;real_estate_agent;https://spb.cian.ru/sale/flat/323515930/?context=4.Ep65IFsNEbg.4Eu0sFkgfrpFKTO7z21eGw3FP5pmPtscPTu1pRRZJKok3MnC0kayg8pPb2tuyg3iNQaRg4gR53zW2Q&mlSearchSessionGuid=a3cd6718a5962abc2f653259f6a8f554;Санкт-Петербург;sale;flat;5;6;4;175.0;255000000;Петроградский;Спортивная ;2;Крестовский остров;Крестовский de luxe
СОВКОМБАНК;official_representative;https://spb.cian.ru/sale/flat/332195896/?context=4.3LXetlWzzyk.WbRBy2VhijBDjPHRgjTKKk_0q1mNbJ5TooPEBS9UNx4x-pN9erDkXr_nmok_z-NVVNAeB7R6wnISag&mlSearchSessionGuid=a3cd6718a5962abc2f653259f6a8f554;Санкт-Петербург;sale;flat;11;25;2;70.3;17650000;Московский;Пулковская ;8к4;Звездная;
ФСК;developer;https://spb.cian.ru/sale/flat/312860828/?context=4.CN9MSRC3OTc._xtEaHU_8L9babJ5qt2-RFx6GBknvescltWoy58LgBHbNRZqiN3Jimp4yqLlEriHLgpsiWySEnh73g&mlSearchSessionGuid=a3cd6718a5962abc2f653259f6a8f554;Санкт-Петербург;sale;flat;5;10;3;84.55;42291952;Центральный;Смольнинское;;Площадь Александра Невского;Новгородская 8 ЖК
BARNES International Realty;real_estate_agent;https://spb.cian.ru/sale/flat/333914459/?context=4.Ysm1BqMTaFk.ofUVxiZbGQlq0qTv7r_rI7sPdkVjQQ8fOXNEsXZUubfGfkgGVaCOJpvZ5vbG4mxwgaLHFZP20iVmRQ&mlSearchSessionGuid=a3cd6718a5962abc2f653259f6a8f554;Санкт-Петербург;sale;flat;17;18;4;144.5;90000000;Василеостровский;27-я Васильевского острова линия;16Б;Горный институт;
Владис Аврора;real_estate_agent;https://spb.cian.ru/sale/flat/334066731/?context=4.5L2yBmSCGno.jnCwmQ06jSiiFOw6nlgVCBGI_HJ-ar6EmfB1xCCxSM_r6NZP0UPCOWOzhjrFnXWB-R3anbzGzKZVIQ&mlSearchSessionGuid=a3cd6718a5962abc2f653259f6a8f554;Санкт-Петербург;sale;flat;20;21;2;59.3;9500000;Пушкинский;проспект Новгородский;6;Купчино;Шушары
Sun Development;real_estate_agent;https://spb.cian.ru/sale/flat/334472533/?context=4.3bD8NZ2VmLA.4T2sFuXJfaL3QbPJKEUz3w_JsBRAmCKGNEiBJ8SU6-92pXNfHBn5UBPcJ2-UOa8_OhQA9MTH59WeGw&mlSearchSessionGuid=a3cd6718a5962abc2f653259f6a8f554;Санкт-Петербург;sale;flat;3;9;2;62.47;30721256;Василеостровский;Гавань;;Горный институт;МОНОДОМ АРТ
BEYOND. ex-Engel Volkers;real_estate_agent;https://spb.cian.ru/sale/flat/328223177/?context=4.goM31P5aH2k.0hVSGuuxN8kkW8wf5clUjl5h1mZem5uJyUAwhg4g86gJ_GG-oWGQuLb2FxfLxNMZ2NMaPE36CpL_xg&mlSearchSessionGuid=a3cd6718a5962abc2f653259f6a8f554;Санкт-Петербург;sale;flat;6;7;2;130.4;150000000;Центральный;набережная Воскресенская;32;Площадь Ленина;Приоритет
Крепость;real_estate_agent;https://spb.cian.ru/sale/flat/331934635/?context=4.HmOkrGk2U-U.ZHbf8ZcdXUn4gK7Vd2tEm_RpIVxqk9YxCRCc8AphOBnPoA4o1N_VrVd290-6fF2aPJ7NWzATqIWNHw&mlSearchSessionGuid=a3cd6718a5962abc2f653259f6a8f554;Санкт-Петербург;sale;flat;1;10;1;40.6;8300000;Приморский;Глухарская ;5к1;Комендантский проспект;
AAG;developer;https://spb.cian.ru/sale/flat/332060582/?context=4.7MWATPWIgGI.fNGjUmnofLKYw3b6WWmDtzuVTLUSGKRoxAMYLdmTqPYZUvteAjOd_jVgG7rzafM3waHAowEZnSqk-Q&mlSearchSessionGuid=a3cd6718a5962abc2f653259f6a8f554;Санкт-Петербург;sale;flat;9;9;4;142.16;220376116;Петроградский;Пионерская ;53;Чкаловская;Avant
BEYOND. ex-Engel Volkers;real_estate_agent;https://spb.cian.ru/sale/flat/319660970/?context=4.VKqmrvgBHys.lyhUewrw4TXJFf2mXr1mSUhHoFxWw_pHWK_6Aswy4stzruX5fysESOWEwVfDY882T1tuCQCRZZ7ptw&mlSearchSessionGuid=a3cd6718a5962abc2f653259f6a8f554;Санкт-Петербург;sale;flat;7;7;4;255.6;300000000;Центральный;набережная Воскресенская;32;Площадь Ленина;Приоритет
ВП недвижимость;real_estate_agent;https://spb.cian.ru/sale/flat/334424558/?context=4.Qq3TYt8B4uQ.0vQaCSTM6JhYj1QbDRp8vwgzMeH828TvcJcLSdDZy50uCEKgHONeqlhcgnCOcaMg-p18ncnI0uN1TQ&mlSearchSessionGuid=a3cd6718a5962abc2f653259f6a8f554;Санкт-Петербург;sale;flat;1;7;1;57.0;9890000;Адмиралтейский;Угловой переулок;3;Фрунзенская;
AAG;developer;https://spb.cian.ru/sale/flat/332060582/?context=4.0lTfY0PJF4c.sZgEIVKYyk_9uTcknwgTGSoZldAGowfbAolWLDF9PYXrA2UBNdvrCNG7FM-QE_JsL7Rtpi6D8WEafw&mlSearchSessionGuid=a3cd6718a5962abc2f653259f6a8f554;Санкт-Петербург;sale;flat;9;9;4;142.16;220376116;Петроградский;Пионерская ;53;Чкаловская;Avant
ВП недвижимость;real_estate_agent;https://spb.cian.ru/sale/flat/326829474/?context=4.ZjQ-UjaHLD4.rnq2tZiPIfLwclxD3bBEvk0qP4z5_1qJ_lI9XYYcZTHkyi-zSWIjuyxCYXkt2y2zjsJupmcYyA-fbA&mlSearchSessionGuid=a3cd6718a5962abc2f653259f6a8f554;Санкт-Петербург;sale;flat;11;11;1;42.9;7250000;Колпинский; Севастьянова;30к1;Рыбацкое;Новое Колпино
BEYOND. ex-Engel Volkers;real_estate_agent;https://spb.cian.ru/sale/flat/330664579/?context=4.3FqV1BDvY6k.KHNii42fQ9K3XN0XrYd56t1itX91uwbR-yTW04CN4UCzCsokDIlU_RNTTxO3GnPI903mFvEm4SwT0Q&mlSearchSessionGuid=a3cd6718a5962abc2f653259f6a8f554;Санкт-Петербург;sale;flat;5;7;1;78.6;69900000;Василеостровский;13-я Васильевского острова линия;50;Василеостровская;Клубный дом Манхэттен
Fizika Development;developer;https://spb.cian.ru/sale/flat/334447872/?context=4.TrTNFUhQVxU.l8_PU7yK-mRma5NK_d08nrGd6aETDFpFRT2UAvzUjMu5vrJyLvNl6eiObPFjyeXPv-1h_RlK7XbV5A&mlSearchSessionGuid=a3cd6718a5962abc2f653259f6a8f554;Санкт-Петербург;sale;flat;2;10;1;36.82;20280456;Адмиралтейский;Перевозная ;;Нарвская;Остров первых
NF GROUP  St Petersburg;real_estate_agent;https://spb.cian.ru/sale/flat/333025867/?context=4.coStUtyBA-w.gzfSb3jqzPQ8BQW1p0w8I1LVkeZISJ02nM7Z82WnpZmy9v0QG8p0Db_s-9p2oQYwGzvMidhGCSQUfg&mlSearchSessionGuid=a3cd6718a5962abc2f653259f6a8f554;Санкт-Петербург;sale;flat;4;8;2;70.0;46500000;Петроградский;Петровский проспект;22к2;Крестовский остров;Familia
NF GROUP  St Petersburg;real_estate_agent;https://spb.cian.ru/sale/flat/332061360/?context=4.tU1IHnthJ_M.lU1aQ9l_4eUt-f_-IMvbcn0vlcLfoBnBva1vmjIJFG2SS-DUrEQcgJBcApNFdxADbIwW7paCVfpOxA&mlSearchSessionGuid=a3cd6718a5962abc2f653259f6a8f554;Санкт-Петербург;sale;flat;3;9;3;138.0;129000000;Петроградский;проезд Петровская коса;6к1;Крестовский остров;Петровская Доминанта
ЛСР Санкт-Петербург;developer;https://spb.cian.ru/sale/flat/318812063/?context=4.m8VSBglrEuQ.z-FEsy8QpjX4bLEAJPHSdTWg9aqJxaaD4sqveBxoKm1XtX_xzq37PSXjVPhdot16JX-sF6zQChZ8Qg&mlSearchSessionGuid=a3cd6718a5962abc2f653259f6a8f554;Санкт-Петербург;sale;flat;4;12;2;57.6;21036672;Красногвардейский;Большая Охта;;Ладожская;ЛСР Большая Охта ЖК
ID 76761969;realtor;https://spb.cian.ru/sale/flat/334518764/?context=4.Gl0NBcvQMjA.0ETadEVk5mmKiTtpeRota3Sl_VWQadKEJCvUCAkV51-1tBW96ugCEvKEUiAsORsaxTcMSoySBUdHBQ&mlSearchSessionGuid=a3cd6718a5962abc2f653259f6a8f554;Санкт-Петербург;sale;flat;8;12;1;42.0;15000000;Выборгский;проспект Художников;17к1;Проспект Просвещения;
ВП недвижимость;real_estate_agent;https://spb.cian.ru/sale/flat/332238191/?context=4.kvx3bjC0Eao.GBtueECHt7iE-rDN2khcWUQa9dYqJlZ2cTbZ1KGXs_jQ3NNDCK5hiqXZtSKdNU8G0PKysIbuDKOXVw&mlSearchSessionGuid=a3cd6718a5962abc2f653259f6a8f554;Санкт-Петербург;sale;flat;13;14;1;38.1;9500000;Фрунзенский;Малая Балканская ;4К3;Купчино;
ELEMENT;developer;https://spb.cian.ru/sale/flat/327104323/?context=4.nZHV0OLhO5E.yYj_S-Pi5WUvCWNwFVCAuSvE9jGpUh9o5wOsWSGL76D1b0Q4tRovbqYZBjNXRXMMZNJz7YGlqQSwdQ&mlSearchSessionGuid=a3cd6718a5962abc2f653259f6a8f554;Санкт-Петербург;sale;flat;18;24;1;35.6;21359989;Московский;Алтайская ;39;Московская;Шепилевский
Ставръ-недвижимость;real_estate_agent;https://spb.cian.ru/sale/flat/331962319/?context=4.UQv-h5Diqzs.tvh6fl2BR-MXMIK2Y4e8XPy6zp-ivuOy4jm_V1IgKt2p9NmSBf9-isSDIcXU7cS53aK8bjehZnQdkg&mlSearchSessionGuid=a3cd6718a5962abc2f653259f6a8f554;Санкт-Петербург;sale;flat;2;4;1;33.1;8450000;Пушкинский;Пушкинская ;42/30;Купчино;
Ставръ-недвижимость;real_estate_agent;https://spb.cian.ru/sale/flat/312303588/?context=4.d8SHX54Au9g.RdyJsijH6YNnTrMxI4YDL6oclpPtzbZ3MqWfLJg-XhVvsNBGCtUGZIR6CwisBrxFom7p2hF0IgaUUw&mlSearchSessionGuid=a3cd6718a5962abc2f653259f6a8f554;Санкт-Петербург;sale;flat;5;5;3;92.3;22750000;Пушкинский; Переведенская;8с2;Купчино;Царский двор
Sun Development;real_estate_agent;https://spb.cian.ru/sale/flat/334472636/?context=4.ytsY55g8SE4.Mjqqj8Au__LvCTKZMgk9GuJ1qVeP6yvWnk3ahvVaYCcwhzBfF23NxV9am9ErLFME4l4ay11CDtWcVA&mlSearchSessionGuid=a3cd6718a5962abc2f653259f6a8f554;Санкт-Петербург;sale;flat;2;9;3;85.78;41289029;Василеостровский;Гавань;;Горный институт;МОНОДОМ АРТ
ID 89502826;realtor;https://spb.cian.ru/sale/flat/334528966/?context=4.4kU3gTPlhM0.7t4BPleQxrhKAFl6jkC4fPjcsHHpjiXB382LizjhhtVeK4vqjIxtQbJ_kL09PEESJbKL5SAvmjKggw&mlSearchSessionGuid=a3cd6718a5962abc2f653259f6a8f554;Санкт-Петербург;sale;flat;5;15;2;64.8;34300000;Василеостровский;набережная Миклухо-Маклая;3к1;Приморская;Морская набережная.СиВью
ВП недвижимость;real_estate_agent;https://spb.cian.ru/sale/flat/334481636/?context=4.OxygFa-SgPw._i_4P2PHnn0ivTEWn-VfAJcZaXEa268zg6YxIfPJ63v4csiQF2zvAKA2hYlp02J3ogeoWptMaAXfGw&mlSearchSessionGuid=a3cd6718a5962abc2f653259f6a8f554;Санкт-Петербург;sale;flat;6;16;1;42.0;9000000;Красносельский; Доблести;28к1;Юго-Западная;
БФА-Девелопмент;developer;https://spb.cian.ru/sale/flat/334481418/?context=4.KEtm1TtxPBQ.-Lt5GxBzSWR2WTz0PsbM4E_889NzKVTWqTvZLIOqyvlRVu12xtSgHnfDKwbvR29yoZEgMH4DA-WuYA&mlSearchSessionGuid=a3cd6718a5962abc2f653259f6a8f554;Санкт-Петербург;sale;flat;2;20;2;52.84;16770000;Красносельский; Маршала Захарова;8;Юго-Западная;Огни Залива
Ставръ-недвижимость;real_estate_agent;https://spb.cian.ru/sale/flat/333954894/?context=4.9njf5RS_NTc.0DlLhPC7rwoVPgz7ubmTWg5CJ4eoi-OxWn2MEB6_AMJgumg7jVWdPIX8cfg7gksT6-9qvpPPDTHy9Q&mlSearchSessionGuid=a3cd6718a5962abc2f653259f6a8f554;Санкт-Петербург;sale;flat;7;9;1;29.2;7550000;Пушкинский;Железнодорожная ;40/1;Купчино;
Ставръ-недвижимость;real_estate_agent;https://spb.cian.ru/sale/flat/322408388/?context=4.w7PZiKptX9c.ZFnalDCV7cM07eyy-PotQHd0Dt9GXRxu6poAi35xp7bsPcayxqtEZutMYmO7lyJubG-yxvAPv8UuNQ&mlSearchSessionGuid=a3cd6718a5962abc2f653259f6a8f554;Санкт-Петербург;sale;flat;3;5;2;81.6;20700000;Пушкинский;Малиновская ;9;Купчино;
ИП Богачков;real_estate_agent;https://spb.cian.ru/sale/flat/332207815/?context=4.8B8vxjhlY9Q.AYHnF97qkkKu6sjoTv3gh_RddaMP3fzCoM6OTzXiZ0wY59Nn_jb693C8xg1Xtj6811SkEcQdjoy49g&mlSearchSessionGuid=a3cd6718a5962abc2f653259f6a8f554;Санкт-Петербург;sale;flat;4;6;3;75.7;34065000;Петроградский; Профессора Попова;;Петроградская;ID Petrogradskaya
ВП недвижимость;real_estate_agent;https://spb.cian.ru/sale/flat/334306432/?context=4.FMppYI_EX3U.jYGPwIEUwaNU-5533va28iz99XYdoywF3kSgt0HGPDDGTdiomy-3ZMXZ1hT4sSwTEMcKn6gjidwbHA&mlSearchSessionGuid=a3cd6718a5962abc2f653259f6a8f554;Санкт-Петербург;sale;flat;6;6;1;29.2;9000000;Центральный;6-я Советская ;4;Площадь Восстания;
ID 89142796;homeowner;https://spb.cian.ru/sale/flat/334464399/?context=4.o22EqF_3TBM.k9Di1IUpOQ3NGsNY3_j-cXHU3pIKcZ9cBZPjF-_cKhxnGpHIpf_QKNUZHwQMdkFTbyXQGLxkvVCRcg&mlSearchSessionGuid=a3cd6718a5962abc2f653259f6a8f554;Санкт-Петербург;sale;flat;3;14;3;98.7;40700000;Приморский;Вазаский переулок;3;Черная речка;ЦДС Черная речка
Л1 строительная компания №1;developer;https://spb.cian.ru/sale/flat/330637176/?context=4.8Z1AOXjOyvs.5MI-h0jdUxFg3rmkIOdVdmsdkN8QN0DiRVOsrqz-NQHb9_cUkZuesZo4_nbw9sXgwNM90ix5gwdrUA&mlSearchSessionGuid=a3cd6718a5962abc2f653259f6a8f554;Санкт-Петербург;sale;flat;25;25;2;78.8;19552035;Выборгский; Руднева;18;Проспект Просвещения;Шекспир
ID 142244931;homeowner;https://spb.cian.ru/sale/flat/331278769/?context=4.dFH1d6uoJmc.ljYaLYRDq6x-xnqyU96tLCekf8_Eu85J-qVDWUclot237T02M5OqaVSXMSSpkP4dzdO2-bO6lElmfg&mlSearchSessionGuid=a3cd6718a5962abc2f653259f6a8f554;Санкт-Петербург;sale;flat;4;7;3;125.0;54970000;Петроградский; Глухая Зеленина;6;Чкаловская;Классика
Мир Квартир Элит;real_estate_agent;https://spb.cian.ru/sale/flat/330623141/?context=4.-J11KkiOg8Y.NX88d8b1-YllHYVI7otVb5592Wcvvh_fhdYTmMw9G6l8Z7BwCUlv0PM4F8_VA1R6ioUaXAg2bnxC6Q&mlSearchSessionGuid=a3cd6718a5962abc2f653259f6a8f554;Санкт-Петербург;sale;flat;4;4;3;250.0;129000000;Адмиралтейский;набережная Адмиралтейского Канала;29;Василеостровская;
Fizika Development;developer;https://spb.cian.ru/sale/flat/334447828/?context=4.sZjDQYMUya4.RKtleGTBm5HrhJeQ86UqXVSwWbnwvnxbfYdKvqtKndA2tVIWojlu3LyraQmbrCbtfv1aaltRuZW_Jg&mlSearchSessionGuid=a3cd6718a5962abc2f653259f6a8f554;Санкт-Петербург;sale;flat;5;10;3;76.7;38420920;Адмиралтейский;Перевозная ;;Нарвская;Остров первых
Мир Квартир Элит;real_estate_agent;https://spb.cian.ru/sale/flat/333714889/?context=4.BpGvDkIbAwM.ehXNJs--yUwzyVJXCnsuJ7_fn-TkJ1E99liJ5TxLmB-kBkcH4XIQDs8jXPU_uQWs5H_9zoiS6jUaqQ&mlSearchSessionGuid=a3cd6718a5962abc2f653259f6a8f554;Санкт-Петербург;sale;flat;3;7;1;42.0;24900000;Петроградский;Петровский проспект;24к1;Крестовский остров;Петровский квартал на воде
Лучший метр;real_estate_agent;https://spb.cian.ru/sale/flat/333875092/?context=4.gJE_9ifC5FA.YiWHcoHP9e4pNGOcLsJHR2jYzF4HLxEX-WYU_nu8MyUhP-aAWF0D21QIpgMfveftgFv3j4Q-Boe-pQ&mlSearchSessionGuid=a3cd6718a5962abc2f653259f6a8f554;Санкт-Петербург;sale;flat;1;5;2;42.7;9900000;Выборгский;Костромской проспект;60;Удельная;
ELEMENT;developer;https://spb.cian.ru/sale/flat/327096114/?context=4.aEzPJGcXjUk.E5aWG7gFS312JakGHHTaAcqmnds9cMMpEID3n_CEwEwtSHHZVyCeiLF2iSoDHlQAGFGw9e2dB7pXHA&mlSearchSessionGuid=a3cd6718a5962abc2f653259f6a8f554;Санкт-Петербург;sale;flat;4;11;2;53.75;;Московский; Коли Томчака;3;Московские ворота;Коллекционный Дом 1919
BEYOND. ex-Engel Volkers;real_estate_agent;https://spb.cian.ru/sale/flat/331197768/?context=4.oB4a12nU6Qc.tvLCA2J4gYzTykQHUWrD1eZCa4F9vg8VPA189_ZF0nQJ5aTGSJdtfcPj-SwlE0VGChFjdWTRENNpsA&mlSearchSessionGuid=a3cd6718a5962abc2f653259f6a8f554;Санкт-Петербург;sale;flat;8;9;3;240.0;179000000;Петроградский;Ждановская ;45;Крестовский остров;Леонтьевский мыс
ПАН Партнер;real_estate_agent;https://spb.cian.ru/sale/flat/334537288/?context=4.rkvKkI7N1wk.ThPdDp1HukRyUmKCthAQ5AbdkGvp_JBSBphIlTXJYfBuoP3Z6SBrWeqN4c489U6A2m2ufo61FoFLOg&mlSearchSessionGuid=a3cd6718a5962abc2f653259f6a8f554;Санкт-Петербург;sale;flat;8;16;1;39.4;11350000;Фрунзенский;Загребский бульвар;19К1;Дунайская;
ELEMENT;developer;https://spb.cian.ru/sale/flat/327096128/?context=4.GFb_t-E-HzI.WK3tXA1UoHdFreJzTv4O37SE3080iIHbDymyqdSHsPwlASizjMveyUJlwz4eM7DO95ZDHwNE2xGBYQ&mlSearchSessionGuid=a3cd6718a5962abc2f653259f6a8f554;Санкт-Петербург;sale;flat;9;11;2;79.3;62686650;Московский; Коли Томчака;3;Московские ворота;Коллекционный Дом 1919
BEYOND. ex-Engel Volkers;real_estate_agent;https://spb.cian.ru/sale/flat/332798441/?context=4.sEeZsapfIig.YKn2z27plFTXkeEtzTc2Q2s-dRVI01WIGaMnaJigkY_214W_40uyyvSbte2c2PxcjuXarmitt2zAGQ&mlSearchSessionGuid=a3cd6718a5962abc2f653259f6a8f554;Санкт-Петербург;sale;flat;4;4;2;135.0;145000000;Центральный;набережная Кутузова;24;Чернышевская;Особняк Кушелева-Безбородко
Лучший метр;real_estate_agent;https://spb.cian.ru/sale/flat/334235266/?context=4.5fPN15uyaZs.s5A0UFUBqHjk6ETnRI-tIsezRTBjA0K8fkymJjoqLhEc1VvqXjh7XjjBA5eIMD6MDbfotQOBpbKsHg&mlSearchSessionGuid=a3cd6718a5962abc2f653259f6a8f554;Санкт-Петербург;sale;flat;6;9;2;44.0;10650000;Невский; Дыбенко;23К1;Улица Дыбенко;
ЛСР Санкт-Петербург;developer;https://spb.cian.ru/sale/flat/318135115/?context=4.Y6iAV5k9U4M.ILUu5uew6pIdBI88Azlf09F6a8B2DQOEZEsJmIdLSy2fshiiQoEgr7dq99RmPYWxuZB0j-B_4NaHZA&mlSearchSessionGuid=a3cd6718a5962abc2f653259f6a8f554;Санкт-Петербург;sale;flat;7;8;1;35.4;22411740;Петроградский;Ремесленная ;15;Спортивная;NEVA RESIDENCE
ID 24050051;real_estate_agent;https://spb.cian.ru/sale/flat/333479528/?context=4.5hiP7SSCX20.Ju4zXQRTknxYsClwrC2K9EgyZ3m5Dnk8VPP7sg8V3Nq9S_7ulI0TU53p8lqOuq2pPnzWH0n0Aron6Q&mlSearchSessionGuid=a3cd6718a5962abc2f653259f6a8f554;Санкт-Петербург;sale;flat;2;10;1;29.0;7800000;Фрунзенский;Будапештская ;66К1;Проспект Славы;
Северный модерн;real_estate_agent;https://spb.cian.ru/sale/flat/334136120/?context=4.K0sU_7yLycA.EwJvcgh8Ng7gN-kNwl3RuYHnDD0h_jD-G1ZFJ-Y5mbiOqh6bW4L0DVycoGAN8pP8YzIsQa3jPQsrNg&mlSearchSessionGuid=a3cd6718a5962abc2f653259f6a8f554;Санкт-Петербург;sale;flat;1;6;4;119.3;26000000;Приморский;Приморский проспект;14;Черная речка;
ЛСР Санкт-Петербург;developer;https://spb.cian.ru/sale/flat/332407328/?context=4.JRgG0lYeg-Q.geLcF4MyPeiRcZEea31gpFIkqIQu1L3BnTdr3muLEFm6qHQB5VT4ZLxAYg0Ftt49mOZ1IAo4XVikFQ&mlSearchSessionGuid=a3cd6718a5962abc2f653259f6a8f554;Санкт-Петербург;sale;flat;2;8;2;74.2;36001840;Петроградский;Ремесленная ;15;Спортивная;NEVA RESIDENCE
Neva Property;real_estate_agent;https://spb.cian.ru/sale/flat/334385186/?context=4.vgt8bDnNK3U.-cT97Jfl5TrQsc-UUCojMZTf5ca0J_HkIpu_IuS9kSBnvQMeCesU9OzYg0qWRDeVvV9q_bDSuROg1w&mlSearchSessionGuid=a3cd6718a5962abc2f653259f6a8f554;Санкт-Петербург;sale;flat;3;5;3;147.5;140000000;Петроградский;набережная Мартынова;74Б;Крестовский остров;
Кремлёвские Ключи;real_estate_agent;https://spb.cian.ru/sale/flat/334418643/?context=4.R0G3HO6yR78.5FhRDa6vj1gc2IPe9YDwkmjaUMaFuSjEsCT2aFjhX0hA9tDKRhor-sOk34OSdkeI6ME3I1mFqQxmlg&mlSearchSessionGuid=a3cd6718a5962abc2f653259f6a8f554;Санкт-Петербург;sale;flat;3;5;3;62.0;13990000;Невский; Бабушкина;66к1;Пролетарская;
LEGENDA Development;developer;https://spb.cian.ru/sale/flat/333531684/?context=4.RMMcNVaVLig.gWRIqZlIG8PRBr0U-nbNQ3EWD7knbi1cW5YYPjlG2-Gf0eH-O8fvz0fz84G0l0XR0h3mWofdzVnE2Q&mlSearchSessionGuid=a3cd6718a5962abc2f653259f6a8f554;Санкт-Петербург;sale;flat;6;22;3;95.71;50348246;Василеостровский;Морской;;Приморская;ЛЕГЕНДА У МОРЯ
ID 24050051;real_estate_agent;https://spb.cian.ru/sale/flat/334218144/?context=4.LQc8Gvx-QAI.Alfu9iLbiZ26DKa_tV2EjLMTOB8kMHzZgDvCQPTgvrPLBdITIKK8k9B8cqRwQrAvK5igzbxzn8g6jg&mlSearchSessionGuid=a3cd6718a5962abc2f653259f6a8f554;Санкт-Петербург;sale;flat;1;5;2;34.6;8900000;Адмиралтейский;12-я Красноармейская ;8Б;Балтийская;
Экотон;real_estate_agent;https://spb.cian.ru/sale/flat/334297351/?context=4.E5w5kynMsFc.j7fqsS8YQe-PVNt2Hl2sETnWpf9YW9dald7UMNqz3cwDhWhSOSUmHtsBz4ZR16Jp8JI0jadjsF2LSg&mlSearchSessionGuid=a3cd6718a5962abc2f653259f6a8f554;Санкт-Петербург;sale;flat;9;12;2;50.3;9300000;Колпинский; Братьев Радченко;25;Шушары;
ELEMENT;developer;https://spb.cian.ru/sale/flat/327096118/?context=4.-zRLp1yvxy8.MGEhiMmmFrvkHHPeR9S8wv_2Be0YU-RqzN2LrC3Q49qSvTf7CNzwZY3iPPsnvPKkazBX48LP8c6FQA&mlSearchSessionGuid=a3cd6718a5962abc2f653259f6a8f554;Санкт-Петербург;sale;flat;7;11;2;53.3;35473815;Московский; Коли Томчака;3;Московские ворота;Коллекционный Дом 1919
BEYOND. ex-Engel Volkers;real_estate_agent;https://spb.cian.ru/sale/flat/330254174/?context=4.SL_Op1DbuGA.0y-C9V4bS62Z2l6HsByoeSz3E7qWyObZHrlcw0Dz6NYEUDgbiLOckBwp43GswZvhRB-q6hgkID1kFw&mlSearchSessionGuid=a3cd6718a5962abc2f653259f6a8f554;Санкт-Петербург;sale;flat;2;7;4;161.0;130000000;Петроградский;Петровский проспект;11к3;Крестовский остров;NEVA HAUS
Денис Коденко;realtor;https://spb.cian.ru/sale/flat/323382128/?context=4.PbO9MmBAq-c.DNsN6XEZeXYd33CcPLuBT8MoV8zqZ6qZ4xd4u6cELE4KsqoxCcjxp9h0g-oNdKF0T-0fw0Dvsb2HPg&mlSearchSessionGuid=a3cd6718a5962abc2f653259f6a8f554;Санкт-Петербург;sale;flat;7;17;2;54.2;15000000;Василеостровский;Морская набережная;19;Приморская;
AAG;developer;https://spb.cian.ru/sale/flat/333351174/?context=4.E455SBij9Yk.hdpOtK9D0feLARbE9yv9_vFSC3vMT5nJ93TbjIxPZi2lFzra5HxWf9wdQqZEFOUQ6UY-SrSxVv3Wbw&mlSearchSessionGuid=a3cd6718a5962abc2f653259f6a8f554;Санкт-Петербург;sale;flat;6;8;4;96.7;96700000;Петроградский;Пионерская ;53;Чкаловская;Avant
BEYOND. ex-Engel Volkers;real_estate_agent;https://spb.cian.ru/sale/flat/332066203/?context=4.p77jMxNTtWM.BZ2YSFE6QouTpF_UsI4-eJkp97AfoCsNW_BMtpnnhJrrpiybY0NEVKJhW1d7E8uBYn6QLCUqOd6VHQ&mlSearchSessionGuid=a3cd6718a5962abc2f653259f6a8f554;Санкт-Петербург;sale;flat;1;9;4;171.59;69974533;Петроградский;Петровский проспект;11к3;Спортивная;NEVA HAUS
Ставръ-недвижимость;real_estate_agent;https://spb.cian.ru/sale/flat/333954894/?context=4.axTt24kjK88.DCf6SOz4Y__o8Qh2wzSCy4IGC5H-UtDneXQpxuMGr_ev2OrNXJ0KJV3mq2_vy26pljx--hUWxj-PEQ&mlSearchSessionGuid=a3cd6718a5962abc2f653259f6a8f554;Санкт-Петербург;sale;flat;7;9;1;29.2;7550000;Пушкинский;Железнодорожная ;40/1;Купчино;
ЛСР Санкт-Петербург;developer;https://spb.cian.ru/sale/flat/326370765/?context=4.r3hRGvexplM.oTmL_5IbAUdFqmbI_pfrwMvLQ0DoMO5Qc3joQz2dyTEVgiB3Za0zy9089A2qvCFILY16bSAi02BnPg&mlSearchSessionGuid=a3cd6718a5962abc2f653259f6a8f554;Санкт-Петербург;sale;flat;8;11;2;65.3;31400811;Адмиралтейский; Егорова;23БлитА;Технологический институт;Измайловский
BEYOND. ex-Engel Volkers;real_estate_agent;https://spb.cian.ru/sale/flat/329127048/?context=4.haSugFptOaw.E11Hn9oUcRdJ-U9CLmi0FjJzoQ9p0xNTaFGdDMysqaGU7zI2cy8lICqdjBTsLhaY_weUwIxnfUcHFw&mlSearchSessionGuid=a3cd6718a5962abc2f653259f6a8f554;Санкт-Петербург;sale;flat;2;7;2;93.8;93800000;Центральный;набережная Воскресенская;32;Площадь Ленина;Приоритет
Северный модерн;real_estate_agent;https://spb.cian.ru/sale/flat/334676405/?context=4.XMqfgOxqHao.Bm_WXQ8Xa3NBjdZL0pqHDLfBsBNItojzAkZqD3I-ybHrE18hGKRTRBgHt19YRL845ZjTOdWPbeFnyw&mlSearchSessionGuid=a3cd6718a5962abc2f653259f6a8f554;Санкт-Петербург;sale;flat;2;5;4;49.0;9500000;Кировский;проспект Маршала Жукова;56К8;Юго-Западная;
ЛСР Санкт-Петербург;real_estate_agent;https://spb.cian.ru/sale/flat/334040035/?context=4.Ol_pcUx7nX4.hPOcQxY_8KwGuVMOqkNjz8pOr4T5Hnt_rGWbmet-EKDlF3mNuWwdHmUXm_byZbwfu76UVfHWqEqihA&mlSearchSessionGuid=a3cd6718a5962abc2f653259f6a8f554;Санкт-Петербург;sale;flat;6;7;3;98.15;87667580;Центральный;Синопская набережная;56с3;Площадь Александра Невского;Нева Арт
ID 12701829;realtor;https://spb.cian.ru/sale/flat/330316933/?context=4.qQnYoLPQV-o.stHwrdGGaGd-mD1OxlKjzdxFGgKHOHCfaI2rx7rL9wEBdSMCU3uJ5T3Pa4DSzVuUGvDAyl60c9bTiA&mlSearchSessionGuid=a3cd6718a5962abc2f653259f6a8f554;Санкт-Петербург;sale;flat;8;24;2;57.73;27100000;Московский;Алтайская ;39;Московская;Шепилевский
Этажи Санкт-Петербург;real_estate_agent;https://spb.cian.ru/sale/flat/334005069/?context=4.sQl0gqZii3s.Div4Seui6sCVBEtbqpY3f15nKsNblYPb5HOUWMfZpyUmkLqAM1s3DkeeTInXPZKetBU0nBeULRxhRw&mlSearchSessionGuid=a3cd6718a5962abc2f653259f6a8f554;Санкт-Петербург;sale;flat;2;9;2;44.1;12640000;Василеостровский; Карташихина;19;Горный институт;
ELEMENT;developer;https://spb.cian.ru/sale/flat/327490181/?context=4.PQpZrEL52G4.SX8d33wiJq49ekJarbZ7Kf4B7dUzddkPo5g8ZY-VlYZxWeBqIXiB602JhJwZ0UminsB1qFNgTbwJ0Q&mlSearchSessionGuid=a3cd6718a5962abc2f653259f6a8f554;Санкт-Петербург;sale;flat;3;8;4;178.98;179060541;Петроградский;Ремесленная ;17литЗ;Спортивная;17/33 Петровский остров
Prime;real_estate_agent;https://spb.cian.ru/sale/flat/333264656/?context=4.zTrvCsGTG48.hlXCLK2gQiU1nNl3fjQsPKMGOzlw2wYLKEHk7lE5my9LMVe21lsCvo-M649N2A-XvAUKxV1GHz6ERQ&mlSearchSessionGuid=a3cd6718a5962abc2f653259f6a8f554;Санкт-Петербург;sale;flat;7;8;5;313.02;235000000;Петроградский;Ремесленная ;17литЗ;Спортивная;17/33 Петровский остров
Этажи Санкт-Петербург;real_estate_agent;https://spb.cian.ru/sale/flat/332269795/?context=4.gUsqaRE_KbI.5ojlaHVtEWCeVC1oCTVRgyRF3I_n8fLfOOmCTI1_8BSvNol_am-cL5JscqBR5XZKq8hYBHj5S4nPuw&mlSearchSessionGuid=a3cd6718a5962abc2f653259f6a8f554;Санкт-Петербург;sale;flat;3;23;1;45.5;8200000;Пушкинский;Первомайская ;22;Купчино;
Брусника;developer;https://spb.cian.ru/sale/flat/332589200/?context=4.ybI5bviw7Ig.cYuS6VSZ0XJX-XxcYz0mPtfKyEsXTfXNdPxjJMESinXmSPHL701qUxGxGWoII2LgTc-FIC6jDG0JHA&mlSearchSessionGuid=a3cd6718a5962abc2f653259f6a8f554;Санкт-Петербург;sale;flat;5;12;2;48.08;20600000;Василеостровский;Морской;;Приморская;Северный Ветер ЖК
BEYOND. ex-Engel Volkers;real_estate_agent;https://spb.cian.ru/sale/flat/330748612/?context=4.p1nDntmXUXw.E2lnB7Y9otXoHpt5OCDeqp2fv4-Aj-cz_9Ekji20vkRKPRqD72khlyuc7LR5BeAjXbT1_2XwiyKysw&mlSearchSessionGuid=a3cd6718a5962abc2f653259f6a8f554;Санкт-Петербург;sale;flat;4;9;3;113.0;99000000;Центральный;Миргородская ;20;Площадь Александра Невского;Grand House
МОНОЛИТ ПЛЮС;real_estate_agent;https://spb.cian.ru/sale/flat/334264363/?context=4.Zr0Vu3NFSF4.FF0o1ThrlEV5zq3KiNLqO4TDwsYBd4KuNGmB1IcV1hG363ETM6tIpBfucoN-7p8RMA5N6inTzXzJwg&mlSearchSessionGuid=a3cd6718a5962abc2f653259f6a8f554;Санкт-Петербург;sale;flat;8;8;1;32.8;8600000;Красносельский; Бориса Шмелева;9;Юго-Западная;Солнечный город
Росстройинвест;developer;https://spb.cian.ru/sale/flat/334467237/?context=4.qob2cZiul_c._adJLtdDb6tEkPB5pNDUMoEEhosk4uqhSyxneot82prhPQibBPQM1qJZyyFldNklcBW3YPcDkLYvgA&mlSearchSessionGuid=a3cd6718a5962abc2f653259f6a8f554;Санкт-Петербург;sale;flat;2;13;2;52.28;19529662;Фрунзенский;Волковское;;Бухарестская;Гранат ЖК
Мир Квартир Элит;real_estate_agent;https://spb.cian.ru/sale/flat/333836704/?context=4.xLySgtOztv4.2oLI4dR8aC_K_S0Z3Wfn9FNh0p2wdBAVzDoVpOiUO_taXYUnEfqOsKe97imY5K0m4os-a6jJhoPM9A&mlSearchSessionGuid=a3cd6718a5962abc2f653259f6a8f554;Санкт-Петербург;sale;flat;3;9;2;73.0;39800000;Петроградский;Петровский проспект;9к2;Крестовский остров;NEVA HAUS
Мир Квартир Элит;real_estate_agent;https://spb.cian.ru/sale/flat/334520947/?context=4.Kmtkesqq46k.DYSspVWC_vE8n_AnRw4QWl4DBNSId8_wVKEkwHILsBYe0UUymiSrEHU7nqtzcYAZPop_bR6fsoo3Mw&mlSearchSessionGuid=a3cd6718a5962abc2f653259f6a8f554;Санкт-Петербург;sale;flat;5;8;4;212.3;94500000;Петроградский;Каменноостровский проспект;64К2;Петроградская;Каменноостровский, 64
ELEMENT;developer;https://spb.cian.ru/sale/flat/327097100/?context=4.yNy8EOSeRk4.6e61x1l9d-2A240d6sY092t7oj9WShaxdxbSkffGMbfJqmYB8FB2tfnqowK14IYbE6NYsPpn2L9w2g&mlSearchSessionGuid=a3cd6718a5962abc2f653259f6a8f554;Санкт-Петербург;sale;flat;5;5;3;74.91;32728179;Курортный; Инструментальщиков;18;Комендантский проспект;BEREG.Курортный
BEYOND. ex-Engel Volkers;real_estate_agent;https://spb.cian.ru/sale/flat/330783071/?context=4.QivkYR9pHOo.YmVjKcUS-mYjiFdX7QhPAFOfZBUqBoRHqtj4TVKpATvqfVT9OcbmFWDII5ZXC2V92jaW5IR2HBiCGA&mlSearchSessionGuid=a3cd6718a5962abc2f653259f6a8f554;Санкт-Петербург;sale;flat;2;8;4;225.1;164000000;Петроградский;проезд Петровская коса;1к2;Крестовский остров;Петровская коса, 1
Мир Квартир Элит;real_estate_agent;https://spb.cian.ru/sale/flat/329438282/?context=4.eaYZTEcrNoU.N25s6vwPEDfdsWot3XgLsYW6uKYTzQrdUr34eihqbwhX2six-T6ix_bAgxeHUEXRoCvi_yHcx6Ofew&mlSearchSessionGuid=a3cd6718a5962abc2f653259f6a8f554;Санкт-Петербург;sale;flat;3;4;3;89.5;40000000;Центральный; Восстания;16;Площадь Восстания;
Л1 строительная компания №1;developer;https://spb.cian.ru/sale/flat/330637161/?context=4.qMA32SO5Iw0.MjTpgJKSltG6REzLAHwDQR_aW11zWxpP52GEl2O5jLdczHttBFpjyTWPIqLkSbIUOOi7V7vxfnrg3g&mlSearchSessionGuid=a3cd6718a5962abc2f653259f6a8f554;Санкт-Петербург;sale;flat;18;25;1;59.1;14993560;Выборгский; Руднева;18;Проспект Просвещения;Шекспир
ID 35908530;homeowner;https://spb.cian.ru/sale/flat/334696293/?context=4.IqgIfRXauyA.AtCxijdpLQJLwh9_UK4YGFp8m0eOHpL_6bVnY5bxjzDexUIaMwLFTDxtpnesDsNLuDMY2mSg1lSc7w&mlSearchSessionGuid=a3cd6718a5962abc2f653259f6a8f554;Санкт-Петербург;sale;flat;22;25;2;52.8;17500000;Приморский;Комендантский проспект;64к1;Комендантский проспект;Чистое небо
Мир Квартир Элит;real_estate_agent;https://spb.cian.ru/sale/flat/334130779/?context=4.mN0mBXuvnzs.0sQDN5zauMItOu9drFrvaBS5nOCdzr4AWl-VyslwUB6u2UNCF6hBEPDyZpuDxJMzdyucQDZhzyQYdw&mlSearchSessionGuid=a3cd6718a5962abc2f653259f6a8f554;Санкт-Петербург;sale;flat;4;6;3;99.0;57000000;Центральный;Караванная ;11/64;Гостиный двор;
LEGENDA Development;developer;https://spb.cian.ru/sale/flat/333531559/?context=4.Vt4uy7W4hgU.uMDR0sidMf9hAthrA_Mz94FuaiOBMQ2U4wqV9O2FjxeEoRu28Zojkujm4x9M2y3wtw_jbNu_LjXh6Q&mlSearchSessionGuid=a3cd6718a5962abc2f653259f6a8f554;Санкт-Петербург;sale;flat;2;22;3;90.66;38708194;Василеостровский;Морской;;Приморская;ЛЕГЕНДА У МОРЯ
ID 83065274;realtor;https://spb.cian.ru/sale/flat/333393203/?context=4.kUChlMIRw_M.pt5Gc_gIRsHUCJzQrVddY3qNr2mdh2LyJh1ylTi1uQpD8Aq4YdAWhNYjhdaUZTYy9qlAawwvgXSmrw&mlSearchSessionGuid=a3cd6718a5962abc2f653259f6a8f554;Санкт-Петербург;sale;flat;2;5;3;69.5;35900000;Центральный;Невский проспект;132;Площадь Восстания;
Домината;real_estate_agent;https://spb.cian.ru/sale/flat/334518826/?context=4.iVK9ZpMef_Q.Ypl52ginZ6mpWezRwamkKGcirwhdZRNHNTbNqkDsnG-ISg5VTE8XU36MD5zHNaAYHHsC9RJvpKoGug&mlSearchSessionGuid=a3cd6718a5962abc2f653259f6a8f554;Санкт-Петербург;sale;flat;1;7;2;51.3;14900000;Московский; Ленсовета;10;Московская;
AAG;developer;https://spb.cian.ru/sale/flat/323514149/?context=4.ffsxgE74ajw.Xvq92qqovs8913iagUdmviTRUN4PmmtLwZQOq-DM4aOiT4F4r54YGEFT0AXd9XPuqRxTxMkKf3SAag&mlSearchSessionGuid=a3cd6718a5962abc2f653259f6a8f554;Санкт-Петербург;sale;flat;2;9;1;48.94;31223720;Петроградский;Пионерская ;53;Чкаловская;Avant
ID 100319187;homeowner;https://spb.cian.ru/sale/flat/333545923/?context=4.Vnez3M3cg3g.seIlda0khGq_-0EKFhjayvPIvCn1TykCVo2IJ0mlIRF69--3bapI0uvWMbDDeKstTnc5F31AklkQAg&mlSearchSessionGuid=a3cd6718a5962abc2f653259f6a8f554;Санкт-Петербург;sale;flat;7;12;3;97.9;39990000;Московский;Заставская ;30;Московские ворота;Клубный дом TALENTO
ПИА Недвижимость;real_estate_agent;https://spb.cian.ru/sale/flat/334121362/?context=4.5ZOBdtPrTOE.A-Of2BLOhmG0ylvqpUVpMVBuMkmkiIrud4wREf74t9k4OCCjr0M70f-HOgLHMWVq7v7m2gGCjSbcNw&mlSearchSessionGuid=a3cd6718a5962abc2f653259f6a8f554;Санкт-Петербург;sale;flat;9;9;2;44.1;9350000;Фрунзенский;Софийская ;38к1;Международная;
ФСК;developer;https://spb.cian.ru/sale/flat/323422092/?context=4.Xb2eWF8QKUo.ewYm43IATYOISZt52scx-liMQeC-GpTSYNDdfnmn9WDPeftgclyXTaxNlv77ktz51UDZ07FQNTZBcw&mlSearchSessionGuid=a3cd6718a5962abc2f653259f6a8f554;Санкт-Петербург;sale;flat;2;17;2;43.8;11379459;Невский; Архивная;3к1;Улица Дыбенко;Апарт-комплекс Зум на Неве
Надо Брать;real_estate_agent;https://spb.cian.ru/sale/flat/334323309/?context=4.WKga6z8EtNQ.ypKhTKrrpy9AQtWhMGwEwDOCmUWxszc290ksri8bXZM9PGPMf86fZPpAaEWM7XiSz2MC88KNSdkaxQ&mlSearchSessionGuid=a3cd6718a5962abc2f653259f6a8f554;Санкт-Петербург;sale;flat;7;14;2;77.9;31000000;Московский;Смоленская ;14;Фрунзенская;Богемия
Мир Квартир;real_estate_agent;https://spb.cian.ru/sale/flat/332501056/?context=4.YuinKL_Znlg.u_kTH7JVP3UUF9_DHQZAHpamuBo6e0ItVrNO5O7lkADPWiCYa4PwcprBxHwGHX2X0OiplDGFSM4QrA&mlSearchSessionGuid=a3cd6718a5962abc2f653259f6a8f554;Санкт-Петербург;sale;flat;3;5;5;155.0;58000000;Центральный;Тверская ;14;Чернышевская;
БФА-Девелопмент;developer;https://spb.cian.ru/sale/flat/333164214/?context=4.M-_-figbfgg.oXO3663HIjL87BWp1TVDQ671vb3erVe1LpiHep00Vi40y2Xc8EOvzE2M0Afr4sC73E7b1Rasu3wAjA&mlSearchSessionGuid=a3cd6718a5962abc2f653259f6a8f554;Санкт-Петербург;sale;flat;14;24;4;97.95;27422000;Красносельский;Ленинский проспект;39с2;Юго-Западная;Огни Залива
NF GROUP  St Petersburg;real_estate_agent;https://spb.cian.ru/sale/flat/332578471/?context=4.3QwqNZVPS3s.bbZyImQlcQUuzz0Tyqr1sA9B4wDrGmsetWjHtZGfjBpO-T0H4Ko9TQRkPwyaH7tEU5HNH50EqeC8Tg&mlSearchSessionGuid=a3cd6718a5962abc2f653259f6a8f554;Санкт-Петербург;sale;flat;2;8;1;21.95;13200000;Петроградский;Ремесленная ;17литЗ;Спортивная;
ID 76761969;realtor;https://spb.cian.ru/sale/flat/334518764/?context=4.EU6V-KhdPDM.UZsxRBmeDrMwwJoP4IGSMzTmeMmVq_roKAGjTzIYWgTLxWWr_hVzkK2CIR8gWYsYsKcnOTSbBmyEdg&mlSearchSessionGuid=a3cd6718a5962abc2f653259f6a8f554;Санкт-Петербург;sale;flat;8;12;1;42.0;15000000;Выборгский;проспект Художников;17к1;Проспект Просвещения;
ЛСР Санкт-Петербург;developer;https://spb.cian.ru/sale/flat/325801345/?context=4.z0wQPXrqADY.oXM5oTVW2kd0NvjTwHvegWrv_JkS3f-2aEB2k6lxX7NPHGvlV_h1n4Mdej74bJ0RqqLEcbwdjUs22w&mlSearchSessionGuid=a3cd6718a5962abc2f653259f6a8f554;Санкт-Петербург;sale;flat;4;10;1;34.5;14590395;Красногвардейский;Большая Охта;;Ладожская;ЛСР Большая Охта ЖК
М16 Элит;real_estate_agent;https://spb.cian.ru/sale/flat/330580369/?context=4.GHPfpgryS4A.wMygsJm67gK47UWZJTvw-oThN5s0N2rUD5g9HeSGNulNdrD4rI1bTsCMO6dTJU1qTUSGnT1Ji-mg8A&mlSearchSessionGuid=a3cd6718a5962abc2f653259f6a8f554;Санкт-Петербург;sale;flat;1;6;1;59.1;58500000;Петроградский;Спортивная ;2;Крестовский остров;Крестовский de luxe
ONEPLACE;real_estate_agent;https://spb.cian.ru/sale/flat/334395332/?context=4.CH232bvBB7g.o7p59dMRtUh2P_eYGNsuFsqTtEh0VHr7QtsSLYkfp3021Qz__8TvVcgnaG7TkSqn10dx86QRnz7lgQ&mlSearchSessionGuid=a3cd6718a5962abc2f653259f6a8f554;Санкт-Петербург;sale;flat;1;6;1;41.0;12790000;Адмиралтейский;набережная Канала Грибоедова;158;Балтийская;
БФА-Девелопмент;developer;https://spb.cian.ru/sale/flat/327750043/?context=4.7F85o5XSDCk.OrzN_XdFWG5qukTeuF2C3Vz2D885fG1ehlHbHRbmakJQD0XsluFn12Zn_27bXWIoFrrE9BUdiZEuyw&mlSearchSessionGuid=a3cd6718a5962abc2f653259f6a8f554;Санкт-Петербург;sale;flat;2;20;1;36.62;11700000;Красносельский; Маршала Захарова;8;Юго-Западная;Огни Залива
Neva Property;real_estate_agent;https://spb.cian.ru/sale/flat/332923610/?context=4.w2uRgq5ITOo.hJRvx0LRsxmlp1SX6TwmnDMwEXRUntHEYo3W_1ToTs3OZBdxFE_4SlNYEjE0Q9LWmuoG59gYhxwTkg&mlSearchSessionGuid=a3cd6718a5962abc2f653259f6a8f554;Санкт-Петербург;sale;flat;2;7;2;140.6;125000000;Петроградский;Крестовский проспект;30;Крестовский остров;
Мир Квартир Элит;real_estate_agent;https://spb.cian.ru/sale/flat/334130779/?context=4.QGasvG4SCmg.Rf5oidUfrv50Plyxn4_mmTByUG3SHAfN_eA90tciWuVtn18u3Pldf5WceENGERFPlLDUdnCMLObPMA&mlSearchSessionGuid=a3cd6718a5962abc2f653259f6a8f554;Санкт-Петербург;sale;flat;4;6;3;99.0;57000000;Центральный;Караванная ;11/64;Гостиный двор;
ИП Богачков;real_estate_agent;https://spb.cian.ru/sale/flat/332217081/?context=4.xTY19FZUfOM.7ueKPZL8ijPm8TFAbRkgfY5USJIlN_LqHsW9AUZYt6Kiwtyi08FqhBs-zT3ahdRvZEIY6vU-Rss8rg&mlSearchSessionGuid=a3cd6718a5962abc2f653259f6a8f554;Санкт-Петербург;sale;flat;6;6;4;126.72;84260000;Петроградский; Профессора Попова;;Петроградская;ID Petrogradskaya
BEYOND. ex-Engel Volkers;real_estate_agent;https://spb.cian.ru/sale/flat/320542946/?context=4.wxJFeImqlNA.DSAN3xn1ZuR5m4p4XeI49SGdzhMOfqGOumB93p38BSfXr4cGQiU94LIdyu0Mqvn0hs1cjIz6hEPPJQ&mlSearchSessionGuid=a3cd6718a5962abc2f653259f6a8f554;Санкт-Петербург;sale;flat;8;11;2;62.7;35600000;Василеостровский;набережная Макарова;58;Приморская;Docklands 2
Мир Квартир Элит;real_estate_agent;https://spb.cian.ru/sale/flat/333879919/?context=4.vtTlZmn6MOo.r2Qbl29jEhu_8n5ufxc4wDJIAUtnWUhrc6mKh6-ufK1cNQzBLhMC9_dAQNj88O4lG2AOmx233QQo8A&mlSearchSessionGuid=a3cd6718a5962abc2f653259f6a8f554;Санкт-Петербург;sale;flat;3;6;4;172.3;79000000;Петроградский; Ленина;8;Горьковская;
Л1 строительная компания №1;developer;https://spb.cian.ru/sale/flat/334062143/?context=4.PAyogmLoj3c.xfi-MZ2kzZ9VpRkrOhC7sfkzX8OnAotDEhMaSOimBF3PVWL9SUod8DIRO3pLNaQmEVkfRIYOGmhT3A&mlSearchSessionGuid=a3cd6718a5962abc2f653259f6a8f554;Санкт-Петербург;sale;flat;7;22;2;78.7;19669113;Выборгский; Кустодиева;7к1;Проспект Просвещения;Байрон
ID 76761969;realtor;https://spb.cian.ru/sale/flat/334518764/?context=4.MIb4OvcaFw0.lXGZvqBzLlIRFlT1RGEUBRal_GCZObUNRNYKFPrd9ejtHrBjKGytWLgZTEpgrt0u7zKzQnWW-6jPRQ&mlSearchSessionGuid=a3cd6718a5962abc2f653259f6a8f554;Санкт-Петербург;sale;flat;8;12;1;42.0;15000000;Выборгский;проспект Художников;17к1;Проспект Просвещения;
CENTURY 21 Capital Petersburg;real_estate_agent;https://spb.cian.ru/sale/flat/332479166/?context=4.dfIB7EyaYCw.gf7RkIx43L_mCedaC7b-GzqfauuQGDpLfcfI5zHo7iX5HI3l-GByInKSr-OU8y8VGHIcPb2Ym9NNXQ&mlSearchSessionGuid=a3cd6718a5962abc2f653259f6a8f554;Санкт-Петербург;sale;flat;3;5;4;61.7;17350000;Центральный; Жуковского;7-9;Маяковская;
ELEMENT;developer;https://spb.cian.ru/sale/flat/327096250/?context=4.3xOj6caS8Po.bGX9VRHHtvreSqSPfFu23vU8DL0Q1co8G1pg6kg1eXx7Qf30FdVdsfrduLFbl28mZ0vVCqFUrHVEkA&mlSearchSessionGuid=a3cd6718a5962abc2f653259f6a8f554;Санкт-Петербург;sale;flat;5;8;4;413.1;496153755;Петроградский;Ремесленная ;17литЗ;Спортивная;17/33 Петровский остров
ВП недвижимость;real_estate_agent;https://spb.cian.ru/sale/flat/334424558/?context=4.2YIyQEg1QXw.BP_QjD_mXOZpB5eNmlpItLr8tlhD4mgupUn31xZjbR4SCU8QAwJakSwubcA9hlLaVgNkzakbC_kNvg&mlSearchSessionGuid=a3cd6718a5962abc2f653259f6a8f554;Санкт-Петербург;sale;flat;1;7;1;57.0;9890000;Адмиралтейский;Угловой переулок;3;Фрунзенская;
Наталья Алабугина;realtor;https://spb.cian.ru/sale/flat/334701512/?context=4.7kIxNfOIOGc.6XERSOnoCy1rGheBgksV2diuXfvjvmvro8P1E6tqbnBmRcKop69IbcFelzf0M1QcGCLzGqMpmhRxgA&mlSearchSessionGuid=a3cd6718a5962abc2f653259f6a8f554;Санкт-Петербург;sale;flat;3;7;2;69.5;16950000;Петродворцовый;Чичеринская ;2;;Университетский Петергоф
Л1 строительная компания №1;developer;https://spb.cian.ru/sale/flat/332474932/?context=4.aFWp779gts0.NuxssgOFqDRycg35Rf8P5k9eReeemRwF84_BZEiVb5Ng4AANJQ_zzt751Z7terPArS-zcwfvyzgZBA&mlSearchSessionGuid=a3cd6718a5962abc2f653259f6a8f554;Санкт-Петербург;sale;flat;13;22;3;93.0;23288868;Выборгский; Кустодиева;7к1;Проспект Просвещения;Байрон
ID 89502826;realtor;https://spb.cian.ru/sale/flat/334528966/?context=4.KVBWEBE_lbA.TVlLQhxmM-CRaLkX0rkCj5fnIxrFl8zXXp6JhP9gFXuRWCpvQ-uhzIqpmlkWz36zsu0whp1qrHnuFw&mlSearchSessionGuid=a3cd6718a5962abc2f653259f6a8f554;Санкт-Петербург;sale;flat;5;15;2;64.8;34300000;Василеостровский;набережная Миклухо-Маклая;3к1;Приморская;Морская набережная.СиВью
NF GROUP  St Petersburg;real_estate_agent;https://spb.cian.ru/sale/flat/333141615/?context=4.IACYhciH0Xo.BOkFYOA3rFZ-P7Fvxc00tImYmjYaIEtQSAGxgyhbDHBNefVeCMKqNpzEcdlv5MuFNmhUvqvcu4EigQ&mlSearchSessionGuid=a3cd6718a5962abc2f653259f6a8f554;Санкт-Петербург;sale;flat;8;9;5;246.7;290000000;Центральный;Тверская ;6;Чернышевская;
ЛСР Санкт-Петербург;developer;https://spb.cian.ru/sale/flat/318140413/?context=4.sJmm8Ww3x4k.ozk9BQZsSXZoezXQoNmOLXclmpBcOgPu_Q0kn_IR6l-L4ms8IgkF7HSV3vQu63p4WQTJJ__Y_0g4tg&mlSearchSessionGuid=a3cd6718a5962abc2f653259f6a8f554;Санкт-Петербург;sale;flat;8;9;3;118.7;66044680;Петроградский;Петровский проспект;11к2;Крестовский остров;NEVA HAUS
Гранит Инвест;real_estate_agent;https://spb.cian.ru/sale/flat/329388714/?context=4.p-06XtOShEE.Rnk3eongm7CwYxFaMsdpzAqkW1-IX9JCPiJav7rzbbRyLR9r_rtwkd6ZJ-dybL2PtS2usgdcd6ePlg&mlSearchSessionGuid=a3cd6718a5962abc2f653259f6a8f554;Санкт-Петербург;sale;flat;1;12;3;79.0;13700000;Красногвардейский;Ленская ;17К2;Проспект Большевиков;
Свободный Дом;real_estate_agent;https://spb.cian.ru/sale/flat/334469451/?context=4.jr1oQulxZms.YqpgGaADOmY_o_VvvnPXp_PftuHjEQvxUfe8uIDp_1WO6HcMomLEizpJMWscdW9QBdWe-X9QtZ16HQ&mlSearchSessionGuid=a3cd6718a5962abc2f653259f6a8f554;Санкт-Петербург;sale;flat;2;3;2;60.9;14300000;Кировский; Белоусова;18К1;Кировский завод;
СЗ 17-я Линия;developer;https://spb.cian.ru/sale/flat/331576295/?context=4.m7aY55mjdIw.OuaOFoUCbAj1TRT5XBnpi9j9hUihWUSUz0R-1r5C9YiMGeuVtVUpGOEISPmGoqkSHGcT4KBfXOYTXQ&mlSearchSessionGuid=a3cd6718a5962abc2f653259f6a8f554;Санкт-Петербург;sale;flat;3;10;2;51.96;22800000;Василеостровский;17 линия ЖК;;Василеостровская;17 линия ЖК
ID 89142796;homeowner;https://spb.cian.ru/sale/flat/334464399/?context=4.Ax9eFPQkiwo.NrJvvGoM1MrhzPMdLiI9Tmt1IS1Alr_DN4n7mhA7qBJl01n2FP9BqdcQ8yurlXF89BXGwbavy3wlZg&mlSearchSessionGuid=a3cd6718a5962abc2f653259f6a8f554;Санкт-Петербург;sale;flat;3;14;3;98.7;40700000;Приморский;Вазаский переулок;3;Черная речка;ЦДС Черная речка
Мир Квартир;real_estate_agent;https://spb.cian.ru/sale/flat/332868009/?context=4.ghmo2IJoC74.5wUI7C5ZdIuuHNe8FnZCpZ07b6yAF-639-DvkLAITArFHA76PqwoV-TI9cy3UFwOD4eRwc-RVrXWPw&mlSearchSessionGuid=a3cd6718a5962abc2f653259f6a8f554;Санкт-Петербург;sale;flat;3;7;4;256.0;560000000;Петроградский;проспект Динамо;12;Крестовский остров;
ПИК;developer;https://spb.cian.ru/sale/flat/333286785/?context=4.K_v7S4AYblM.7Tt-ffVlhwMyAkd2GJnfGO4mjxztACoVAhuN-6ecZmzTVCN8Za_NYwXVrMUgZ1vVDdz7E3_F_8fZJw&mlSearchSessionGuid=a3cd6718a5962abc2f653259f6a8f554;Санкт-Петербург;sale;flat;2;15;1;37.8;11548089;Красногвардейский;проспект Энергетиков;6;Ладожская;Вольта
Винидиктов и Партнеры;real_estate_agent;https://spb.cian.ru/sale/flat/334501830/?context=4.8mx0fXlGQ9g.4BVEssKgIxnWIDDlok8ZP3n6__NVVr6eu_pC953IZ5gVS4rHrJYWp8Jteyeb6M5n0Jin_gJl_J5fNQ&mlSearchSessionGuid=a3cd6718a5962abc2f653259f6a8f554;Санкт-Петербург;sale;flat;4;7;3;113.9;54970000;Петроградский; Глухая Зеленина;6;Чкаловская;Классика
CENTURY 21 Capital Petersburg;real_estate_agent;https://spb.cian.ru/sale/flat/334296336/?context=4.U904mfXZYc8.BRsL80kPDUvveC18hzzjf2n4gw7O1sbGV_pVy1jXjVoWZKXJTIqUL4YMKZGWHaRK8IiCtwEnUkJrpg&mlSearchSessionGuid=a3cd6718a5962abc2f653259f6a8f554;Санкт-Петербург;sale;flat;3;3;4;95.1;26950000;Адмиралтейский;Подъездной переулок;10;Пушкинская;
ИП Богачков;real_estate_agent;https://spb.cian.ru/sale/flat/332207779/?context=4.ieuWRHynCRg.Uyg7Cym8xXG7ZHq4Guctro28sKxY79HBdWZRMNRz-20OpVbtmSf7UAvM2Ongr-95gj3rL70xtc8_Cw&mlSearchSessionGuid=a3cd6718a5962abc2f653259f6a8f554;Санкт-Петербург;sale;flat;2;6;1;35.18;22000000;Петроградский; Профессора Попова;;Петроградская;ID Petrogradskaya
Владислав Рудаков;realtor;https://spb.cian.ru/sale/flat/330017446/?context=4.SBEMByhMvUU.E5iQHBFPtN5HHk8dZXW82Sq2ylYUdvXl8N23fyENLXCM7GMSbLUPvZDKzvrm5Q0A63GM8ND1c77Rig&mlSearchSessionGuid=a3cd6718a5962abc2f653259f6a8f554;Санкт-Петербург;sale;flat;3;6;3;115.0;59500000;Петроградский;Ропшинская ;24;Чкаловская;
Мир Квартир Элит;real_estate_agent;https://spb.cian.ru/sale/flat/334268876/?context=4.sx7m9J4Dwmw.OpIcWvZHydAuVjvVgZJ0QLIy3ILZDebURlAvfK4-eGqM4NTTgVJIy4R4V7889NvMEURCySZuelj_JQ&mlSearchSessionGuid=a3cd6718a5962abc2f653259f6a8f554;Санкт-Петербург;sale;flat;3;5;4;164.0;219000000;Адмиралтейский;Адмиралтейская набережная;12-14;Адмиралтейская;
LAR Development;developer;https://spb.cian.ru/sale/flat/326046627/?context=4.dgVFy1zjJhE.fTuH16yfvpjhR0K_Bz9wRoUcx47ZT5208QcuCE2kqVLQB5mqTJSK5JBo-f0o98xlVtSOgHIY1r2x6Q&mlSearchSessionGuid=a3cd6718a5962abc2f653259f6a8f554;Санкт-Петербург;sale;flat;2;4;1;39.31;19458450;Курортный;;;;Ранта Резиденс ЖК
Елизавета Шубакова;realtor;https://spb.cian.ru/sale/flat/329431601/?context=4.NKDUxypsIrQ.2cfYKeNoOnnF2SACMncwVfEsHMidmHFsfRUtrwW0Xi2N6UhXx0u-qvltxdnikO5jPMzPYOzB2fx-dg&mlSearchSessionGuid=a3cd6718a5962abc2f653259f6a8f554;Санкт-Петербург;sale;flat;11;12;3;90.0;38200000;Центральный; Военная;18к2;Площадь Александра Невского;Царская столица
Мир Квартир Элит;real_estate_agent;https://spb.cian.ru/sale/flat/334268876/?context=4._HxuuWGzZvs.dLCQfUNB7m2qgIEGXtmeI1_E32v9GQjGrSOi1ZfzajyTsILlaOswTHGNP2yJ3tVLSwu9Gpts3ohZAA&mlSearchSessionGuid=a3cd6718a5962abc2f653259f6a8f554;Санкт-Петербург;sale;flat;3;5;4;164.0;219000000;Адмиралтейский;Адмиралтейская набережная;12-14;Адмиралтейская;
ЛСР Санкт-Петербург;developer;https://spb.cian.ru/sale/flat/318135106/?context=4.HD0Q4lRI-OM.pHm-o9pacxBecTgYYOegNbLefUs31cz1kTBVGN45e2CsQ68Xc67TBAWQUeuGZNRh5jPWOP4n5p97Dg&mlSearchSessionGuid=a3cd6718a5962abc2f653259f6a8f554;Санкт-Петербург;sale;flat;6;8;4;113.0;60873100;Петроградский;Ремесленная ;15;Спортивная;NEVA RESIDENCE
ID 142244931;homeowner;https://spb.cian.ru/sale/flat/331278769/?context=4.lIb8Tl9G8cU.tC1hqGbans1l1nmFXRQahh9yUlkOfVlSh2_2MYNBKfVJyOgR_FE50eECwnWBtGkDIpfmqPW9gPDl4w&mlSearchSessionGuid=a3cd6718a5962abc2f653259f6a8f554;Санкт-Петербург;sale;flat;4;7;3;125.0;54970000;Петроградский; Глухая Зеленина;6;Чкаловская;Классика
Лучший метр;real_estate_agent;https://spb.cian.ru/sale/flat/334420196/?context=4.dbJUN5u434I.7IG0_4RHPKN7nvtkPTo9fIPIgMD1TSBw40dYITxG1BeeZuLQ05cMTDkAYLriHUBYOJ6u2bC6EtU74g&mlSearchSessionGuid=a3cd6718a5962abc2f653259f6a8f554;Санкт-Петербург;sale;flat;23;27;1;35.0;8858000;Выборгский; Федора Абрамова;21к1;Парнас;Северная долина
Винтеко;developer;https://spb.cian.ru/sale/flat/332620687/?context=4.ssQFuvtlfd0.Co8gaAESNVPeR8BvEb2djp6jCa_pTwhi9MWf7MR89KGAjJrqtdcRUVUzorlojAMCP9DpmRJhVWk3pg&mlSearchSessionGuid=a3cd6718a5962abc2f653259f6a8f554;Санкт-Петербург;sale;flat;3;7;1;81.6;37718756;Василеостровский;13-я Васильевского острова линия;50;Василеостровская;Клубный дом Манхэттен
ВП недвижимость;real_estate_agent;https://spb.cian.ru/sale/flat/332238191/?context=4.sLAxauc3WwM.6OvfLa9e6V3YvpAs9UrMnzbPSjRWusTOCct_2lmUR6zM3Dlr0BWV_uQKo4j0uIbvoiff07xyFJywQQ&mlSearchSessionGuid=a3cd6718a5962abc2f653259f6a8f554;Санкт-Петербург;sale;flat;13;14;1;38.1;9500000;Фрунзенский;Малая Балканская ;4К3;Купчино;
ONEPLACE;real_estate_agent;https://spb.cian.ru/sale/flat/334167489/?context=4.RLvttSoV0rs.TZoF3aFk-2b0gRq91SArQOndU0vB0e0aoZ8-k0dKjbibvx1Mw12vBlXBVBsdJM_EIj7qGWv9M9Lp5w&mlSearchSessionGuid=a3cd6718a5962abc2f653259f6a8f554;Санкт-Петербург;sale;flat;13;17;1;39.1;11990000;Приморский;Парашютная ;61к4;Комендантский проспект;Шуваловский
Балтийская коммерция;developer;https://spb.cian.ru/sale/flat/326074457/?context=4.pIPN1LlwnJA.S8SWQ2mutSX1feVlw21CBmoQv9JCqafHI6eEqXHmUIOhOTWFymWOrfkR2XkR7-gyYNdXShDHVAHYDw&mlSearchSessionGuid=a3cd6718a5962abc2f653259f6a8f554;Санкт-Петербург;sale;flat;6;10;4;144.73;96245450;Центральный;Новгородская ;14;Площадь Александра Невского;Гильдия
АР НУВО;real_estate_agent;https://spb.cian.ru/sale/flat/326900206/?context=4.Js9DMiHiWhM.xswkXZt8RXaZ8e3VOK0SnOS0ObhxSfJscWBJhfY9yymcY8bWmp0qKgHw9pNOxFV6F1rooIoXlU6UVQ&mlSearchSessionGuid=a3cd6718a5962abc2f653259f6a8f554;Санкт-Петербург;sale;flat;8;10;3;108.2;68000000;Петроградский;Корпусная ;9;Чкаловская;Lumiere
Суслов недвижимость;real_estate_agent;https://spb.cian.ru/sale/flat/334218186/?context=4.WIIVxcBEZ2Q.5vF-uwLD7LaQGyx0go-_9Fv9g0JxDhP4kOFmL0IGOjo8LWyM908f6gnhRtcYC70Z3UBhiKRZQ29uVw&mlSearchSessionGuid=a3cd6718a5962abc2f653259f6a8f554;Санкт-Петербург;sale;flat;4;17;1;55.0;17000000;Красногвардейский;Свердловская набережная;58;Новочеркасская;Платинум
Балтийская коммерция;developer;https://spb.cian.ru/sale/flat/326074331/?context=4.ynE5lnH2eUE.DSG_uCaDTfo0bnNL3oqisZm3hHkPKSIum9IQxVjgKgcLAksHT5Yolcw5L4tDWXowphBsAEbbtYfuYw&mlSearchSessionGuid=a3cd6718a5962abc2f653259f6a8f554;Санкт-Петербург;sale;flat;9;10;1;32.89;23845250;Центральный;Новгородская ;14;Площадь Александра Невского;Гильдия
Ставръ-недвижимость;real_estate_agent;https://spb.cian.ru/sale/flat/312303588/?context=4.1vFOsmZ4O9g.IfOmijoIYq7ESVZwlLYED8363C22q9_pHIxj2Grw3Y0cHf5nvilUIQ_vjODZvL18H_4qmrCAxQrceg&mlSearchSessionGuid=a3cd6718a5962abc2f653259f6a8f554;Санкт-Петербург;sale;flat;5;5;3;92.3;22750000;Пушкинский; Переведенская;8с2;Купчино;Царский двор
Гранит Инвест;real_estate_agent;https://spb.cian.ru/sale/flat/333191426/?context=4.bIRSjK2uN8g.FyKvDTVmshch4Bxo2b2WSMAMwSO_3Me4CKwXmQJD9dLI9js_FcXYkTDHmXtmUUfYPQFW0ezfgxGpRA&mlSearchSessionGuid=a3cd6718a5962abc2f653259f6a8f554;Санкт-Петербург;sale;flat;1;5;5;67.6;11500000;Красносельский; Тамбасова;25К2;Юго-Западная;
ГРАФИТ;developer;https://spb.cian.ru/sale/flat/333984352/?context=4.F-WtzkhESTo.jcqZPcIlwBckY9LFfkq_2KCntWqWMcMXgOsQPNocnMER0ZK2dvsom9YQPpVr9YLvyN_953sKb5jfKg&mlSearchSessionGuid=a3cd6718a5962abc2f653259f6a8f554;Санкт-Петербург;sale;flat;1;3;1;56.5;23528578;Пушкинский;Новая ;20;Купчино;VI Квартал
BEYOND. ex-Engel Volkers;real_estate_agent;https://spb.cian.ru/sale/flat/330664579/?context=4.0IWx_22AAf8.x0TEhLepCVdgoqbsl5kLyTIJLW_yQnPRF48l73EGH8tDw7ElMlXdo9ZEj6QRaa72VNIdnC3a9Qu9rw&mlSearchSessionGuid=a3cd6718a5962abc2f653259f6a8f554;Санкт-Петербург;sale;flat;5;7;1;78.6;69900000;Василеостровский;13-я Васильевского острова линия;50;Василеостровская;Клубный дом Манхэттен
Б7;real_estate_agent;https://spb.cian.ru/sale/flat/334690300/?context=4.7xtaihwYUPE.__KKULBo9G7bkH_t6pV6ARISXmTW5DRd0vzS-zqs7zGKKD1UccXN2RSF6hry8OXrsC9wcJ0PIruYWw&mlSearchSessionGuid=a3cd6718a5962abc2f653259f6a8f554;Санкт-Петербург;sale;flat;7;7;4;266.1;195500000;Центральный;Миргородская ;20;Площадь Александра Невского;Grand House
ФСК;developer;https://spb.cian.ru/sale/flat/328717353/?context=4.VtwPMWMmILI.aPcOo8LdtDJtq_dmPRreWbHCw5y8cSQtZC_fM5oCjKCK_m9TbbKv-PkqY-m4Q03AcYCwv21sWKVCvw&mlSearchSessionGuid=a3cd6718a5962abc2f653259f6a8f554;Санкт-Петербург;sale;flat;9;10;4;142.17;112365552;Центральный;Смольнинское;;Площадь Александра Невского;Новгородская 8 ЖК
Ставръ-недвижимость;real_estate_agent;https://spb.cian.ru/sale/flat/322408388/?context=4.xs1zutxDMU4.Rb3ZvCnySNk0IMmgsNFj1GmDgYudMBsAhbGpCSqnKA6qDpbLbxpHm9jale2fCRUvbHZboWV3SvCvyA&mlSearchSessionGuid=a3cd6718a5962abc2f653259f6a8f554;Санкт-Петербург;sale;flat;3;5;2;81.6;20700000;Пушкинский;Малиновская ;9;Купчино;
Ойстерс;real_estate_agent;https://spb.cian.ru/sale/flat/326280829/?context=4.rnHODBC1x84.BDJQYZ5kprDJaXsp-18U7rMXTMmOM5VFQ90YXvhDPRj-7Kf8sYViywu1vXp5PbvozK5W-ZXXj1jJKw&mlSearchSessionGuid=a3cd6718a5962abc2f653259f6a8f554;Санкт-Петербург;sale;flat;3;7;3;160.0;77000000;Курортный;Приморское шоссе;424;;Crystal
Балтийская коммерция;developer;https://spb.cian.ru/sale/flat/326074406/?context=4.QLOGCwzjmH8.QkarAnmR4DyI13rRcRtsqC9-8Ss1aDLNlI-n4I1UCwv8yq-P2tK9mnG2DXkgdT5lcCoKDCcqXfq-PQ&mlSearchSessionGuid=a3cd6718a5962abc2f653259f6a8f554;Санкт-Петербург;sale;flat;9;10;4;155.91;103680150;Центральный;Новгородская ;14;Площадь Александра Невского;Гильдия
NF GROUP  St Petersburg;real_estate_agent;https://spb.cian.ru/sale/flat/332061360/?context=4.w_VBvWsUtgM.lcUq4xf958MZog5cJoRLS-ZZLb-MbunNMnYTDWrjeLaCtVvn1CcKt61gd4IXe2e0TaGt9ShW79U4vg&mlSearchSessionGuid=a3cd6718a5962abc2f653259f6a8f554;Санкт-Петербург;sale;flat;3;9;3;138.0;129000000;Петроградский;проезд Петровская коса;6к1;Крестовский остров;Петровская Доминанта
Торговый Дом Недвижимости;real_estate_agent;https://spb.cian.ru/sale/flat/332176421/?context=4.t54to-_PlUA.nVcI-3uFbTG4YqyqPdARNC-0UT2bul6AuiPz_LCwqcz7YcQfthXGzHNObp4CSL3HxOY6kyZDF3lJZA&mlSearchSessionGuid=a3cd6718a5962abc2f653259f6a8f554;Санкт-Петербург;sale;flat;1;12;2;52.1;9380000;Красносельский;проспект Кузнецова;21;Юго-Западная;
ГК ПСК;developer;https://spb.cian.ru/sale/flat/334456081/?context=4.d2Zb0eb4Fig.JDrnwunDskulitNsv06IXGdK16YPXyWGGfHFnRgrQCciztLxgQFWIeax5I9xiwvWNho6xXMWF03r3Q&mlSearchSessionGuid=a3cd6718a5962abc2f653259f6a8f554;Санкт-Петербург;sale;flat;11;12;4;100.11;38682504;Фрунзенский; Фучика;21;Бухарестская;Оптимист
NF GROUP  St Petersburg;real_estate_agent;https://spb.cian.ru/sale/flat/333025867/?context=4.YFL2oaPv4eM.bHz0E5YhFu7WMgiIersELGud0_hUQAfSJNfmBshzUjLNJewMCszNHilQL02ta7czuel_uRkpbI8osA&mlSearchSessionGuid=a3cd6718a5962abc2f653259f6a8f554;Санкт-Петербург;sale;flat;4;8;2;70.0;46500000;Петроградский;Петровский проспект;22к2;Крестовский остров;Familia
CENTURY 21 MAV Real Estate;real_estate_agent;https://spb.cian.ru/sale/flat/334619483/?context=4.EvGxDcWDzIU.i6cgchFpQIJvkFzMt32Gpee4gAZjn7c2QQKO96bTT9RUy-7dxF1T9avzS0ersC1bn8wMUNd4eKzjMQ&mlSearchSessionGuid=a3cd6718a5962abc2f653259f6a8f554;Санкт-Петербург;sale;flat;2;10;3;93.0;18999990;Калининский;проспект Просвещения;53К4;Проспект Просвещения;
ЛСР Санкт-Петербург;developer;https://spb.cian.ru/sale/flat/318140433/?context=4.xm4mnEoLY0M.fTPUr2xB5z1FkyOZ5PeWb9UN_xFMUDcniRLJgiaUhcbUiRRjrbWmcP4uqAV0f2kF-hkP4K7mRhGcCw&mlSearchSessionGuid=a3cd6718a5962abc2f653259f6a8f554;Санкт-Петербург;sale;flat;8;9;1;51.8;37648240;Петроградский;Петровский проспект;9к2;Чкаловская;NEVA HAUS
Евгений Смирнов;realtor;https://spb.cian.ru/sale/flat/334661109/?context=4.re5HzFnhbqY.J9_LoksIWlsmj4-RVMSu3_5b0k2RAEx1B6rxyz4uHBG45obp9NSUaawvBbcPjtOxArQrYkFwdq0ppg&mlSearchSessionGuid=a3cd6718a5962abc2f653259f6a8f554;Санкт-Петербург;sale;flat;3;8;3;138.0;125000000;Петроградский;Петровский проспект;22к2;Крестовский остров;Familia
Твой ДОМ;real_estate_agent;https://spb.cian.ru/sale/flat/333492785/?context=4.HVdxDcDUVsc.Gp7wrCpgiHjQRcwjnz4dJ29Sf3z5pxJiP44UWFQJr-5V5fplKt34nj8FK7ih3v1_JMbQ762oajfEYA&mlSearchSessionGuid=a3cd6718a5962abc2f653259f6a8f554;Санкт-Петербург;sale;flat;15;15;1;50.1;10997000;Фрунзенский;Софийская ;48к4;Ломоносовская;Единство
ФСК;developer;https://spb.cian.ru/sale/flat/324468692/?context=4.vO9viFfU2wI.tr7T-cjdC79ejouSqQQ23MM7oFb0cQ3ObrXk_lZKXFg1wHVG7-QXdCC9E9HW4VVjZAH6RLqvBwK2OA&mlSearchSessionGuid=a3cd6718a5962abc2f653259f6a8f554;Санкт-Петербург;sale;flat;2;10;1;36.05;21423433;Центральный;Смольнинское;;Площадь Александра Невского;Новгородская 8 ЖК
Мир Квартир Элит;real_estate_agent;https://spb.cian.ru/sale/flat/327591209/?context=4.8to9Sk0AFwI.uQQcQFLX0NvV6tjdRQitlz0J9xgV0J8Y16k_7Qd6B7fI-wB7NmhIf_imn2t8s9QjXtYS3Uz8-3aV6w&mlSearchSessionGuid=a3cd6718a5962abc2f653259f6a8f554;Санкт-Петербург;sale;flat;4;9;3;150.4;50000000;Петроградский;проспект Малый Петроградской стороны;19;Чкаловская;
Азбука Дома;real_estate_agent;https://spb.cian.ru/sale/flat/334588359/?context=4.-JAzwqu-yns.uvbLgWhTtHwFmVZntsoNi1C8H8Ox8K1_gKNFhCyGtbuj4Cu5tb-I4IRy7iZDndwK8c5InSUYpxn4ow&mlSearchSessionGuid=a3cd6718a5962abc2f653259f6a8f554;Санкт-Петербург;sale;flat;1;5;3;61.0;6900000;Красносельский; Юных пионеров;18к2;Юго-Западная;
Брусника;developer;https://spb.cian.ru/sale/flat/334665025/?context=4.OQdB4olyHK4.M-R-ivtaiisduQr14eRSu4CqfZBYf5WNhmf2u_MBLG4lmSVjGRt0I8Vmbksbesm_Y_s8CdKrB8Obfw&mlSearchSessionGuid=a3cd6718a5962abc2f653259f6a8f554;Санкт-Петербург;sale;flat;3;10;1;37.45;15730000;Василеостровский;Морской;;Приморская;Северный Ветер ЖК
Мир Квартир Элит;real_estate_agent;https://spb.cian.ru/sale/flat/333504930/?context=4.4zLsZsm18IQ.jlf_F5oqXRRPeK09ryJSacnDkU20EJ2Pf1ZK5pKt-wIvAS7U8hK2HOMA8Zylfu30MXlyLDDAUOW-_A&mlSearchSessionGuid=a3cd6718a5962abc2f653259f6a8f554;Санкт-Петербург;sale;flat;5;6;2;102.0;72000000;Центральный;Большая Морская ;4;Адмиралтейская;
Мир Квартир Элит;real_estate_agent;https://spb.cian.ru/sale/flat/325422613/?context=4.mW1jrhQtBxM.TyWn1QTukFk3LfZNkzyyTSDGFaogqUIbZp8qVKt2drmUa44tUTkGoVkq-QZ8FFzIgaX7R7J_btGaMA&mlSearchSessionGuid=a3cd6718a5962abc2f653259f6a8f554;Санкт-Петербург;sale;flat;4;4;4;170.9;35500000;Адмиралтейский;Большая Морская ;31;Адмиралтейская;
СЗ 17-я Линия;developer;https://spb.cian.ru/sale/flat/334717483/?context=4.8VATXFfYprI.3M2ATm6pVc9f0j7itNiAzvg4L_zJD45AM1kufhUn0jTGYd7wpkkIzx91a-B3xswRTcqmsBEaJPYNOQ&mlSearchSessionGuid=a3cd6718a5962abc2f653259f6a8f554;Санкт-Петербург;sale;flat;2;10;1;36.18;15867240;Василеостровский;17 линия ЖК;;Василеостровская;17 линия ЖК
Любовь Васильева;realtor;https://spb.cian.ru/sale/flat/332646744/?context=4.dDN1ee3kDAg.xC-1WOXNOAGrcUwGz4c6MJzkYJ8u5KsXV4zMAi_YU_kTGILYjUcRImaNfVMCPHEJiQ4EhE1NdcGeDg&mlSearchSessionGuid=a3cd6718a5962abc2f653259f6a8f554;Санкт-Петербург;sale;flat;4;9;1;32.3;9000000;Курортный;проспект Ленина;25;;
Ойстерс;real_estate_agent;https://spb.cian.ru/sale/flat/333991061/?context=4.M6Z2uxm7M-0.2dnHEaqOj6psuDLA-7VTEOfpOqu0bk5Z05YVOrwQJF3OF4Bsn4n14bw9lKPL29bxN7PDVDKBVJ3NoQ&mlSearchSessionGuid=a3cd6718a5962abc2f653259f6a8f554;Санкт-Петербург;sale;flat;3;4;4;156.5;59000000;Центральный;Итальянская ;33;Гостиный двор;
Унистрой;developer;https://spb.cian.ru/sale/flat/330596593/?context=4.x3IW3VMOsSM.kMP9bNSjK_8bZyDYh4-h4vA6ozTbtQonoR4vGP8BX8cRbK2zvLPIZQXgYS-jR1j90bhPa12WmdCxcA&mlSearchSessionGuid=a3cd6718a5962abc2f653259f6a8f554;Санкт-Петербург;sale;flat;2;5;1;27.25;9526000;Курортный;Авиационная ;5к2;Беговая;Лисино
Ойстерс;real_estate_agent;https://spb.cian.ru/sale/flat/327072374/?context=4.G6o-Qbo7NfY.MKMlKKy1NyTOXGxHT6maSRbhlBbq9s545Grs-j67fP-k3YZjh5bELfHtk2QiW0WjbvfrejnLsCwO0Q&mlSearchSessionGuid=a3cd6718a5962abc2f653259f6a8f554;Санкт-Петербург;sale;flat;15;16;5;287.6;130000000;Василеостровский;Наличная ;26к4;Приморская;Васильевский Квартал
CENTURY 21 MAV Real Estate;real_estate_agent;https://spb.cian.ru/sale/flat/334450891/?context=4.xiWEddZ4bjM.RemEtTiuhR0v2c8vgN0c-YlgThPSiZu4UA0AeQdQD47b33DPgCu1T2F-ZV7yMR3-O8G7Vsza2DCYtw&mlSearchSessionGuid=a3cd6718a5962abc2f653259f6a8f554;Санкт-Петербург;sale;flat;4;4;3;86.5;23990000;Красносельский;Петергофское шоссе;45;Юго-Западная;Жемчужная симфония
ЛСР Санкт-Петербург;developer;https://spb.cian.ru/sale/flat/318135025/?context=4.-NfsMJjoGC0.-PwuuvbfrdVOUutjb8VyvkCrY5PyHpMPmW0erHAjTGnKZz5LK1z5hs-X2axU3U4zkVDlEEgLcQvGoQ&mlSearchSessionGuid=a3cd6718a5962abc2f653259f6a8f554;Санкт-Петербург;sale;flat;6;8;3;80.6;47255780;Петроградский;Ремесленная ;15;Спортивная;NEVA RESIDENCE
ВЕСТА;real_estate_agent;https://spb.cian.ru/sale/flat/334106372/?context=4.rX0rBiuGSOE.3gdl-U2FzaugfXZPcwRYcOWOciYV55ZD0mj9Z9F1oxN_1efXq2rgdINLmjocvny0melhgUhEn7OvTw&mlSearchSessionGuid=a3cd6718a5962abc2f653259f6a8f554;Санкт-Петербург;sale;flat;2;5;3;56.1;10700000;Калининский; Софьи Ковалевской;15К1;Академическая;
Мир Квартир Элит;real_estate_agent;https://spb.cian.ru/sale/flat/322228783/?context=4.eGpfpxRsZzg.iOGO213pn5xxwVdoawKtZCjhVcgAXxju0xhIluFq8ULZAnYWu7z1te92hmHETQz88cCZ-Mk7C6U9wg&mlSearchSessionGuid=a3cd6718a5962abc2f653259f6a8f554;Санкт-Петербург;sale;flat;2;3;5;442.0;295000000;Петроградский;2-я Березовая аллея;19;Черная речка;
Брусника;developer;https://spb.cian.ru/sale/flat/334665018/?context=4.oW4jUYDNy14.bR_jf6QrH8XuTMoCbrn035j7LbV8kCB98--0Ny-H6c1G9uLgW_5i79SqJRapCb58DWSDZ7fYHIH4ig&mlSearchSessionGuid=a3cd6718a5962abc2f653259f6a8f554;Санкт-Петербург;sale;flat;3;12;3;62.07;22430000;Василеостровский;Морской;;Приморская;Северный Ветер ЖК
ONEPLACE;real_estate_agent;https://spb.cian.ru/sale/flat/333729488/?context=4.JTljM86c4HY.GIqC5FkPxWeNFBujjVa_yXDcAiMQ3YZ4dJ6C4c0R_2Whl353orCezMgob_zUeAR5flHf5rXMdl9z6g&mlSearchSessionGuid=a3cd6718a5962abc2f653259f6a8f554;Санкт-Петербург;sale;flat;5;6;3;67.4;17800000;Василеостровский;9-я Васильевского острова линия;22;Василеостровская;
Sever Group;real_estate_agent;https://spb.cian.ru/sale/flat/333648307/?context=4.9ozttNf3PkU.SyzkSVkHQLGQYDMsJ-84V2Xi0abDMVI-Rxq2xxyYT1H1Y8ELbROZDqp8B-vSzN_cSXzaDSrrWkCscA&mlSearchSessionGuid=a3cd6718a5962abc2f653259f6a8f554;Санкт-Петербург;sale;flat;1;12;2;56.1;11350000;Приморский;проспект Испытателей;26;Комендантский проспект;
ГК ПСК;developer;https://spb.cian.ru/sale/flat/334455925/?context=4.M5RC7RidP_Q.MrxzsuWJDntHl1sS0PeMBi62g0NiQlVCpzs4PFbk4TFpns4VKXD6QU2XCxyDBkubRgum2fRlzQzy6Q&mlSearchSessionGuid=a3cd6718a5962abc2f653259f6a8f554;Санкт-Петербург;sale;flat;3;12;3;67.95;27570576;Фрунзенский; Фучика;21;Бухарестская;Оптимист
NEWдвижимость;real_estate_agent;https://spb.cian.ru/sale/flat/332528558/?context=4.tXEls87Z1Mc.EA3kjEYEJ_Heqt7jnAVU0N6QvgeUWwzA4yzgRg8hexdjF7s1Tu82geEFCBOcV5sVMi2l3ppNEmQtYw&mlSearchSessionGuid=a3cd6718a5962abc2f653259f6a8f554;Санкт-Петербург;sale;flat;3;4;5;197.6;43200000;Приморский;Глухарская ;13К1;Комендантский проспект;
Экотон;real_estate_agent;https://spb.cian.ru/sale/flat/332032464/?context=4.AYGZty1gUhg.3FXmznJ76zpNBaEGR7afEf3sGBSL8HbPqRZukDmTWZwwAi6K074oo392SCFJSqjcAgVqcPcETWif5Q&mlSearchSessionGuid=a3cd6718a5962abc2f653259f6a8f554;Санкт-Петербург;sale;flat;2;10;1;52.7;12500000;Василеостровский; Одоевского;17;Спортивная;ODOEVSKIJ Apart
Винтеко;developer;https://spb.cian.ru/sale/flat/332620673/?context=4.TwUzUm2lXAE.DDUBSXnQPdA0AGts0qGgoKqZJjES_1mIHji8O00Wj7fwlvarLecNUGxgV6hyDEQZwGseL4svUuNw_Q&mlSearchSessionGuid=a3cd6718a5962abc2f653259f6a8f554;Санкт-Петербург;sale;flat;2;7;2;119.7;53670184;Василеостровский;13-я Васильевского острова линия;50;Василеостровская;Клубный дом Манхэттен
Century21 Imperial;real_estate_agent;https://spb.cian.ru/sale/flat/333576662/?context=4.L1lfh_HCdls.LwoNb2RB_A-Sh1U5XRxbm6mqYYs0BhsyWEgZYk-i1Kd5cxifcuRTFVx_Xo86y6lg9gOptm9tvWR8mg&mlSearchSessionGuid=a3cd6718a5962abc2f653259f6a8f554;Санкт-Петербург;sale;flat;20;25;1;36.4;9700000;Красносельский; Маршала Казакова;82к1;Юго-Западная;Южная акватория
АР НУВО;real_estate_agent;https://spb.cian.ru/sale/flat/333716840/?context=4.hLVxo_8pjWw.VaK6TmI0vDIICEPI4HQMeXKuTZ-lmgwNvURLGuVUzg-6R0pcwakffBNtv8FG4Ip7NzPaUWvW3kXWeA&mlSearchSessionGuid=a3cd6718a5962abc2f653259f6a8f554;Санкт-Петербург;sale;flat;10;23;1;39.6;12300000;Выборгский; Композиторов;12Б;Проспект Просвещения;Маэстро
Винтеко;developer;https://spb.cian.ru/sale/flat/332620680/?context=4.eSwfvZbeOzk.QgQ0tMRrG5YTyrR6uxGARl8e2a9T4zvbTZIr5KEXxVcNONm-vAHr73-YMo7HP2EEYoFexJngcmV1_g&mlSearchSessionGuid=a3cd6718a5962abc2f653259f6a8f554;Санкт-Петербург;sale;flat;2;7;3;140.1;77474279;Василеостровский;13-я Васильевского острова линия;50;Василеостровская;Клубный дом Манхэттен
Город - М171;real_estate_agent;https://spb.cian.ru/sale/flat/331831859/?context=4.U_C9PbEcyyU.rmpC8Rx2WtJ2sisbxR5lHkaOKAka6y9i7-qrZDZiOxIJKp4R2L4L6A6sRFgA0Sj4r5iylSewvUa4Dg&mlSearchSessionGuid=a3cd6718a5962abc2f653259f6a8f554;Санкт-Петербург;sale;flat;1;12;2;55.0;10750000;Красносельский; Доблести;18К1;Юго-Западная;
Кремлёвские Ключи;real_estate_agent;https://spb.cian.ru/sale/flat/334692322/?context=4.qgW1crRydT8.0bSlxcPGolmSlBCoE7WxeqlS87qAnd5AjDJ_Ak8Wxo7_4QecSvQC7b9865pPygqwCkjeJ-chG3rdNQ&mlSearchSessionGuid=a3cd6718a5962abc2f653259f6a8f554;Санкт-Петербург;sale;flat;16;25;2;75.1;22500000;Фрунзенский;Дунайский проспект;55к1;Дунайская;Карпаты
ЛСР Санкт-Петербург;developer;https://spb.cian.ru/sale/flat/333435018/?context=4.MtsaMBy4Lf8.7QSlpm18YKxmzJOdta54qhUP2Rd7e4m9dP5BpvUa2Xtwzk5SzyF3FunoSkmzOMiuk0QMctkNzBCgYg&mlSearchSessionGuid=a3cd6718a5962abc2f653259f6a8f554;Санкт-Петербург;sale;flat;3;17;2;52.85;23602810;Василеостровский;бульвар Александра Грина;;Приморская;Бульвар Грина
Азбука Дома;real_estate_agent;https://spb.cian.ru/sale/flat/331855930/?context=4.i9MX4eAoel8.jJygMnlorCY6J0sHcR8P8_UCorsEIhw65DwqDTSrPKp4Fh1BVElLYagl-5I-QIP4cm4u2jKAdiq_mg&mlSearchSessionGuid=a3cd6718a5962abc2f653259f6a8f554;Санкт-Петербург;sale;flat;11;12;2;55.0;15000000;Приморский;Камышовая ;14;Комендантский проспект;
Домината;real_estate_agent;https://spb.cian.ru/sale/flat/328828860/?context=4.Go46o0JFHqI.wnscxSi1gLZbw2f3vTlUDU8aOCEjbZYuxNi_rZaxmt-N7dcUoKsHbqq70fD9qqNcm4zw2ih8gVufpg&mlSearchSessionGuid=a3cd6718a5962abc2f653259f6a8f554;Санкт-Петербург;sale;flat;4;4;3;55.5;9300000;Красногвардейский;Беломорская ;28К2;Ладожская;
Росстройинвест;developer;https://spb.cian.ru/sale/flat/334467526/?context=4.3bOYbzrERKs.k0jMCFM7PJrtYl8_RTgQMjDS3SOIzrpfqNiaFPf7gTmGqpQu7ZaJqrrHA3AG6oniTas_G_riG4kRhw&mlSearchSessionGuid=a3cd6718a5962abc2f653259f6a8f554;Санкт-Петербург;sale;flat;3;13;1;29.56;12400328;Фрунзенский;Волковское;;Бухарестская;Гранат ЖК
Северный модерн;real_estate_agent;https://spb.cian.ru/sale/flat/333632405/?context=4.ttWpxBOVKH8.BLS7QnRQkmnz51EbV-HZYZwr02lR7B--jg9L9lqFuVUlCuv1iPFP6y4FC4M2E4gnOqSSpeMWgicNYQ&mlSearchSessionGuid=a3cd6718a5962abc2f653259f6a8f554;Санкт-Петербург;sale;flat;7;10;3;95.6;35000000;Выборгский;Манчестерская ;5к1;Удельная;Svetlana Park
BARNES International Realty;real_estate_agent;https://spb.cian.ru/sale/flat/334278207/?context=4.XkV3EAtWSr0.hJAN4dSvZE_5BIEuZMRWD3Rx2bIqr_aIG7cnBRuPApd7xrTTpUgcArtfP86ArECFOcv39T7Te-TQkw&mlSearchSessionGuid=a3cd6718a5962abc2f653259f6a8f554;Санкт-Петербург;sale;flat;4;4;5;128.3;34240000;Курортный;Рыбацкая ;11;Беговая;Петербургское Садовое кольцо
ЛСР Санкт-Петербург;developer;https://spb.cian.ru/sale/flat/334719046/?context=4.gPFpinxzd5Y.eq0f_UwH6f9BKzDpS12d7-9Q1_qToWb_gNXSwiE9WHL3SxHOKQUt8X9gC57alHp_bw2m3r56nfAyog&mlSearchSessionGuid=a3cd6718a5962abc2f653259f6a8f554;Санкт-Петербург;sale;flat;7;17;3;75.18;34289598;Василеостровский;бульвар Александра Грина;;Приморская;Бульвар Грина
Мир Квартир Элит;real_estate_agent;https://spb.cian.ru/sale/flat/333542661/?context=4.zLbWWNV64lw._D9INHZxpCm7F6I3y1yTOd0ayDO2rehjD7lOaPG-1V-0ofaNLHbfOa0i_s40sOW3EW_lVh1Tq66a2A&mlSearchSessionGuid=a3cd6718a5962abc2f653259f6a8f554;Санкт-Петербург;sale;flat;5;6;2;106.0;42000000;Петроградский;Большая Разночинная ;7;Чкаловская;
Кремлёвские Ключи;real_estate_agent;https://spb.cian.ru/sale/flat/331699888/?context=4.-zICGFJ3mak.r47Kg85x6pDa7DML1BLDZO0r5VnhnkfjItQslxLS_2ToXZ_A6DdXhYLDIxqFWIcOyFTdxzvf3ZsLKw&mlSearchSessionGuid=a3cd6718a5962abc2f653259f6a8f554;Санкт-Петербург;sale;flat;2;6;5;138.0;28690000;Василеостровский;5-я Васильевского острова линия;66;Спортивная;
Унистрой;developer;https://spb.cian.ru/sale/flat/323954913/?context=4.2YhvRNXwRnQ.LK7b6oFVaJAza-00dP9hdlVwQyZdnHWdZ3d0OQDrJN1kqMNjrfiS0MmnewAVu3LXk0uQwmNpeXptpw&mlSearchSessionGuid=a3cd6718a5962abc2f653259f6a8f554;Санкт-Петербург;sale;flat;2;5;3;72.15;22350000;Курортный;;;Зенит;Лисино
Мир Квартир;real_estate_agent;https://spb.cian.ru/sale/flat/332501060/?context=4.LHnTBod08og.xHNmpDLZE8rjytwtfNIbr2ozFbpjRtROYy611iIgWhmoXGQnBW1yFF8XYGtehkATaNn_72Kv4C0CcA&mlSearchSessionGuid=a3cd6718a5962abc2f653259f6a8f554;Санкт-Петербург;sale;flat;5;6;5;184.3;46000000;Центральный;Фурштатская ;2/12;Чернышевская;
Северный модерн;real_estate_agent;https://spb.cian.ru/sale/flat/331857060/?context=4.boPhrC8RTpQ.EM-f_TU6ez0EVLBrWfkSEDHKoH4QwsVaZXdN2UrjPHew0HY9cQuHVlv1nyXYkNttBbvBZT0sSN3jHA&mlSearchSessionGuid=a3cd6718a5962abc2f653259f6a8f554;Санкт-Петербург;sale;flat;2;5;3;77.9;15800000;Кировский;проспект Стачек;4/1;Нарвская;
ЛСР Санкт-Петербург;developer;https://spb.cian.ru/sale/flat/334719226/?context=4.nIrselkmCbs.lvpHR2X9qPL3Elsv6DpbBM7YI5qVZPH6OUWEFwQ4IYnSsa33n3Qo_OXiswJ4Z9LVcNiGlDCXS8o2XQ&mlSearchSessionGuid=a3cd6718a5962abc2f653259f6a8f554;Санкт-Петербург;sale;flat;6;17;1;34.8;16255080;Василеостровский;бульвар Александра Грина;;Приморская;Бульвар Грина
Ойстерс;real_estate_agent;https://spb.cian.ru/sale/flat/333166853/?context=4.i0YgBfTl83g.sTJiYHBnxeF00NDMQoNFnDdbmD54xHST7gclwYs70Rfu8Qo3rQ_mg5L05TyPdHwL1PDAqGfHN32uLw&mlSearchSessionGuid=a3cd6718a5962abc2f653259f6a8f554;Санкт-Петербург;sale;flat;8;10;2;98.6;39500000;Петроградский;Каменноостровский проспект;40а;Петроградская;
ПАН Партнер;real_estate_agent;https://spb.cian.ru/sale/flat/334192237/?context=4.53sjeoBxr0E.IZSRS5Q-qvSJto1bCaF0CgdNMGuIio07ZovASZWjOzsRaTOc4-_5wYcsI-U7OZwOfFK0LwpLb92JJw&mlSearchSessionGuid=a3cd6718a5962abc2f653259f6a8f554;Санкт-Петербург;sale;flat;9;17;2;59.9;22500000;Калининский;Пискарёвка;6к1;Лесная;Дом на Блюхера
ЛСР Санкт-Петербург;real_estate_agent;https://spb.cian.ru/sale/flat/334040110/?context=4.bgi2OFHrWr0.ZsTHLIMPSGytgrTra2XFsm8fNZKacGsX976Qpg2opMTbEKl8h5ZgN9yqY8UHnTCmwevweLsLowSxiA&mlSearchSessionGuid=a3cd6718a5962abc2f653259f6a8f554;Санкт-Петербург;sale;flat;2;7;2;61.35;43233590;Центральный;Синопская набережная;56с3;Площадь Александра Невского;Нева Арт
Century21 Imperial;real_estate_agent;https://spb.cian.ru/sale/flat/334112942/?context=4.2Flv_dgiQ-A.e1famxpcNP2E5tLMFt7TyhcEH1QhbGnkyh7EhV-QZC7erI-VYoOwaN0SLYMr_2CYYUvT7YN5B_HDng&mlSearchSessionGuid=a3cd6718a5962abc2f653259f6a8f554;Санкт-Петербург;sale;flat;4;4;1;32.5;10350000;Красносельский; Ивана Куликова;12;Юго-Западная;Солнечный город. Резиденции
Владис Аврора;real_estate_agent;https://spb.cian.ru/sale/flat/324555216/?context=4.36btqlJDNQE.4EoUi2V4e0AfCqxhgbwYP6GjcWoDkJgIiRbBQtXCML6A1MgLrl6GXwx2Cw-T2qhuukyCJfGJYOzrtw&mlSearchSessionGuid=a3cd6718a5962abc2f653259f6a8f554;Санкт-Петербург;sale;flat;5;6;3;78.0;29300000;Красногвардейский;Малоохтинский проспект;94;Новочеркасская;
ЛСР Санкт-Петербург;developer;https://spb.cian.ru/sale/flat/318135746/?context=4.W6o5oz_jO2Q.NjboWU-xyytwaw20zsqe25Hm-W6tF9GbW1uGqckGzvMQxtnSSCqQVp86EeULo-nfg9emIUcIO8YYgw&mlSearchSessionGuid=a3cd6718a5962abc2f653259f6a8f554;Санкт-Петербург;sale;flat;3;10;3;69.8;26095428;Красногвардейский;Большая Охта;;Ладожская;ЛСР Большая Охта ЖК
Город - М171;real_estate_agent;https://spb.cian.ru/sale/flat/332777438/?context=4.2jm6NIhbTQw.z6LL9j9opO2oypYKuKf4P6iP4jQRPXjLZB-KSlRNHaUSbuCaooadhaN75iTRP1_M8T3afnZDqjovPA&mlSearchSessionGuid=a3cd6718a5962abc2f653259f6a8f554;Санкт-Петербург;sale;flat;4;5;2;56.1;12600000;Петродворцовый; Парковая;16к5;Юго-Западная;Новый Петергоф
АДРЕСАТ;real_estate_agent;https://spb.cian.ru/sale/flat/332658028/?context=4.RmdVWJQhF3k.6WtJ_kZkLIn52_qzn4deDLUB4PMQguVJYbvd2eoArfWrrRcfA4nQetuYP5sOHmr0WvKj7OKliSfwZQ&mlSearchSessionGuid=a3cd6718a5962abc2f653259f6a8f554;Санкт-Петербург;sale;flat;2;26;1;68.2;17799000;Приморский;Фермское шоссе;32;Удельная;Северная корона
СЗ 17-я Линия;developer;https://spb.cian.ru/sale/flat/331576284/?context=4.HkC8Se0nC9Y.IGn6qb3Gk4LaBuKH31AOOA-SloFKifghK3Cmks8QAbQ2X_n4oHxJcGs19pzboPcnlW6nbyTUFi2ytQ&mlSearchSessionGuid=a3cd6718a5962abc2f653259f6a8f554;Санкт-Петербург;sale;flat;3;10;2;54.74;23417500;Василеостровский;17 линия ЖК;;Василеостровская;17 линия ЖК
Мир Квартир Элит;real_estate_agent;https://spb.cian.ru/sale/flat/332615126/?context=4.jQhn24lqw9M.N1OaoNAI4hDINjamShKLrZXl_AGTuctg1eug6hmeXv9qdeWOxOMQV9VtjtRTttSfBciLiQNCZxWW0w&mlSearchSessionGuid=a3cd6718a5962abc2f653259f6a8f554;Санкт-Петербург;sale;flat;2;4;3;95.4;39900000;Центральный;Шпалерная ;32;Чернышевская;
Мир Квартир Элит;real_estate_agent;https://spb.cian.ru/sale/flat/333989110/?context=4.KiTXzZtk9wA.WlA5iw-SFouhCL9cOupS291dRpQB2uSI8pFjI92fRF9_x8cScFYbmWGdZpxbyaYgnBpbMnDv50CKbg&mlSearchSessionGuid=a3cd6718a5962abc2f653259f6a8f554;Санкт-Петербург;sale;flat;6;6;4;145.4;58000000;Центральный;Конная ;8;Площадь Восстания;
Брусника;developer;https://spb.cian.ru/sale/flat/334632143/?context=4.L7BEMsq1FCY.EGI80TFLVKugTk14WYRyC5OJmMPgJRKHuxZTPSyai46rClsHy60ylpivytJwDGP2mZZvwHQRmVi3HQ&mlSearchSessionGuid=a3cd6718a5962abc2f653259f6a8f554;Санкт-Петербург;sale;flat;3;8;3;75.13;24430000;Невский;Невская застава;;Елизаровская;Квартал Текстура
Лучший метр;real_estate_agent;https://spb.cian.ru/sale/flat/334294392/?context=4.FItKvDpVCB4.wg-S61vqruuxZFJRHMlhKEOA0cyrfDvrCgZIsUQNPhTEyXoBBJuuOeaBpSTjH3vYqWPPITDskOxxLw&mlSearchSessionGuid=a3cd6718a5962abc2f653259f6a8f554;Санкт-Петербург;sale;flat;12;17;1;41.6;14400000;Невский; Бадаева;6к1;Проспект Большевиков;на ул. Бадаева и ул. Коллонтай
ПАН Партнер;real_estate_agent;https://spb.cian.ru/sale/flat/334347937/?context=4.7ncUoO6OLSE.g8L8i0pHzvB0j-3AtjPb_9Jhv1Iap6MFu_plqiX9FeGUwc3OSUGFGY5rsmG3NcL8P6gtjyMqvatAow&mlSearchSessionGuid=a3cd6718a5962abc2f653259f6a8f554;Санкт-Петербург;sale;flat;2;21;1;47.9;17800000;Адмиралтейский; Шкапина;9-11;Балтийская;Панорама 360
Брусника;developer;https://spb.cian.ru/sale/flat/334632170/?context=4.U5TjT4Reh2c.rg8R2NORWUkJZ29nXdQaDgeWqFMcnYNKb0IWejw6zzrPKU3wkO0glFDgusI7_kxcKUDXKw0pn62Thw&mlSearchSessionGuid=a3cd6718a5962abc2f653259f6a8f554;Санкт-Петербург;sale;flat;5;8;2;50.82;19430000;Невский;Невская застава;;Елизаровская;Квартал Текстура
Лучший метр;real_estate_agent;https://spb.cian.ru/sale/flat/333875092/?context=4.s2zAiM8348o.xARrrsVQ25l982b_1JZKaTr4HUyjvYTNj49UW4-C7SGZxhab2mcL9E77wtl5n_ugECIUOXK0n0WlMw&mlSearchSessionGuid=a3cd6718a5962abc2f653259f6a8f554;Санкт-Петербург;sale;flat;1;5;2;42.7;9900000;Выборгский;Костромской проспект;60;Удельная;
МОНОЛИТ ПЛЮС;real_estate_agent;https://spb.cian.ru/sale/flat/333914003/?context=4.IBA8OKXSYX0.laDpmkoqNapkZoQyjtY1rjsZHJZZChcQZ1UD6-AqDg88uq6VadRGdrvZcd_Eiyj7A_0EEC30zQ4GHw&mlSearchSessionGuid=a3cd6718a5962abc2f653259f6a8f554;Санкт-Петербург;sale;flat;5;6;2;70.1;19250000;2х К.КВ в Московском е2-комн. квартира;5/6 этаж;5/6 этаж;;
Винтеко;developer;https://spb.cian.ru/sale/flat/290200438/?context=4.QZPD-ZFLdYo.KRXD_E-46I7yihCwOObA_rhPiTv8lr3m2puZwRxUnbqRt-GPRo0hoZtQIjBxmCsFVupWTGOcWcRjVw&mlSearchSessionGuid=a3cd6718a5962abc2f653259f6a8f554;Санкт-Петербург;sale;flat;2;7;4;159.3;89282169;Василеостровский;13-я Васильевского острова линия;50;Василеостровская;Клубный дом Манхэттен
Мир Квартир;real_estate_agent;https://spb.cian.ru/sale/flat/331418536/?context=4._q2ocXPNTOA.UfmRGyuZLf-a9HvNd1EQos3kOhekQrhkqrDEFvQi48d9jH8T8V7cxBdn36Eu1MIRV4VLyhgXZcirAA&mlSearchSessionGuid=a3cd6718a5962abc2f653259f6a8f554;Санкт-Петербург;sale;flat;4;4;3;110.6;44750000;Центральный; Ломоносова;24;Достоевская;
Экотон;real_estate_agent;https://spb.cian.ru/sale/flat/334334548/?context=4.o_9Yof9p16s.liFIQPhiZAcv_pG3KCu8via64WJm_f_Dq-4vAbrbCnX_wwe-ugnzbYSRCGRkRz69tAwG5Rwwg9tIdw&mlSearchSessionGuid=a3cd6718a5962abc2f653259f6a8f554;Санкт-Петербург;sale;flat;2;23;2;64.5;16800000;Красногвардейский;проспект Ударников;33;Ладожская;
ЛСР Санкт-Петербург;developer;https://spb.cian.ru/sale/flat/318140411/?context=4.jtZBNuSTUzU.po-J0uhafzkOApB4WmJCDrmA17lwmFIK6TM4tx7-CzTWd-CgnYotJ9Z8nHcpK6_RC9FyWHE0AQ1vLg&mlSearchSessionGuid=a3cd6718a5962abc2f653259f6a8f554;Санкт-Петербург;sale;flat;6;9;4;154.8;81440280;Петроградский;Петровский проспект;11к2;Крестовский остров;NEVA HAUS
Мир Квартир Элит;real_estate_agent;https://spb.cian.ru/sale/flat/332662618/?context=4.jxrPzNQlSsI.e5rRNKyusUQsbJZrUXaRcFStTEnajHO7kb2RBLRYrwDEvxgD08K30HTsBDo98_sPU4fDzdrw15n9GA&mlSearchSessionGuid=a3cd6718a5962abc2f653259f6a8f554;Санкт-Петербург;sale;flat;3;6;4;163.7;71250000;Петроградский;Введенская ;7;Чкаловская;
Мир Квартир Элит;real_estate_agent;https://spb.cian.ru/sale/flat/331370686/?context=4.QhtBYVnMj5M.F0lPRnC_Lrhnrzgb8oinKP35dwrNy99_SB5Zvn7XpfECszoCuQ9bZpdmPrt4DgtJBvnDMN5eVo3v3w&mlSearchSessionGuid=a3cd6718a5962abc2f653259f6a8f554;Санкт-Петербург;sale;flat;5;6;5;327.0;77000000;Петроградский;Каменноостровский проспект;16;Горьковская;
ГК ПСК;developer;https://spb.cian.ru/sale/flat/334455318/?context=4.EAN2BuktrPs.lAe62NZISuNIgwbvR9Sgal2UI4qV4EIFt9H0WZan7qsF0wWeNCmyU7UE4U9_yklsLv6IC8yecUFTYA&mlSearchSessionGuid=a3cd6718a5962abc2f653259f6a8f554;Санкт-Петербург;sale;flat;3;12;1;29.22;12228570;Фрунзенский; Фучика;21;Бухарестская;Оптимист
ТРЕНД Недвижимость;real_estate_agent;https://spb.cian.ru/sale/flat/334061583/?context=4.oFpE9jaahW8.ylEpEam6sKaeIjP2Gtkb16tdZW-k2QuN9gHX1v7tOJSy8BxBpCuZdfj_8S3Epssj1H10jgR4t_hn1g&mlSearchSessionGuid=a3cd6718a5962abc2f653259f6a8f554;Санкт-Петербург;sale;flat;6;9;1;31.7;8300000;Пушкинский; Ростовская;23к1;Шушары;Славянка
Ойстерс;real_estate_agent;https://spb.cian.ru/sale/flat/323908274/?context=4.NuZJuHP4UH0.qQRuu6hpXMFoyX6NZGMNaASQFqrpguvC7cRVufo5lC0frPT8Fi6R7WgUjSEDMg2v2xMThne7gfZaLA&mlSearchSessionGuid=a3cd6718a5962abc2f653259f6a8f554;Санкт-Петербург;sale;flat;7;9;2;64.5;31800000;Петроградский;проспект Медиков;10к1;Петроградская;Европа Сити
Росстройинвест;developer;https://spb.cian.ru/sale/flat/334466281/?context=4.WkKgWBeE2hU.KU1EnHzepXfqs8Zf3fFCYdj0Z0OMlSxretmcFTiMuiiSfS6cXw5HGSTd8UFosgJ4DGO4dvl4vZs4Fg&mlSearchSessionGuid=a3cd6718a5962abc2f653259f6a8f554;Санкт-Петербург;sale;flat;2;13;3;72.77;26862064;Фрунзенский;Волковское;;Бухарестская;Гранат ЖК
Лучший метр;real_estate_agent;https://spb.cian.ru/sale/flat/334331835/?context=4.snUyPwn6cF4.goTUPdZoxkl4qg-OR58pS80mfIpED-PLejDcPPsSJiZl9MrXYmJMa2fS89LdDzBovIHF-OkK-MtvTw&mlSearchSessionGuid=a3cd6718a5962abc2f653259f6a8f554;Санкт-Петербург;sale;flat;10;10;3;71.2;16500000;Невский; Джона Рида;1К1;Проспект Большевиков;
Мир Квартир Элит;real_estate_agent;https://spb.cian.ru/sale/flat/327725034/?context=4._QkywRnjqzY.gKsJAwcIhu1p8tAF8YFjxYygYfZSI2MMO7Jb4iWhUmibXKKTh14LD2ttOBxjR4u8Guy2YCLUEKI0Ug&mlSearchSessionGuid=a3cd6718a5962abc2f653259f6a8f554;Санкт-Петербург;sale;flat;10;11;3;82.87;31900000;Московский;Благодатная ;50;Электросила;iD Park Pobedy
ЛСР Санкт-Петербург;real_estate_agent;https://spb.cian.ru/sale/flat/334040017/?context=4.0pbHUHg3NrU.Z6EVYmggij3gbyuhfoyIrOS7ieTW0CiHcvby8v-7bufbhH4yWqWPq3C-2ixKvysxj4V1wZdI7lsfhQ&mlSearchSessionGuid=a3cd6718a5962abc2f653259f6a8f554;Санкт-Петербург;sale;flat;2;7;4;120.39;103707798;Центральный;Синопская набережная;56с3;Площадь Александра Невского;Нева Арт
Мир Квартир Элит;real_estate_agent;https://spb.cian.ru/sale/flat/333830629/?context=4.W43HKznP3N8.NpR-BvOersau9RKppFKvJ83uwTciw_FERnBL_3z6hKJtepjPBsGwt4AbV7n5sAP3xiKrrZS__WKB1A&mlSearchSessionGuid=a3cd6718a5962abc2f653259f6a8f554;Санкт-Петербург;sale;flat;4;4;2;92.5;59800000;Центральный;Кирочная ;48;Чернышевская;
Bespalova Estate;real_estate_agent;https://spb.cian.ru/sale/flat/334530026/?context=4.FBbUrtyhJFY.BQBVJ5TwKLRzHLsPtzZByvQOsnJzQDh-EVGMcViGmh7LClP2tPXNDIxOBK_0DqOIfboW74M16ogYaw&mlSearchSessionGuid=a3cd6718a5962abc2f653259f6a8f554;Санкт-Петербург;sale;flat;4;4;1;31.1;11990000;Петродворцовый;проспект Буденного;20к5;Проспект Ветеранов;Дворцовый фасад
ГРАФИТ;developer;https://spb.cian.ru/sale/flat/333984395/?context=4.aP7AWjsS8ig.nV2CJ9H2oAbCZ0C3zfoFQmQRuISpCixUKn1zmnZhVdU_FNh5jMpE8Oj22kR8tfpFMoVDmrp0S-ypcg&mlSearchSessionGuid=a3cd6718a5962abc2f653259f6a8f554;Санкт-Петербург;sale;flat;2;3;2;88.6;36935214;Пушкинский;Ляминский переулок;12;Купчино;VI Квартал
CENTURY 21 MAV Real Estate;real_estate_agent;https://spb.cian.ru/sale/flat/334235004/?context=4.UZfP6x3H1kQ.PXstJH4eQx12q3m3p9Yj2C30rnZVJQo_f76k0s02x5ucKkAQWgslQTaCiiSmQ3TkZIF-f2JhlNQtgg&mlSearchSessionGuid=a3cd6718a5962abc2f653259f6a8f554;Санкт-Петербург;sale;flat;2;25;3;73.0;23990000;Московский;Дунайский проспект;14к1;Звездная;Viva
ID 24050051;real_estate_agent;https://spb.cian.ru/sale/flat/333208946/?context=4.gZ7jSbez5qE.L7toHyOHU4fQzjcu2V7puxpcqQes-OyAtG-zBKRNmHgs9AxOVQ1XtDSHBH0FUCxFipBnR7pdTdiKUw&mlSearchSessionGuid=a3cd6718a5962abc2f653259f6a8f554;Санкт-Петербург;sale;flat;3;7;3;83.5;24000000;Московский;Ленинский проспект;178;Московская;
ГК ПСК;developer;https://spb.cian.ru/sale/flat/334455587/?context=4.jM9JHMUmu1U.cN3iCWiuyRBfww7vINZm0ZxDzL4YUAkFzzazFJrQt9znyCXM9AUWBu0g4Tb2b-Y4_FmQkE5UoRolCQ&mlSearchSessionGuid=a3cd6718a5962abc2f653259f6a8f554;Санкт-Петербург;sale;flat;4;12;2;50.02;19152658;Фрунзенский; Фучика;21;Бухарестская;Оптимист
ПРАЙМ недвижимость - Пушкинская;real_estate_agent;https://spb.cian.ru/sale/flat/333526312/?context=4.T6nuIqZQTjE.Zoqa8T4FLQmOULsPULKhfImnwvdN_vbPSiaEqcySqEpeqS1BjDtHKfZ42s7w7op7TZBlx_IR9H7uZQ&mlSearchSessionGuid=a3cd6718a5962abc2f653259f6a8f554;Санкт-Петербург;sale;flat;1;5;3;41.9;9500000;Красносельский;проспект Народного ополчения;241К3;Юго-Западная;
Ойстерс;real_estate_agent;https://spb.cian.ru/sale/flat/311768737/?context=4.QREUWH-gzHk.GyEfGCl6Z-LzXu4KabtFccNfkYAEXEW7EnQHXDGxJULYs_oMh6sDomMMv21DO4t_4Pb9toPdmnchFA&mlSearchSessionGuid=a3cd6718a5962abc2f653259f6a8f554;Санкт-Петербург;sale;flat;7;8;5;183.0;83000000;Центральный;Невский проспект;131;Площадь Александра Невского;
ЛСР Санкт-Петербург;developer;https://spb.cian.ru/sale/flat/318140362/?context=4.MPI2OYz3pUY.Rf8yqwGeIbNix7Lk7pzGU6qQssHtnd7FAIVdKe6Ln3G6dFJVFVDlm13aQolZnUDZUSlqMPVcVOVgVQ&mlSearchSessionGuid=a3cd6718a5962abc2f653259f6a8f554;Санкт-Петербург;sale;flat;8;9;2;64.3;42598750;Петроградский;Петровский проспект;9к2;Крестовский остров;NEVA HAUS
Мир Квартир PREMIUM;real_estate_agent;https://spb.cian.ru/sale/flat/334123676/?context=4.nnACedlD8Mg.-cAk_YMXnRyVvuf8VEMDSuHSmkHmqOS5b-Ixnvd-owq_qvOEJcZGV6O6DuEIdn5w2lTyYZbDQJdU2g&mlSearchSessionGuid=a3cd6718a5962abc2f653259f6a8f554;Санкт-Петербург;sale;flat;7;12;4;116.3;55700000;Московский;Московский проспект;;Московская;Граф Орлов
Мир Квартир Элит;real_estate_agent;https://spb.cian.ru/sale/flat/333545625/?context=4.1n5IX0_1nOQ.thiX5_pJTCP40NwzqB622FEVPQHd1VYxySo6zEqBiAEOHisWz75Mrny1cIKzT7vvAEbbqrIbKHbsew&mlSearchSessionGuid=a3cd6718a5962abc2f653259f6a8f554;Санкт-Петербург;sale;flat;6;6;2;49.0;21870000;Фрунзенский;Лиговский проспект;251;Обводный канал;
ГРАФИТ;developer;https://spb.cian.ru/sale/flat/333984391/?context=4.Mv8zo0Pj1Us.AB4vKQCjhFnTd3nzo9-D097LlBskDeuO6JTSJZdp7FeQKhI-yq-Rbk1EwWfBuC1YMdSq2R0v9AbozA&mlSearchSessionGuid=a3cd6718a5962abc2f653259f6a8f554;Санкт-Петербург;sale;flat;2;3;3;128.3;54943962;Пушкинский;Ляминский переулок;12;Купчино;VI Квартал
TORRES;real_estate_agent;https://spb.cian.ru/sale/flat/333129868/?context=4.K33xLJ9ZcxQ.6pZ5kP16PhRrr0OzYq-FRpIJEfTLkc6SxWbU_A4TZu-NCyjJTZzNM5Pn1A45Y3V0FiDVyxSSU5HDPg&mlSearchSessionGuid=a3cd6718a5962abc2f653259f6a8f554;Санкт-Петербург;sale;flat;3;3;-1;57.0;9050000;Адмиралтейский;набережная Реки Фонтанки;94;Спасская;
ONEPLACE;real_estate_agent;https://spb.cian.ru/sale/flat/333867163/?context=4.HuwJMZg_hkU.VbIrVMH8Fx5DuRiXjpOML1Oy0H-lAJx-olQZ0xms82yDOSfCdHAsZe_6i8t2CmP3lbf4W3qOMsD_AA&mlSearchSessionGuid=a3cd6718a5962abc2f653259f6a8f554;Санкт-Петербург;sale;flat;3;4;1;55.8;21300000;Центральный; Белинского;8;Маяковская;
ИП Богачков;real_estate_agent;https://spb.cian.ru/sale/flat/332217083/?context=4.y-0d9ZwRxgM.pyemAuskpJdLukWcz4mADpITcvbM-THC_UBBId2GpxjTjewdT2C1rMsfaIfd_dAGqGUuYhhNcH8cIg&mlSearchSessionGuid=a3cd6718a5962abc2f653259f6a8f554;Санкт-Петербург;sale;flat;5;6;5;148.59;69734500;Петроградский; Профессора Попова;;Петроградская;ID Petrogradskaya
ВП недвижимость;real_estate_agent;https://spb.cian.ru/sale/flat/334075011/?context=4.w3kVppVxRq8.JKqnDfTvtScYlGLJqSYJ-miSoVm2H5egfOU1PVzVSUC2S7s87Z8UsQ9Bq_JkiWNiSAEB-T-x39mA5A&mlSearchSessionGuid=a3cd6718a5962abc2f653259f6a8f554;Санкт-Петербург;sale;flat;16;24;1;38.1;9699000;Пушкинский; Вишерская;2;Звездная;UP-квартал Московский
Мир Квартир Элит;real_estate_agent;https://spb.cian.ru/sale/flat/326582581/?context=4.dX9aueBqo9c.oVic90zDWyE19Z5XXYCGxZB9Alf1x5B39imyEGrt74uwVqS07pI2zq6Cqp-Jw8u_zGui5k2UEAl5VA&mlSearchSessionGuid=a3cd6718a5962abc2f653259f6a8f554;Санкт-Петербург;sale;flat;2;9;4;146.0;79000000;Петроградский;проезд Петровская коса;6к1;Крестовский остров;Петровская Доминанта
LAR Development;developer;https://spb.cian.ru/sale/flat/305426809/?context=4.PWaw4OskNpQ.fuAcbmI9N_YeOP897cuFkd37XoSnx9CiAxfAG-7SyxUFu_kCy9oRQLhcjyWSDkCtONOHTfvQ-dzwBg&mlSearchSessionGuid=a3cd6718a5962abc2f653259f6a8f554;Санкт-Петербург;sale;flat;1;4;2;62.18;30779100;Курортный;;;;Ранта Резиденс ЖК
Мир Квартир Элит;real_estate_agent;https://spb.cian.ru/sale/flat/326966050/?context=4.tTcjwq784tI.e5vCjqvvzzpC1nL4eiGUtThW3UoGKmT9RQuLslJMAh2kDeSgM8gDhd-hYj5GK09dNgCH2-Rub2NGhA&mlSearchSessionGuid=a3cd6718a5962abc2f653259f6a8f554;Санкт-Петербург;sale;flat;7;7;3;217.0;123900000;Петроградский; Блохина;13;Спортивная;
АДРЕСАТ;real_estate_agent;https://spb.cian.ru/sale/flat/332771296/?context=4.Kuh0HPKLbpc.XYR1gcTL704LqnSY_rNR64NYyIuQZ0sixHlNWHPOnrlDdmm-jWzwrpUXiasyvE1BVEJ8u0tWuXiopQ&mlSearchSessionGuid=a3cd6718a5962abc2f653259f6a8f554;Санкт-Петербург;sale;flat;3;5;1;40.0;16500000;Адмиралтейский;Гороховая ;67;Пушкинская;
LAR Development;developer;https://spb.cian.ru/sale/flat/314286257/?context=4.iCzvVHjZX34.0Eq-HvwwxxJosh5QQC6wi1CNrink-rEDHbZCRJ62CLCVozaO9WM7HKKfnATQCgf8yMgVZEgQDfkTDw&mlSearchSessionGuid=a3cd6718a5962abc2f653259f6a8f554;Санкт-Петербург;sale;flat;4;4;2;59.96;29380400;Курортный;;;;Ранта Резиденс ЖК
Мир Квартир Элит;real_estate_agent;https://spb.cian.ru/sale/flat/332091751/?context=4.m-KLEXkXr3M.7ln5mnxKLMTiGgZASI-nW-fFzLluWA-Rrn2N9UAG3XodTN3CEJp4Xfz9ovqmsCdEnE0LLfRu16UYSQ&mlSearchSessionGuid=a3cd6718a5962abc2f653259f6a8f554;Санкт-Петербург;sale;flat;4;5;4;126.3;71000000;Приморский;Дибуновская ;30;Старая Деревня;RICH ART CLUB 2
Мир Квартир Элит;real_estate_agent;https://spb.cian.ru/sale/flat/331501290/?context=4.qhXgD6af62Q.1kVdZy9aGMr3_RYFjWj0FJWuHy5CDUYoh9ojWD5nlOUMDIPic_ig4pIiGgKI4IyvD3u_jpvo93zkdQ&mlSearchSessionGuid=a3cd6718a5962abc2f653259f6a8f554;Санкт-Петербург;sale;flat;6;8;2;140.0;220000000;Петроградский;Вязовая ;8;Чкаловская;Привилегия
LAR Development;developer;https://spb.cian.ru/sale/flat/305426955/?context=4.HsoxKCfHSq8.YpS8riKTUOLzfAOV4W03Z7uDlsEOqmudLu_vY9dGtNb4Bmy9ayxcclQAZ8WLzLnw_WZWfaTJ4DXE-g&mlSearchSessionGuid=a3cd6718a5962abc2f653259f6a8f554;Санкт-Петербург;sale;flat;1;4;2;68.58;30518099;Курортный;;;;Ранта Резиденс ЖК
Мир Квартир Элит;real_estate_agent;https://spb.cian.ru/sale/flat/332265219/?context=4.Vst7zpoiJro.n-59JeqH14yU289VCjVBTOiFLv1M4WTnVPsRyjmP_sbSXe6sJWLjU3cazQXopmMv7ydSQNJJTMvYSQ&mlSearchSessionGuid=a3cd6718a5962abc2f653259f6a8f554;Санкт-Петербург;sale;flat;4;5;3;117.0;44500000;Петроградский; Куйбышева;19;Горьковская;
CityRealty;real_estate_agent;https://spb.cian.ru/sale/flat/325683591/?context=4.D5fXmk03EBM.0DT4IcsHKJffRrke6cfgi75yxnO0vupxw4FYSmgYghg89mKTKHBz_UjD12ycVHhea5GQ74cimdlAnQ&mlSearchSessionGuid=a3cd6718a5962abc2f653259f6a8f554;Санкт-Петербург;sale;flat;4;8;3;110.0;73000000;Центральный; Моисеенко;27;Площадь Восстания;Форсайт
Группа Аквилон;developer;https://spb.cian.ru/sale/flat/332462759/?context=4.ini0FOrEVjQ.Xd27-GALk8ThkQmPD9RJ2QeZ832zXpQMjD5U5FA8dJGWRpye_sw0Vs9z1aqzyyIL9tXa29PAeoUQ3g&mlSearchSessionGuid=a3cd6718a5962abc2f653259f6a8f554;Санкт-Петербург;sale;flat;15;17;2;39.96;15530433;Московский;Звёздное;;Звездная;Оро от Аквилон ЖК
Северный модерн;real_estate_agent;https://spb.cian.ru/sale/flat/334241457/?context=4.HXEgz2ILmY0.Y7EnCuE-elsulPHexpYqolK7Wf4OAfxk5pSOKQ59JL4HiWpAThKzHwXGl58uO9QetefrTqAaAJfywQ&mlSearchSessionGuid=a3cd6718a5962abc2f653259f6a8f554;Санкт-Петербург;sale;flat;4;14;1;36.54;14500000;Невский;проспект Обуховской обороны;51к2;Елизаровская;Астра Континенталь
NEDmax;real_estate_agent;https://spb.cian.ru/sale/flat/333825965/?context=4.VxC8bGfaITk.2l6X_ok07e6xZzf9c4WE3qOcrQmVCRP3gKp8yB6CdW28GLf2aL8SXJBlvifXWxzyvvt3cskJfqvsNw&mlSearchSessionGuid=a3cd6718a5962abc2f653259f6a8f554;Санкт-Петербург;sale;flat;2;8;1;44.1;32500000;Петроградский;Петровский проспект;22к2;Чкаловская;Familia
Level Group;developer;https://spb.cian.ru/sale/flat/334012223/?context=4.LZKsRvH1jlU.mOEyacO2-VeLulkWYHWTr1aPunHz6A9ee5vgRW3DcHGXeWRWPRcWht3-TGz-5lQhhvI6WnMGBCsfhg&mlSearchSessionGuid=a3cd6718a5962abc2f653259f6a8f554;Санкт-Петербург;sale;flat;7;9;1;39.7;13289702;Калининский;Пискарёвка;;Выборгская;Левел Мечникова
Мир Квартир;real_estate_agent;https://spb.cian.ru/sale/flat/330889477/?context=4.B2qUU3kdKlY.CDVfdMh6ELV6Tctxc_rVC5OjIQyShwapq99Uubw63xCTmtzAnekA-Z_kpsk2bpxJkbltZfrucC0Vew&mlSearchSessionGuid=a3cd6718a5962abc2f653259f6a8f554;Санкт-Петербург;sale;flat;3;6;4;115.0;59500000;Петроградский;Ропшинская ;24;Чкаловская;
Лучший метр;real_estate_agent;https://spb.cian.ru/sale/flat/334633858/?context=4.15CTwk7swqI.Cyo6nNW-pZqjAfIsi4_hqHrZJG_LA4vF0LrNKYSMdcyD7a3G2IxxTLt0-M3AZe8WLlgaAHxkuvoHCQ&mlSearchSessionGuid=a3cd6718a5962abc2f653259f6a8f554;Санкт-Петербург;sale;flat;9;10;2;69.4;34850000;Выборгский;Большой Сампсониевский проспект;32;Выборгская;Сампсониевский 32
Fizika Development;developer;https://spb.cian.ru/sale/flat/334447766/?context=4.G_ZFahMcSX4.QRy903lMS67nbYAOc45BlhQs2Nppd-JK7FA1TJv_5XLrVkX7n0IFJuRHA_E0QPJJIu1C8FiBwfiHEw&mlSearchSessionGuid=a3cd6718a5962abc2f653259f6a8f554;Санкт-Петербург;sale;flat;7;9;2;72.82;57972002;Адмиралтейский;Перевозная ;;Нарвская;Остров первых
Мир Квартир Элит;real_estate_agent;https://spb.cian.ru/sale/flat/333613974/?context=4.cp85-F0dYl4.1Zm8p3D5VAODUn5f1gqOzenBeXEtA_r_oAl5QNhWwCiy_49kU6dgN1CnyxJ4L963ATSOVJ22RqLn_A&mlSearchSessionGuid=a3cd6718a5962abc2f653259f6a8f554;Санкт-Петербург;sale;flat;6;10;4;205.0;190000000;Петроградский;Песочная набережная;40;Чкаловская;
Мир Квартир Элит;real_estate_agent;https://spb.cian.ru/sale/flat/334423004/?context=4.bPmSWrRxPS4.r81ADVgSHmmecNuw8wzTcn5P89q9HEwVwLwLHMIpyNxIutGCHh9YXyfHiQ4o1iUbfAiv4Mky_jdPJA&mlSearchSessionGuid=a3cd6718a5962abc2f653259f6a8f554;Санкт-Петербург;sale;flat;4;4;4;154.4;97000000;Адмиралтейский; Ефимова;6;Садовая;
Группа Аквилон;developer;https://spb.cian.ru/sale/flat/332462531/?context=4.6DQTkua1Hxs.p9LO8wdISh1j19liyarsmSSFzmE_h8no7GobKqkk43LYg6_iU58r8qJ2oyzFfaxQm43Fd66tGolsuA&mlSearchSessionGuid=a3cd6718a5962abc2f653259f6a8f554;Санкт-Петербург;sale;flat;13;17;3;52.42;20723985;Московский;Звёздное;;Звездная;Оро от Аквилон ЖК
Мир Квартир Элит;real_estate_agent;https://spb.cian.ru/sale/flat/332958975/?context=4.fxJhOpXVZ7U.Lmzk1xjKcAbGOf7FEZ6I8RHHvxZafGg_QAJHslxHSScCDzwhYlJuJbom6S1xqyJ4G41ThZUCWxgOPQ&mlSearchSessionGuid=a3cd6718a5962abc2f653259f6a8f554;Санкт-Петербург;sale;flat;3;9;3;84.8;42500000;Петроградский;проезд Петровская коса;6к1;Крестовский остров;Петровская Доминанта
Гарант-Сервис;real_estate_agent;https://spb.cian.ru/sale/flat/303159711/?context=4.-tWE-JauY7k.Jg7cG2PwJ9vCxjRN4UV4G2GawvHOeOCHI1Lz4OFzwVAbW1dnnsGbFkLJMxCkGdStBi4XRij9GoudBw&mlSearchSessionGuid=a3cd6718a5962abc2f653259f6a8f554;Санкт-Петербург;sale;flat;8;13;1;41.6;7390000;Пушкинский;Московское шоссе;286;Шушары;
LEGENDA Development;developer;https://spb.cian.ru/sale/flat/333531772/?context=4.Kd0H-bU8mHc.1_1uCeuRFIUBubLHuXrdOGBJf4lsSjKanUcNqbe-9fljbko0SZuJ1BWNjMzAZXC7kYHeCQajvJgOLA&mlSearchSessionGuid=a3cd6718a5962abc2f653259f6a8f554;Санкт-Петербург;sale;flat;6;22;1;48.8;23984712;Василеостровский;Морской;;Приморская;ЛЕГЕНДА У МОРЯ
Мир Квартир Элит;real_estate_agent;https://spb.cian.ru/sale/flat/327231180/?context=4.PwM7MTS4IvQ.Nn7pDPoHmBDEws1u1NSZ_Q-zHIYqgfQAdXHupXJmWahuF9aBbMJd_x44GwEa_woWX42wo6ztglHADw&mlSearchSessionGuid=a3cd6718a5962abc2f653259f6a8f554;Санкт-Петербург;sale;flat;5;8;2;129.2;46500000;Петроградский;Офицерский переулок;8с2;Спортивная;
МОНОЛИТ ПЛЮС;real_estate_agent;https://spb.cian.ru/sale/flat/334114176/?context=4.vC2rISHWkcE.JUX-hYbk5Np7eO8UKoVUo_fd-9SMmDmQ7ZJVSwxsbpsfQNrQnVxYoqVxG4-U9l0KpXutQbYpBOUxLw&mlSearchSessionGuid=a3cd6718a5962abc2f653259f6a8f554;Санкт-Петербург;sale;flat;3;6;2;76.0;27000000;Центральный; Маяковского;1/96;Маяковская;
Группа Аквилон;developer;https://spb.cian.ru/sale/flat/332447144/?context=4.8tje5z8QRpI.PD5IW11vecfMrQquLkAZiFAT8fM7VQw3WccMEyGHJ92zgA4wfVOV2ax-qBj-d5blcXogzS_w7adLGw&mlSearchSessionGuid=a3cd6718a5962abc2f653259f6a8f554;Санкт-Петербург;sale;flat;7;12;4;82.2;30350542;Московский; Среднерогатская;9к3;Звездная;Аквилон Leaves
Мир Квартир Элит;real_estate_agent;https://spb.cian.ru/sale/flat/330916108/?context=4.4Mr69MIXcGU.i_752K0Dt7xk7HT_r9-IoF9AKnYJftkUmJK5DkHHzi74pUgdmbQVipK5Z96E3JXPRpyEBM-rrVXdnA&mlSearchSessionGuid=a3cd6718a5962abc2f653259f6a8f554;Санкт-Петербург;sale;flat;4;5;2;62.2;33900000;Центральный; Жуковского;38;Площадь Восстания;
Кремлёвские Ключи;real_estate_agent;https://spb.cian.ru/sale/flat/333861988/?context=4.EBex1r8SycE.MpkooIGFcaKsO8CGRGQpcBBCOSStOeuz0IcCrUnL611xUkqfGNTLSPdAPu07H9y8thgTdtOb3JSJBw&mlSearchSessionGuid=a3cd6718a5962abc2f653259f6a8f554;Санкт-Петербург;sale;flat;1;5;2;43.9;11000000;Московский;Витебский проспект;21К1;Бухарестская;
Группа Аквилон;developer;https://spb.cian.ru/sale/flat/332732823/?context=4.1d46yqbjssw.j0fkv6hQAhzwwRaMUDH4M0Qidr5tqJrR21reLVFdxJu2MiugXOh3JGzlIBXN_EFYmZezltUzMPEccA&mlSearchSessionGuid=a3cd6718a5962abc2f653259f6a8f554;Санкт-Петербург;sale;flat;2;12;2;58.1;19758299;Московский; Среднерогатская;11к2;Звездная;Аквилон Leaves
Ойстерс;real_estate_agent;https://spb.cian.ru/sale/flat/329741291/?context=4.RDMu1HtxrQs.IJg9e14ObOPPmPcZz0C-WnnjqQYuBSECAWMIjlErK17pVxoCH1-UhmM7Tr0Dd3VCcTU1_bjKX3MwdA&mlSearchSessionGuid=a3cd6718a5962abc2f653259f6a8f554;Санкт-Петербург;sale;flat;2;7;5;238.6;155000000;Петроградский;проезд Петровская коса;6к1;Крестовский остров;Петровская Доминанта
Домината;real_estate_agent;https://spb.cian.ru/sale/flat/334123431/?context=4.3SqHwNEv-3I.Ke3JTNfzrSFClSXt-9dcG-c0Ra5wRt3N4qE8fqBjzuuzZq24Qk9dPSr_Hx37on8C6ZNUcYeEkXOEdg&mlSearchSessionGuid=a3cd6718a5962abc2f653259f6a8f554;Санкт-Петербург;sale;flat;2;4;2;60.1;17500000;Калининский; Академика Лебедева;15/1;Площадь Ленина;
Петербургская Недвижимость;real_estate_agent;https://spb.cian.ru/sale/flat/322238067/?context=4.ksaVeW-6MoY.XzchPMML2Rjl-ie-yMSkYohvnuXJylt8lQEerc7b2OT42NKAJwUcFuTqMrnGImhtO_qYPx5_FDPcdA&mlSearchSessionGuid=a3cd6718a5962abc2f653259f6a8f554;Санкт-Петербург;sale;flat;7;7;3;120.75;74985750;Василеостровский;26-я Васильевского острова линия;1к1;Горный институт;Аристократ
МАКРОМИР НЕДВИЖИМОСТЬ;real_estate_agent;https://spb.cian.ru/sale/flat/333810780/?context=4.AaQa3caiWiw.mt4G9YOEbnJHeaX1p-buIXNPLh4tbRzG_6-Al9V8TLdCWqCkqXmBAS0SJmeUOsEhlu49JwQGso6oWw&mlSearchSessionGuid=a3cd6718a5962abc2f653259f6a8f554;Санкт-Петербург;sale;flat;2;5;5;243.9;48499999;Петроградский;Каменноостровский проспект;20;Горьковская;
Мир Квартир Элит;real_estate_agent;https://spb.cian.ru/sale/flat/329362365/?context=4.4I4DvwrcJmg.BpW5lXykFOU5LtYdKHUlSJF9IKvLF6drceOwMTnls5mTC7v2BvifryC1w1ywwrtJwLP8xE8NMQ_GtQ&mlSearchSessionGuid=a3cd6718a5962abc2f653259f6a8f554;Санкт-Петербург;sale;flat;2;4;3;206.9;48990000;Василеостровский;4-я Васильевского острова линия;5;Василеостровская;
ELEMENT;developer;https://spb.cian.ru/sale/flat/327104361/?context=4.MaZ9NYcAFpo.mtuviJD7RiFLJHMU19dz1J0zJPgwyFlkh7JD_JOqmAJ7Q6GW0k82x_Vayz2yJVrzNf3Pkp0Cad4X6A&mlSearchSessionGuid=a3cd6718a5962abc2f653259f6a8f554;Санкт-Петербург;sale;flat;24;24;3;142.9;169808070;Московский;Алтайская ;39;Московская;Шепилевский
Мир Квартир Элит;real_estate_agent;https://spb.cian.ru/sale/flat/330395051/?context=4.BSJtI_JyhCM.oBSBQXo6hHO2oEM9u-sN4ypRDyEE67eWEhoUTIDCbpyGO5pR7LhrtVZlucr6rdOQINr-HzCHPsWjDA&mlSearchSessionGuid=a3cd6718a5962abc2f653259f6a8f554;Санкт-Петербург;sale;flat;3;9;3;145.0;88000000;Петроградский;проезд Петровская коса;6к1;Крестовский остров;Петровская Доминанта
Мир Квартир Элит;real_estate_agent;https://spb.cian.ru/sale/flat/332804969/?context=4.VqZAKyWDq1k.h9I6wHO655y9kv0ZnhRlu95u1ORKEDuVn2YQkxFCp110ax25JiKF8LLLLDUvBAFuQeuuz06PCiIXmg&mlSearchSessionGuid=a3cd6718a5962abc2f653259f6a8f554;Санкт-Петербург;sale;flat;4;5;4;270.8;77000000;Центральный;Фурштатская ;9;Чернышевская;
Петербургская Недвижимость;real_estate_agent;https://spb.cian.ru/sale/flat/331958413/?context=4.hf20SQvRnxU.Vpja9v5Y74Jrt-n9nD7DhF-6SSPomSGAfcmy28AO3-liu0F_m-4--iOT6ULTiiNunCmVLYdkc2UJjQ&mlSearchSessionGuid=a3cd6718a5962abc2f653259f6a8f554;Санкт-Петербург;sale;flat;4;10;1;33.9;19831500;Выборгский;Манчестерская ;5к1;Удельная;Svetlana Park
Мир Квартир Элит;real_estate_agent;https://spb.cian.ru/sale/flat/334070831/?context=4._dmC00ZLwtQ.5DdOnjHer1gKoHFnRz1M0J79kZgYXuk99Yk6E7evjA8uM6_6c0n5sJotAksBIfbyoXOjhVJiT8qujw&mlSearchSessionGuid=a3cd6718a5962abc2f653259f6a8f554;Санкт-Петербург;sale;flat;2;10;3;94.7;57000000;Петроградский;Аптекарский проспект;18;Петроградская;Skandi Klubb
Мир Квартир Элит;real_estate_agent;https://spb.cian.ru/sale/flat/331076923/?context=4.KiZUjxMIVVY.oCuztw9bosp0KCgSD55dzC7VPQr52D191YobSDqaQvJVYr_yicooME0gq-UUpgp0ttdjTpoCFADK8Q&mlSearchSessionGuid=a3cd6718a5962abc2f653259f6a8f554;Санкт-Петербург;sale;flat;3;4;2;79.3;52000000;Адмиралтейский;набережная Реки Мойки;84;Адмиралтейская;
Петербургская Недвижимость;real_estate_agent;https://spb.cian.ru/sale/flat/333526825/?context=4.j_1dbQsOTG0.6Dlz4KwSwuZhkaKqxeS_mKsfvSXk047Pe8g1uXqLNp09hhed6xujEHfb04jwgQV9TAYYN04J_vVV7Q&mlSearchSessionGuid=a3cd6718a5962abc2f653259f6a8f554;Санкт-Петербург;sale;flat;6;6;3;73.7;48420900;Адмиралтейский;Рижский проспект;24-26;Балтийская;Кристалл Холл
Мир Квартир Элит;real_estate_agent;https://spb.cian.ru/sale/flat/330623141/?context=4.sU2VWQPoA9w.0Jhfq-uhtQQ0h7-ut7e2yMMIonl7iE84lqF0ccSahKBamRqoVvt0sjrpDCDAQlAwxB7Yqh5wAAQuYg&mlSearchSessionGuid=a3cd6718a5962abc2f653259f6a8f554;Санкт-Петербург;sale;flat;4;4;3;250.0;129000000;Адмиралтейский;набережная Адмиралтейского Канала;29;Василеостровская;
АУРУМ;real_estate_agent;https://spb.cian.ru/sale/flat/331076332/?context=4.K41IRDEiWaI.6UCoymlDNbdeqRbJiexyUKFRI0YEWWiSpQEVjqg-s_RgrzKarC3w-OOAqtcZrB70sAXxbHUEO9KqJQ&mlSearchSessionGuid=a3cd6718a5962abc2f653259f6a8f554;Санкт-Петербург;sale;flat;1;14;2;65.6;15000000;Фрунзенский;Пражская ;5;Бухарестская;
Петербургская Недвижимость;real_estate_agent;https://spb.cian.ru/sale/flat/321948292/?context=4.a8Ae_0P7vSg.3V5XeXRsWvRHfqd4wIa25f7tuuGcR3xx8_pAbT9RWn5HEpNkz4DuLpjWx44OAKDv_HnralD6907UEg&mlSearchSessionGuid=a3cd6718a5962abc2f653259f6a8f554;Санкт-Петербург;sale;flat;7;7;3;86.67;56162160;Василеостровский;26-я Васильевского острова линия;1к1;Горный институт;Аристократ
Северный модерн;real_estate_agent;https://spb.cian.ru/sale/flat/333524780/?context=4.fH805wQ3kdY.BNfvcADFg2OwTVeTBmRaoKJcmxJAJlw2HR2wjwmN4tZ46vYAxeWUhksa2mCo74cfNMZAscKz7abc3w&mlSearchSessionGuid=a3cd6718a5962abc2f653259f6a8f554;Санкт-Петербург;sale;flat;5;6;3;82.7;21500000;Кировский;Автовская ;8;Автово;
Мир Квартир Элит;real_estate_agent;https://spb.cian.ru/sale/flat/326533890/?context=4.g_pBWFp8xdw.5J5vBCSAtrsnilFEbjvJjFBXIUkM6krPnuMmiNPEs9X1owdd3WdwoTLHOuWHa1BMFWBDKn0Jlfd_hg&mlSearchSessionGuid=a3cd6718a5962abc2f653259f6a8f554;Санкт-Петербург;sale;flat;4;7;4;224.0;149900000;Петроградский;проезд Петровская коса;6к1;Крестовский остров;Петровская Доминанта
Группа Аквилон;developer;https://spb.cian.ru/sale/flat/332447134/?context=4.9GB3IYrWi9E.6bXSwM57vjAlSXpFeBgbYHsMFCNSLaPuKLefcVtBEdHiivsTMxJc_Svy7061xB8lPXjz38ZwVJtLyQ&mlSearchSessionGuid=a3cd6718a5962abc2f653259f6a8f554;Санкт-Петербург;sale;flat;6;12;1;39.1;16892788;Московский; Среднерогатская;11к2;Звездная;Аквилон Leaves
Аврора Проперти;real_estate_agent;https://spb.cian.ru/sale/flat/330218044/?context=4.dSw-uORe5S8.pr3DTzsQtGsRYFdnLeaZIhzVOHGWuSYNHs8D5lxeX-F3eURNxkMXIw_apPYZ2TlzI_g_UsPzP_4pOQ&mlSearchSessionGuid=a3cd6718a5962abc2f653259f6a8f554;Санкт-Петербург;sale;flat;4;6;5;222.7;288093900;Центральный;Кирочная ;45;Чернышевская;
Мир Квартир Элит;real_estate_agent;https://spb.cian.ru/sale/flat/333984131/?context=4.ELZNVEvdPHM.lLnpPVVo5IH8u6YYYAAIw6E09PfBKIoNi7FsUQuTmVkvZ44AMRpm1WsLiuokG6pwm33flhwpZRzMnQ&mlSearchSessionGuid=a3cd6718a5962abc2f653259f6a8f554;Санкт-Петербург;sale;flat;13;14;3;90.0;45890000;Красногвардейский;Перевозный переулок;4;Новочеркасская;Новый город
ELEMENT;developer;https://spb.cian.ru/sale/flat/327096133/?context=4.WIJ5JsfyqaE._iLPCnEZfywI600Q7Wuc5JE5ce8X_Qb1EP8kMyoG52IkthaQ0E9U1vce1ahyKFCUMFJrmKzjVLZgqQ&mlSearchSessionGuid=a3cd6718a5962abc2f653259f6a8f554;Санкт-Петербург;sale;flat;11;11;1;83.3;90276375;Московский; Коли Томчака;3;Московские ворота;Коллекционный Дом 1919
ONEPLACE;real_estate_agent;https://spb.cian.ru/sale/flat/334531239/?context=4.IlZngoldh30.nXKZh03ZkgYTfQEq5D73RrKnVU4lc2cW1y8ahPhLD4GiTghKRmDcDeuh5U5fdbTmOPjmaPsdtSBGtA&mlSearchSessionGuid=a3cd6718a5962abc2f653259f6a8f554;Санкт-Петербург;sale;flat;3;12;3;79.25;24900000;Московский; Среднерогатская;9к3;Звездная;
ID 24050051;real_estate_agent;https://spb.cian.ru/sale/flat/331821460/?context=4.nl2wrgr5Bio.xktFF479TuRGzkyGNTWJTMxJF1fzwWKvVEo0w913__VWceEb4vbVFGwqr22n-3nZb0DFZNizaXNgzg&mlSearchSessionGuid=a3cd6718a5962abc2f653259f6a8f554;Санкт-Петербург;sale;flat;2;10;2;66.7;23990000;Василеостровский;26-я Васильевского острова линия;7;Горный институт;Палацио
ELEMENT;developer;https://spb.cian.ru/sale/flat/327104310/?context=4.zx9XBHFFGvc.o9enbJbdTOMC4V7H_4xA4DbPnW_K09_ZDUDruZwfJU5CmVyA10YKzldrbhmtSCHWrutfnAMK7Wt8Tg&mlSearchSessionGuid=a3cd6718a5962abc2f653259f6a8f554;Санкт-Петербург;sale;flat;22;24;3;81.7;76042275;Московский;Алтайская ;39;Московская;Шепилевский
Лучший метр;real_estate_agent;https://spb.cian.ru/sale/flat/334634478/?context=4.efN3trVJE84.J7FD-jZev6MYnRFrhG4C_fNmK3gaX4Ik9GKjocGaKd_RmWuQ6Snkh-S23WGHYcdtVrW01rJvoACn5g&mlSearchSessionGuid=a3cd6718a5962abc2f653259f6a8f554;Санкт-Петербург;sale;flat;1;5;1;31.3;7500000;Выборгский; Орбели;18;Пионерская;
Ойстерс;real_estate_agent;https://spb.cian.ru/sale/flat/334165610/?context=4.KWTHdfFIEYg.HJnEMU48xmvh2TVnn4JqbLC3P3MkonDFgtch-009HJ6p_irQoWN8dA7RiCNHveObq11VpBlgeAm6yQ&mlSearchSessionGuid=a3cd6718a5962abc2f653259f6a8f554;Санкт-Петербург;sale;flat;3;5;3;98.7;55000000;Василеостровский;4-я Васильевского острова линия;19;Василеостровская;
ELEMENT;developer;https://spb.cian.ru/sale/flat/327104358/?context=4.KpieX9qjKj0.FLZ7hgjB4pF81sg-rlcziTDBvVxKm-NJ72vH8l_pfh7dJ3EbNwyxAywkkH-0-BYawChW7aB7csMadQ&mlSearchSessionGuid=a3cd6718a5962abc2f653259f6a8f554;Санкт-Петербург;sale;flat;22;24;2;106.8;99404100;Московский;Алтайская ;39;Московская;Шепилевский
Ойстерс;real_estate_agent;https://spb.cian.ru/sale/flat/333524504/?context=4.tObqFvTVRNs.Z7kgWmGnf9uJ0q1PnBosSPaL8lKpniAVByfweWuwNJ2oy6MIotd1Dm0QbHjOSvZpDZNui9U1VCi7gg&mlSearchSessionGuid=a3cd6718a5962abc2f653259f6a8f554;Санкт-Петербург;sale;flat;5;7;3;130.9;105000000;Петроградский;набережная Адмирала Лазарева;14;Чкаловская;Классика. Дом для Души
АВЕНТИН;real_estate_agent;https://spb.cian.ru/sale/flat/333836369/?context=4.ydW6RkmZcK4.b5SbHNpDukAbhCZ9N4fTHi19lew1n8OsuufV0IodaDNCf36TxE0IkVBQvGRm7753NAFG8Y_Q1TIvBg&mlSearchSessionGuid=a3cd6718a5962abc2f653259f6a8f554;Санкт-Петербург;sale;flat;7;12;1;36.0;13550000;Красногвардейский;Партизанская ;5;Новочеркасская;Большая Охта
ELEMENT;developer;https://spb.cian.ru/sale/flat/327097094/?context=4.XV99TbDixz4.8i85_O1qLDLSmiE5UAYshSf6CfblvVO1VHmvW0-farPKNZKnCgwiZYan0pN10FysLI7whwo97hlYmw&mlSearchSessionGuid=a3cd6718a5962abc2f653259f6a8f554;Санкт-Петербург;sale;flat;4;5;2;48.53;22729026;Курортный; Инструментальщиков;18;Комендантский проспект;BEREG.Курортный
АФИНА;real_estate_agent;https://spb.cian.ru/sale/flat/333380956/?context=4.MDyT9ewrdGc.UwqtUdaECi6eKqXgTELcrBEPpDNioyvvY5exsruHwCUgzJPA2ns3PD4ulZwjp2bAKyMcS8W3uDpNgQ&mlSearchSessionGuid=a3cd6718a5962abc2f653259f6a8f554;Санкт-Петербург;sale;flat;4;4;2;58.5;13600000;Калининский;Тихорецкий проспект;7К6;Политехническая;
Экотон;real_estate_agent;https://spb.cian.ru/sale/flat/330333849/?context=4.Bv0aKe1qoII.rcIY7uHhDMrp-FFsNwlx6TOtGZKfoTVPIwWhOjxv5aY0aZXGj0hT91Cg0p2fxofeK-py__OrWPCrNA&mlSearchSessionGuid=a3cd6718a5962abc2f653259f6a8f554;Санкт-Петербург;sale;flat;12;16;3;79.0;12400000;Красногвардейский;проспект Маршака;16к4;Девяткино;Новая Охта
Fizika Development;developer;https://spb.cian.ru/sale/flat/334447607/?context=4.TH46tnZu-A8.Em50EbvhSlRZ_Rn70_WuhYYWU8OPPr2m50hVpJNy5nU002HUeyxVTh3W-K8UqREOJqCYrfGl8tU4yg&mlSearchSessionGuid=a3cd6718a5962abc2f653259f6a8f554;Санкт-Петербург;sale;flat;8;10;2;63.91;33409783;Адмиралтейский;Перевозная ;;Садовая;Остров первых
TORRES;real_estate_agent;https://spb.cian.ru/sale/flat/333129868/?context=4.2Ut5jDy8lDA.06nV_cETadCdf0-P68ngkKoIlycLBI4SfmPhXdigbXVpdpaYzT0COJ8BXHjIqfva5f-KMp9qbb2fiQ&mlSearchSessionGuid=a3cd6718a5962abc2f653259f6a8f554;Санкт-Петербург;sale;flat;3;3;-1;57.0;9050000;Адмиралтейский;набережная Реки Фонтанки;94;Спасская;
NF GROUP  St Petersburg;real_estate_agent;https://spb.cian.ru/sale/flat/332601024/?context=4.QoAF2QUvSRU.c1JgrMyWNas0R5ppSZ7c4SM9j17puGPuVNWhNkiW5ylhmF5RQ_19-6ra1U-bkzv-gd1g8nGHpo3Itw&mlSearchSessionGuid=a3cd6718a5962abc2f653259f6a8f554;Санкт-Петербург;sale;flat;4;4;2;119.4;31990000;Адмиралтейский;набережная Реки Мойки;82;Адмиралтейская;
Петербургская Недвижимость;real_estate_agent;https://spb.cian.ru/sale/flat/319326052/?context=4.D37O-gkDtJo.VhD-og2W6_4fUApNOgUbRtv2jM1wWx3D2qmiE4nSczJQsL0vml4Yp25eYPeWxWPBuAR9TIA8PTeHGA&mlSearchSessionGuid=a3cd6718a5962abc2f653259f6a8f554;Санкт-Петербург;sale;flat;8;10;2;62.1;29062800;Выборгский;Манчестерская ;5к1;Удельная;Svetlana Park
ВП недвижимость;real_estate_agent;https://spb.cian.ru/sale/flat/334075011/?context=4.jnpb9SBZqks.qlqMhzk4-S0cWYM3P1b-xYvk-uXxlnOKiCqhJ0qmxlJQgkVfNvB47yoB7RTEB3mL1qOpOf6jP6rkYA&mlSearchSessionGuid=a3cd6718a5962abc2f653259f6a8f554;Санкт-Петербург;sale;flat;16;24;1;38.1;9699000;Пушкинский; Вишерская;2;Звездная;UP-квартал Московский
Северный модерн;real_estate_agent;https://spb.cian.ru/sale/flat/334241457/?context=4.l8TnyEm-C-8.OJzb66YUsOvMbcUZCepDFLydxMPcOn0FwsYBrG6ekH09sZ4DHKJWwMiLTS-uC58CT5mjvwy_-0YYrg&mlSearchSessionGuid=a3cd6718a5962abc2f653259f6a8f554;Санкт-Петербург;sale;flat;4;14;1;36.54;14500000;Невский;проспект Обуховской обороны;51к2;Елизаровская;Астра Континенталь
Level Group;developer;https://spb.cian.ru/sale/flat/334012249/?context=4.M-Nv0rOzoHM.gvz7Oj77dXoqab709tlqyX6gg8zyz01yHpg7TsyshSeAAuSIDWQ3QpHM7CkLjA-H5hva9A4bwrAmyA&mlSearchSessionGuid=a3cd6718a5962abc2f653259f6a8f554;Санкт-Петербург;sale;flat;1;9;3;77.2;23615594;Калининский;Пискарёвка;;Выборгская;Левел Мечникова
Мир Квартир Элит;real_estate_agent;https://spb.cian.ru/sale/flat/326966050/?context=4.V_y553TdlA4.1Kp4WfjwBC0t3djZSky59_ISk__jhbsWlBiB8g1Ku1Iqu5clpphU88v5_DA0RXDBdbD-EjXP1uTZ5g&mlSearchSessionGuid=a3cd6718a5962abc2f653259f6a8f554;Санкт-Петербург;sale;flat;7;7;3;217.0;123900000;Петроградский; Блохина;13;Спортивная;
Экотон;real_estate_agent;https://spb.cian.ru/sale/flat/334129554/?context=4.NdbOXirqWn4.Qjxl9UB4c2BDd19GcSjJSUoAf_CMDr8cWEM_5zauQFGMuiMwM3wY11EATgOFX_7CdZ359JRyqbzG1g&mlSearchSessionGuid=a3cd6718a5962abc2f653259f6a8f554;Санкт-Петербург;sale;flat;6;26;3;125.8;38000000;Приморский; Савушкина;143к1;Беговая;
ELEMENT;developer;https://spb.cian.ru/sale/flat/327104305/?context=4.DyHotDnejNg.F_vGq0sMqF_of1a8bZtmDG5tqz5W9-OCDzySivsE4EchqO7Eima1biww5rwXs3Sv1KAXEIa57EN-_A&mlSearchSessionGuid=a3cd6718a5962abc2f653259f6a8f554;Санкт-Петербург;sale;flat;20;24;2;83.5;72181575;Московский;Алтайская ;39;Московская;Шепилевский
Мир Квартир Элит;real_estate_agent;https://spb.cian.ru/sale/flat/333846520/?context=4.lr4OPDkW31M.fDHRqhlsI9buL7y5BWyMorctafn-rduCrtc1P77H1iB0G5AKLDZaiheYOtCJNqJjPWnA1tpgsz3G6Q&mlSearchSessionGuid=a3cd6718a5962abc2f653259f6a8f554;Санкт-Петербург;sale;flat;5;9;3;200.0;198000000;Петроградский;Ждановская ;45;Чкаловская;Леонтьевский мыс
NF GROUP  St Petersburg;real_estate_agent;https://spb.cian.ru/sale/flat/332692931/?context=4.jgdumqDURvQ.7PhG0N5pYtMy5_7PxNP3muH713U_yVwWv9GRRZ08gmQqlmWrNEwG3DrQm8K_oV1RwAk9-05aSa_WAg&mlSearchSessionGuid=a3cd6718a5962abc2f653259f6a8f554;Санкт-Петербург;sale;flat;4;13;4;194.44;68500000;Красногвардейский;Новочеркасский проспект;33;Новочеркасская;
Группа Аквилон;developer;https://spb.cian.ru/sale/flat/332445524/?context=4.sCunZ_IvTmM.1hXF11LnA-pzT0JbcWguIYifX_tOuHNkvjNcoBBRQ9mXJheuJ4rjPHe68aeGjvlg0kWSuZgTlgxMJg&mlSearchSessionGuid=a3cd6718a5962abc2f653259f6a8f554;Санкт-Петербург;sale;flat;7;12;1;42.0;15728328;Московский; Среднерогатская;9к3;Звездная;Аквилон Leaves
THE KEYS;real_estate_agent;https://spb.cian.ru/sale/flat/332386281/?context=4.HOl2tGiF8dw.TQWgZXQKItpVo9R0KW9iUxvA6GkORWwhjwSEngNBQ5IDw-L_QasuR0iz_2NObhW6W2co93u_aVQLdw&mlSearchSessionGuid=a3cd6718a5962abc2f653259f6a8f554;Санкт-Петербург;sale;flat;6;12;1;35.8;12490000;Красногвардейский;Партизанская ;5;Новочеркасская;Большая Охта
Агентство Безопасных Сделок;real_estate_agent;https://spb.cian.ru/sale/flat/333538031/?context=4.54n1J4gdxto.koiFfTxwtPwbarP8IzG5SSAn5VaZlbbrIYLfe-STjdiD1bRL8htIfFklcJNotfb8bgt3cTm89WclBA&mlSearchSessionGuid=a3cd6718a5962abc2f653259f6a8f554;Санкт-Петербург;sale;flat;2;10;1;37.7;11500000;Приморский;Афанасьевская ;1;Удельная;Орловский каскад
Группа Аквилон;developer;https://spb.cian.ru/sale/flat/332462531/?context=4.sNLXuXkz3sk.8y2tnCXUrSIHVZuLeYdaaM6lcmmcpmP8dtcsB0kED4IuXM6DX-_trfeBYifASrqkymVP4ctbVujsyQ&mlSearchSessionGuid=a3cd6718a5962abc2f653259f6a8f554;Санкт-Петербург;sale;flat;13;17;3;52.42;20723985;Московский;Звёздное;;Звездная;Оро от Аквилон ЖК
Северный модерн;real_estate_agent;https://spb.cian.ru/sale/flat/334104972/?context=4.OcJhVmN0XW0.NOFCiaqclFeHvYWokgPBnnD8cj60pSK26UgUU10u7Hw4CKSBZ6uaeQRFVgnpciKsG-uH_iECo75BUw&mlSearchSessionGuid=a3cd6718a5962abc2f653259f6a8f554;Санкт-Петербург;sale;flat;20;28;1;36.3;11999999;Невский;Рыбацкий проспект;18к2;Рыбацкое;Речной
Ойстерс;real_estate_agent;https://spb.cian.ru/sale/flat/333573773/?context=4.bZmPALSupnM.fZiWe7Q9xeCb5V6W_SrzVja6u8Ic2RK59xSVjfStNyQfrGYGg3-QQPTqCz1Va0bBNGdy67nIaUGBog&mlSearchSessionGuid=a3cd6718a5962abc2f653259f6a8f554;Санкт-Петербург;sale;flat;6;6;2;107.0;45000000;Центральный;Конюшенный переулок;1/6;Невский проспект;
ELEMENT;developer;https://spb.cian.ru/sale/flat/334187480/?context=4.FigVjqYwOFQ.SgywizUk8KN4yKv2hS1JGrgaMPfgKJSZfkgD__NlFiYgrvhdfou8uYnvhS5tRpRgVD7ooY1tF-Q1Rw&mlSearchSessionGuid=a3cd6718a5962abc2f653259f6a8f554;Санкт-Петербург;sale;flat;1;5;4;93.73;41269319;Курортный; Инструментальщиков;18;Комендантский проспект;BEREG.Курортный
Golden Home;real_estate_agent;https://spb.cian.ru/sale/flat/334070279/?context=4.JZvAlufGtvs.qkgOTdWx21qd7ISNNt_KGcD6tY0FwOyUrKHV1hfNJLA5knYLP4hJjHiDKF9vGuX339eIw51sJFAw2w&mlSearchSessionGuid=a3cd6718a5962abc2f653259f6a8f554;Санкт-Петербург;sale;flat;4;9;2;100.0;67990000;Петроградский; Профессора Попова;47;Чкаловская;ЛДМ
ФСК Агент;real_estate_agent;https://spb.cian.ru/sale/flat/333347342/?context=4.ByBt8WfpFNc.rMvZnwitRobT6CjPeFEUBgnrSpQQFb_NOsnUdYRNxFoXuCnrIM5QXhILdTMgDiivo7BCQhFisPhKhQ&mlSearchSessionGuid=a3cd6718a5962abc2f653259f6a8f554;Санкт-Петербург;sale;flat;9;23;3;99.7;29900000;Невский; Дыбенко;2;Улица Дыбенко;Цивилизация на Неве
ELEMENT;developer;https://spb.cian.ru/sale/flat/334187480/?context=4.I7V1o3nTFDA.SB9hTw5GROdbGg7A3O7hYzIHcYA0Un0p8_6Vxpk56C4pDPJRTUmcl7hTcxjGzeUb0CN9Fk_eFOvJxw&mlSearchSessionGuid=a3cd6718a5962abc2f653259f6a8f554;Санкт-Петербург;sale;flat;1;5;4;93.73;41269319;Курортный; Инструментальщиков;18;Комендантский проспект;BEREG.Курортный
НЕВА;real_estate_agent;https://spb.cian.ru/sale/flat/332044378/?context=4.SCzkqe2qsFs.fRGFxF02tHdL_t2kmZuu2draHA3Yl70rr5yzT61QTmjnY6PttEITs5A2uDbF8YL79ZvQTjqo6ApL_A&mlSearchSessionGuid=a3cd6718a5962abc2f653259f6a8f554;Санкт-Петербург;sale;flat;9;11;3;87.7;50000000;Василеостровский;18-я Васильевского острова линия;49;Горный институт;Две Эпохи
НЕВА;real_estate_agent;https://spb.cian.ru/sale/flat/331570003/?context=4.P7bERuo6tZE.IbvrL_crvleF6vNmcpqA5MRu_R3om8RuBb4Br2N4OnNalH4Q5Bzq__rcVFPauhCfjJnMYAAPsgCFng&mlSearchSessionGuid=a3cd6718a5962abc2f653259f6a8f554;Санкт-Петербург;sale;flat;1;6;3;88.5;19980000;Пушкинский; Анциферовская;11к2;Купчино;Александровский
Sun Development;real_estate_agent;https://spb.cian.ru/sale/flat/334472581/?context=4.3XZUka5PWnE.5rhedP0NfjjcQyzmuK7NXG0agoJOCeChw9T9B5YwKcS4Sp_w3RTBoaNBY1CVdDUxVHLU9i1nNsMWww&mlSearchSessionGuid=a3cd6718a5962abc2f653259f6a8f554;Санкт-Петербург;sale;flat;1;9;1;64.51;31398532;Василеостровский;Гавань;;Горный институт;МОНОДОМ АРТ
Аврора Проперти;real_estate_agent;https://spb.cian.ru/sale/flat/330218044/?context=4.2cALFDc2KTc.nfCnbjeISpyKUF5Luv4x3cra2q6uTgM6uhXkh3EvqLDmnTy9-mMob59PfWNnph26qDBgFGKirGQN_g&mlSearchSessionGuid=a3cd6718a5962abc2f653259f6a8f554;Санкт-Петербург;sale;flat;4;6;5;222.7;288093900;Центральный;Кирочная ;45;Чернышевская;
Мир Квартир Элит;real_estate_agent;https://spb.cian.ru/sale/flat/330883041/?context=4.NK1zXHeB3ow.qf2HCgAS2TOkPBczVaLvMAIR6RgNFAzXsjoRUDsfOv-O2MMssr81lMvWENhYsDSGkcGyKYqUc98eYA&mlSearchSessionGuid=a3cd6718a5962abc2f653259f6a8f554;Санкт-Петербург;sale;flat;1;9;2;79.0;44900000;Петроградский;Петровский проспект;24к3;Крестовский остров;Петровская ривьера
Алькор;developer;https://spb.cian.ru/sale/flat/321998049/?context=4.UsVggb2Lucw.gamVJjST66asszPKGeZYRio11hXRgVHfgI55u5PA6_XeR9q21rYPswK9fjqgNuNmQ5L_TJucvCo4pg&mlSearchSessionGuid=a3cd6718a5962abc2f653259f6a8f554;Санкт-Петербург;sale;flat;1;4;2;75.81;19055602;Кронштадтский;дорога Цитадельская;;;Кронфорт.Центральный
Мир Квартир PREMIUM;real_estate_agent;https://spb.cian.ru/sale/flat/331041047/?context=4.b-xOIa2pLhU.wHhhDBl0qfTmjMdxJctdriCa3Fo_8yryLNqrdGqpW2H_UDQciO6biV6Zu4ui3sb5-IJzseGWQEVCNQ&mlSearchSessionGuid=a3cd6718a5962abc2f653259f6a8f554;Санкт-Петербург;sale;flat;8;8;3;153.0;92500000;Центральный;Захарьевская ;33;Чернышевская;
МОНОЛИТ ПЛЮС;real_estate_agent;https://spb.cian.ru/sale/flat/334114176/?context=4.iIvdphQKsvw.zGyrTByO2yAH1njPc4Njx9ZM28NwyrIM-noqGJw5IbCR4BPY23q1tBbwG-F4eCPExJPJ8jwwVwDujw&mlSearchSessionGuid=a3cd6718a5962abc2f653259f6a8f554;Санкт-Петербург;sale;flat;3;6;2;76.0;27000000;Центральный; Маяковского;1/96;Маяковская;
Sun Development;real_estate_agent;https://spb.cian.ru/sale/flat/334472613/?context=4.SkoXkyvhBDg.Tzs7Cv2utW6GoOQ-HXtW9MjHhPfQgOK8owBZV2HkU28pJVvxTKUtdarwL20I_XsF3n2c5PIKIIlaag&mlSearchSessionGuid=a3cd6718a5962abc2f653259f6a8f554;Санкт-Петербург;sale;flat;3;9;1;40.75;21749377;Василеостровский;Гавань;;Горный институт;МОНОДОМ АРТ
CityRealty;real_estate_agent;https://spb.cian.ru/sale/flat/325683591/?context=4.yrSgaK_h1cI.xfdNriNo3ETJAqYNua_rQo1YoZugT5LK9G1kmQbB2kKv2lBesgn2xyzYiMa9gBQq881RNkjg4Mnnrg&mlSearchSessionGuid=a3cd6718a5962abc2f653259f6a8f554;Санкт-Петербург;sale;flat;4;8;3;110.0;73000000;Центральный; Моисеенко;27;Площадь Восстания;Форсайт
Домината;real_estate_agent;https://spb.cian.ru/sale/flat/334123431/?context=4.l6nu4zMKaXM.nlP-wkSm799vtIhBBB1E6u6n6ylp8HXa-Nb86WIE1_ojzm09x8S0OLwKbf4_D-BxYjelM01HJjx5KQ&mlSearchSessionGuid=a3cd6718a5962abc2f653259f6a8f554;Санкт-Петербург;sale;flat;2;4;2;60.1;17500000;Калининский; Академика Лебедева;15/1;Площадь Ленина;
Sun Development;real_estate_agent;https://spb.cian.ru/sale/flat/334472603/?context=4.J-QykOryJAQ.FteXRg75sHnCHR09-enh7S-miv2AAueC3xNiTf7O9l0TZMe8q1FYOZgTiDw50Y2iJL4OBnVsBZPYjw&mlSearchSessionGuid=a3cd6718a5962abc2f653259f6a8f554;Санкт-Петербург;sale;flat;2;9;1;42.29;20737185;Василеостровский;Гавань;;Горный институт;МОНОДОМ АРТ
Мир Квартир Элит;real_estate_agent;https://spb.cian.ru/sale/flat/319140422/?context=4.jYE1M4DQ3pY.9QtPywK5a5mMeERyCPOJ7NN30mu6OA-uXs7oqFXW_t4DQjo2WT4alY5KYsOrDlPVcvVC-Jn30cNtdw&mlSearchSessionGuid=a3cd6718a5962abc2f653259f6a8f554;Санкт-Петербург;sale;flat;2;7;3;161.0;130000000;Петроградский;Петровский проспект;11к3;Крестовский остров;NEVA HAUS
Мир Квартир Элит;real_estate_agent;https://spb.cian.ru/sale/flat/334070831/?context=4.zlA3qwLNAK0.SGdVlIzHvKBwvoCI7Ilo5BQAEVN58LtHBqJvuRrLFuQzqilK0fle0JcnecW-yzF4aAMs2wZxNw7XZA&mlSearchSessionGuid=a3cd6718a5962abc2f653259f6a8f554;Санкт-Петербург;sale;flat;2;10;3;94.7;57000000;Петроградский;Аптекарский проспект;18;Петроградская;Skandi Klubb
ПРОМСТРОЙКОМПЛЕКТ;developer;https://spb.cian.ru/sale/flat/323946392/?context=4.RVn1S1qWj3E.kfQYq9c-qaJXq3pp1-JeWBGpHLrZIsYZeGBxYUeJD9kx7rdQUh4iSQTwRr-PzNqbqOpEQoMZMXpEdw&mlSearchSessionGuid=a3cd6718a5962abc2f653259f6a8f554;Санкт-Петербург;sale;flat;3;6;2;158.17;150261500;Петроградский; Эсперова;8;Крестовский остров;АСТРУМ
Мир Квартир Элит;real_estate_agent;https://spb.cian.ru/sale/flat/321146195/?context=4.OVB7NYmQRzw.e-imkGJCP5trQ00jPKnx713qmGM7gCavJ262z1Q7gbPc-cmeRebiQm8K2L_GnKJNvIOmz3c25uJwag&mlSearchSessionGuid=a3cd6718a5962abc2f653259f6a8f554;Санкт-Петербург;sale;flat;7;8;2;123.6;89999000;Петроградский;Вязовая ;10;Крестовский остров;Олимпийская деревня
Мир Квартир Элит;real_estate_agent;https://spb.cian.ru/sale/flat/329362365/?context=4.UB8XEnf7Rs0.DXIV2PoV0mBuIsj1r-bLv2VbFNGAIbG5rAzTXD18lGPaMBte8nQASuzE_sC6log0GM-sozmb1GlONA&mlSearchSessionGuid=a3cd6718a5962abc2f653259f6a8f554;Санкт-Петербург;sale;flat;2;4;3;206.9;48990000;Василеостровский;4-я Васильевского острова линия;5;Василеостровская;
ELEMENT;developer;https://spb.cian.ru/sale/flat/327097080/?context=4.UDBkLAiyPQU.UgWhhYlO44cyUhcAmdA9fAmexcrLte_Ljzj26LdwUY5r-5xvUbZHx6SlrmwrDA9rPs-2_espfTydpA&mlSearchSessionGuid=a3cd6718a5962abc2f653259f6a8f554;Санкт-Петербург;sale;flat;1;5;4;95.75;48425563;Курортный; Инструментальщиков;18;Комендантский проспект;BEREG.Курортный
ONEPLACE;real_estate_agent;https://spb.cian.ru/sale/flat/333867163/?context=4.Hi-_V8IaQdM.V-jWH-SKzpxawvJpXLT8ug5fEzHvob3SFVCoKU0JURsr-_CpS4l5etUsMdEiREbPt3XEc-_H8PiYoQ&mlSearchSessionGuid=a3cd6718a5962abc2f653259f6a8f554;Санкт-Петербург;sale;flat;3;4;1;55.8;21300000;Центральный; Белинского;8;Маяковская;
Мир Квартир Элит;real_estate_agent;https://spb.cian.ru/sale/flat/332804969/?context=4.T1wtPdfvQqo.mdhTQ5OKMFcZZWMY3DDcic9D-3oGioTwVYAEA1bBkOM0MNdIF2e0c2cPak2ua916wnjXE0JBKJpDjw&mlSearchSessionGuid=a3cd6718a5962abc2f653259f6a8f554;Санкт-Петербург;sale;flat;4;5;4;270.8;77000000;Центральный;Фурштатская ;9;Чернышевская;
ELEMENT;developer;https://spb.cian.ru/sale/flat/327096252/?context=4.lqS0cTQlnOA._HKk8UsiR2gEo0KrkSAIE8YzadEGYJ_fd4yAuVIki-DMMJo_C6N7QHk6Ktq5RhrOy0BcIBtKFL8YsQ&mlSearchSessionGuid=a3cd6718a5962abc2f653259f6a8f554;Санкт-Петербург;sale;flat;3;8;3;109.17;96691869;Петроградский;Ремесленная ;17литЗ;Спортивная;17/33 Петровский остров
Мир Квартир Элит;real_estate_agent;https://spb.cian.ru/sale/flat/331501290/?context=4.-oYoJYAiosY.z9laMGpuguRrV0cM1ZRNEErgXreAV3jyarGQhSS87WEsP-9Jy28qZquGDafX9NQPpt-t1o1mKGlsSA&mlSearchSessionGuid=a3cd6718a5962abc2f653259f6a8f554;Санкт-Петербург;sale;flat;6;8;2;140.0;220000000;Петроградский;Вязовая ;8;Чкаловская;Привилегия
Мир Квартир Элит;real_estate_agent;https://spb.cian.ru/sale/flat/331076923/?context=4.BMm6rVcc4Fk.MeEmKtWqEyjOTwlT0TLsE7VsVK9sZrc8y0TZ9ZjGVD5EFthy8egcfHpaQst2yOAKt9eVoW_hQwTO8Q&mlSearchSessionGuid=a3cd6718a5962abc2f653259f6a8f554;Санкт-Петербург;sale;flat;3;4;2;79.3;52000000;Адмиралтейский;набережная Реки Мойки;84;Адмиралтейская;
ELEMENT;developer;https://spb.cian.ru/sale/flat/327096130/?context=4.SVTaXeKv5gw.f0fhI55E83sFB3AmE71yp91GJqEMnc6ogkrCmrJ07dnywm63CB6de57g8Ep_l72cr4BW2oQZ00xY9g&mlSearchSessionGuid=a3cd6718a5962abc2f653259f6a8f554;Санкт-Петербург;sale;flat;11;11;3;111.2;120513000;Московский; Коли Томчака;3;Московские ворота;Коллекционный Дом 1919
АДРЕСАТ;real_estate_agent;https://spb.cian.ru/sale/flat/332771296/?context=4.6kzD09-uhkU.H_sJFWo18ZxEXCrLHqwfckVu3uCQNdnggvgzXAftheNapKKwGN6vctanEgAebSL5XUE2oo2YcAc0hQ&mlSearchSessionGuid=a3cd6718a5962abc2f653259f6a8f554;Санкт-Петербург;sale;flat;3;5;1;40.0;16500000;Адмиралтейский;Гороховая ;67;Пушкинская;
ID 24050051;real_estate_agent;https://spb.cian.ru/sale/flat/328818269/?context=4.ljZx6F9YsE0.ZZZqw_HdT_OI8F-JpX1q4-150e7DU_bnAZSiKSYNQBqK0OEY1Y1wArmSaqMgp6m84F_lHW34yxDB1g&mlSearchSessionGuid=a3cd6718a5962abc2f653259f6a8f554;Санкт-Петербург;sale;flat;13;18;3;101.8;28800000;Фрунзенский;проспект Славы;52к1;Проспект Славы;
ELEMENT;developer;https://spb.cian.ru/sale/flat/327096252/?context=4.A_4EyB5nk4M.AkZTwZIRhR2-NgJHuzFi7rhSf26qXCPzojreKxWQusnZmajBzDR18Zw5gqVEL_wveI6Zx002_NePQg&mlSearchSessionGuid=a3cd6718a5962abc2f653259f6a8f554;Санкт-Петербург;sale;flat;3;8;3;109.17;96691869;Петроградский;Ремесленная ;17литЗ;Спортивная;17/33 Петровский остров
Крепость;real_estate_agent;https://spb.cian.ru/sale/flat/331934635/?context=4.0gW46uD42Q8.dPZ0w6ed1DzwNtOJugQyO3rjjEUflkyFPh_LjLKKhtwTBKlM6XovbfNPdKxDDILpiyQhK-hN5Qez2Q&mlSearchSessionGuid=a3cd6718a5962abc2f653259f6a8f554;Санкт-Петербург;sale;flat;1;10;1;40.6;8300000;Приморский;Глухарская ;5к1;Комендантский проспект;
Домината;real_estate_agent;https://spb.cian.ru/sale/flat/332719459/?context=4.2IpPlvZ6qcg.-hvonH2QBEzpNUkuy1zDuoHBoP2mG8hZ1RMAEtXiqM6NGdXPVgrT7QMsPr1G2TEyY4ulQkJp7UYtig&mlSearchSessionGuid=a3cd6718a5962abc2f653259f6a8f554;Санкт-Петербург;sale;flat;16;17;2;50.2;15600000;Приморский; Савушкина;132К2;Беговая;
ELEMENT;developer;https://spb.cian.ru/sale/flat/327096130/?context=4.JNyFErZ9GTM.wWQd1zpeyi0BU3QW4806Ca-gMpAz0f9ErEzK-z14trwh8XUzVmCowjXw7-GrqK5FR6fknqnTchQ4Lw&mlSearchSessionGuid=a3cd6718a5962abc2f653259f6a8f554;Санкт-Петербург;sale;flat;11;11;3;111.2;120513000;Московский; Коли Томчака;3;Московские ворота;Коллекционный Дом 1919
Домината;real_estate_agent;https://spb.cian.ru/sale/flat/334518826/?context=4.9XlAxdGQyKE.Oc1CKMuf4P670Z3IpKZELY4WxWk7kYi-JbjicvdOlfIRqj-Zw8q-JIIg1HSk3hRJSZV-Zvu6zW236A&mlSearchSessionGuid=a3cd6718a5962abc2f653259f6a8f554;Санкт-Петербург;sale;flat;1;7;2;51.3;14900000;Московский; Ленсовета;10;Московская;
Мир Квартир Элит;real_estate_agent;https://spb.cian.ru/sale/flat/329957390/?context=4.surZgmKcLF8.MWl0fCtJKzm5q8q0w-gxcVXslkCt3eqRhWgRCadQoDRHXCZ44Nge8D-_pOQFPZPUQgSbPIv0seIIdA&mlSearchSessionGuid=a3cd6718a5962abc2f653259f6a8f554;Санкт-Петербург;sale;flat;10;12;3;88.3;33490000;Василеостровский;Галерный проезд;1К2;Приморская;Шкиперский 19
Петербургская Недвижимость;real_estate_agent;https://spb.cian.ru/sale/flat/332241436/?context=4.KArU4ASsNbw.PAVcxhs1nFTSKWoV_2S90wUSKYGxzbOUpRyJvxpRO5h7XwyqJG2yEGLGunqB5aI9Ef7qhF9PWl8fBQ&mlSearchSessionGuid=a3cd6718a5962abc2f653259f6a8f554;Санкт-Петербург;sale;flat;7;7;1;33.19;21208410;Василеостровский;Кожевенная линия;1-3Д;Горный институт;Аристократ
ФСК Агент;real_estate_agent;https://spb.cian.ru/sale/flat/333347342/?context=4.hmuRRdkTD4U.hSY-_OSSVEeez-i75Xn87-caoq3svw7N9qg6sIDTc7ys4o_t3L-sKJ7TOjqNKU_UgQIvpqdMHmjcqA&mlSearchSessionGuid=a3cd6718a5962abc2f653259f6a8f554;Санкт-Петербург;sale;flat;9;23;3;99.7;29900000;Невский; Дыбенко;2;Улица Дыбенко;Цивилизация на Неве
Агентство Безопасных Сделок;real_estate_agent;https://spb.cian.ru/sale/flat/333538031/?context=4.ibM29aUr5po.aY_2VL7jO-8kArKheAzzxA2oJnbygN4FnTSnzbNgpyDZz6CIxYptb88WgKSIcDkmv4E2Uw0Jj8Y-Vw&mlSearchSessionGuid=a3cd6718a5962abc2f653259f6a8f554;Санкт-Петербург;sale;flat;2;10;1;37.7;11500000;Приморский;Афанасьевская ;1;Удельная;Орловский каскад
ELEMENT;developer;https://spb.cian.ru/sale/flat/327096129/?context=4.MKZkUf-Vz24.btlcWEPxYvGTB8y9JJm4hTlk82NlWUHBvwkxnATBSGKLyY3jWnn1Pjd_wQ7PxuKvQUSU6Bpjv0seEg&mlSearchSessionGuid=a3cd6718a5962abc2f653259f6a8f554;Санкт-Петербург;sale;flat;9;11;2;83.6;74399820;Московский; Коли Томчака;3;Московские ворота;Коллекционный Дом 1919
Суслов недвижимость;real_estate_agent;https://spb.cian.ru/sale/flat/332482998/?context=4.P0MSkr8KBiI.esuND178_eom-cKDRLP2DVqt75_gh04IBiY9_g5-ym1VMq4Hk6F8LLc7ddF6Snbk96h9jLDY_L9Z1w&mlSearchSessionGuid=a3cd6718a5962abc2f653259f6a8f554;Санкт-Петербург;sale;flat;2;9;2;54.7;10999999;Красносельский;проспект Маршала Жукова;43К1;Юго-Западная;
Экотон;real_estate_agent;https://spb.cian.ru/sale/flat/329437390/?context=4.Q0b9x6eWcaE.7b27MoE8CHWkT9VcIQ5aMXt9HsjOPA3z2BrUbC8_NZgQh9uxNSShrGakoFCUzt3b-3fuAXutE7IuhQ&mlSearchSessionGuid=a3cd6718a5962abc2f653259f6a8f554;Санкт-Петербург;sale;flat;10;13;4;116.0;49900000;Василеостровский; Беринга;1;Горный институт;
ELEMENT;developer;https://spb.cian.ru/sale/flat/327097315/?context=4.zv3sQiQncNI.Z24OyAo5EZGy29rDsbFiQwFnWwo_XKlsJt2p_nA7r9sW8Le-XgcXwnoJhksRX6H-AkoPAp1Z5ORRtg&mlSearchSessionGuid=a3cd6718a5962abc2f653259f6a8f554;Санкт-Петербург;sale;flat;12;18;4;110.81;90194908;Василеостровский;бульвар Головнина;13;Приморская;Башни Элемент
Whitewill Санкт-Петербург;real_estate_agent;https://spb.cian.ru/sale/flat/332088804/?context=4.QRDOxgn3ca8.UU_B2lcJaYt3FQmfAB17CDH97J23rZIO7FfCUJ6Te_DPzGIc7dmt63xYUiwHaWcXYG0-3ezQ2pkWUQ&mlSearchSessionGuid=a3cd6718a5962abc2f653259f6a8f554;Санкт-Петербург;sale;flat;3;8;3;92.0;88000000;Адмиралтейский;12-я Красноармейская ;26;Балтийская;Созидатели
АРИН;real_estate_agent;https://spb.cian.ru/sale/flat/332573311/?context=4.F8zG9GpjD5A.xky9kQPgtNN2fsd9Az-WcJjOHa4dz4Z_0lto8YP537q0OvGD90YKHUopeMOU51IDoQO1RfrCqn0Dtw&mlSearchSessionGuid=a3cd6718a5962abc2f653259f6a8f554;Санкт-Петербург;sale;flat;4;4;3;110.0;21990000;Курортный; Всеволода Боброва;31;Беговая;Петербургское Садовое кольцо
ELEMENT;developer;https://spb.cian.ru/sale/flat/327104311/?context=4.L6pqLw3xvNg.8lPJv9aZj-94K4XuEgJZGa6D6o7URhhXXLK3jUHMg94P2PCUizTUSchApjRX5ySXpnlrMZ5lyfYKOQ&mlSearchSessionGuid=a3cd6718a5962abc2f653259f6a8f554;Санкт-Петербург;sale;flat;22;24;3;142.3;132445725;Московский;Алтайская ;39;Московская;Шепилевский
Торговый Дом Недвижимости;real_estate_agent;https://spb.cian.ru/sale/flat/332861568/?context=4.BcaKQs28wz8.nXIiJDzBs_tAYFDkYr2J6EavdWlXJalljatX1niyp0cDjmoNvgWV0DoBfnh9vJ87MevWP6349CrU7g&mlSearchSessionGuid=a3cd6718a5962abc2f653259f6a8f554;Санкт-Петербург;sale;flat;4;5;2;44.3;9490000;Калининский; Руставели;10;Академическая;
ПАН Партнер;real_estate_agent;https://spb.cian.ru/sale/flat/334347937/?context=4.oKGvrZOKhxo._YUrn6xdBt7A9ab0xcvkhJBn4ebHTkOZQxVpz_D6sw0gsekloX04rGvZblJnHOnbV2_RW8GOiJZwag&mlSearchSessionGuid=a3cd6718a5962abc2f653259f6a8f554;Санкт-Петербург;sale;flat;2;21;1;47.9;17800000;Адмиралтейский; Шкапина;9-11;Балтийская;Панорама 360
ID 145089564;developer;https://spb.cian.ru/sale/flat/334703170/?context=4.fnW080Mu8io.ELN3mYdYvPNaXx4c7RhJehVG9K07yW8qfxmoCoLx_FhC5VIdFygsi639mDF2t7vGEYBUADYX7SADeQ&mlSearchSessionGuid=a3cd6718a5962abc2f653259f6a8f554;Санкт-Петербург;sale;flat;2;3;4;219.61;326120850;Центральный;Смольнинское;;Площадь Восстания;Де люкс квартал Евгеньевский
Этажи Санкт-Петербург;real_estate_agent;https://spb.cian.ru/sale/flat/334005069/?context=4.oYge8iGwidQ.Ra07QWPUhB028ZlML9jomb6bS9XB7Ou7aPw29GqJQvO31G9wxIEYt0LZLOnPJZoK3pwcWRBuCVVvFg&mlSearchSessionGuid=a3cd6718a5962abc2f653259f6a8f554;Санкт-Петербург;sale;flat;2;9;2;44.1;12640000;Василеостровский; Карташихина;19;Горный институт;
NF GROUP  St Petersburg;real_estate_agent;https://spb.cian.ru/sale/flat/322153554/?context=4.x0OxrSX2aoM.ooaYTzPpivQa9Ng3U_MqF51xkOoDBioDVpy9wicqMS7NCqnvF5bBbKAUQY-mhui5SSdmczHapDG9hg&mlSearchSessionGuid=a3cd6718a5962abc2f653259f6a8f554;Санкт-Петербург;sale;flat;4;6;1;61.8;55000000;Петроградский;Спортивная ;2;Крестовский остров;Крестовский de luxe
ELEMENT;developer;https://spb.cian.ru/sale/flat/327096182/?context=4.bKpqk6_bUOI._IjFmavyPWMrcCnmq_aRNjWaRiJgiMHqVkG-1PSGYasV8_UlU64LzbTG1Gk97wXfhyN8UYIqRLx2Gw&mlSearchSessionGuid=a3cd6718a5962abc2f653259f6a8f554;Санкт-Петербург;sale;flat;6;8;1;113.86;162301737;Петроградский;Ремесленная ;17литЗ;Спортивная;17/33 Петровский остров
Экотон;real_estate_agent;https://spb.cian.ru/sale/flat/327469202/?context=4.3f9H2ogFj54.uqoyEWJWARl3zSoz8hFDZLH-VrEuY-uQ0HDCTWb-S4gfQvW1svWl-ULEVtL-46bZ4wmVkO1bjy4gPg&mlSearchSessionGuid=a3cd6718a5962abc2f653259f6a8f554;Санкт-Петербург;sale;flat;3;4;2;55.0;16500000;Центральный;Ковенский переулок;26;Площадь Восстания;
Экотон;real_estate_agent;https://spb.cian.ru/sale/flat/329442912/?context=4.KowARA79EsE.EWvfu8BQynsAeJPR_UhdNBDH9VO0oo80C0GuPs8QdKqD7_tRYjTaiMPbHXc1ApcukAfaogi8-4WDmw&mlSearchSessionGuid=a3cd6718a5962abc2f653259f6a8f554;Санкт-Петербург;sale;flat;1;9;3;51.5;8300000;Кировский; Стойкости;10;Проспект Ветеранов;
ELEMENT;developer;https://spb.cian.ru/sale/flat/327097227/?context=4.sPDarR1v-DM.6OApqdnSDmyBfl9sVpVFsUrdWgtmhiQJY9nR9PsmME4kQeLtjQGbMIuem-So6M2wmBzSGU1JF-RD-A&mlSearchSessionGuid=a3cd6718a5962abc2f653259f6a8f554;Санкт-Петербург;sale;flat;4;22;1;41.21;23759832;Василеостровский;бульвар Головнина;13;Приморская;Башни Элемент
do A.S.A.P.;real_estate_agent;https://spb.cian.ru/sale/flat/333182070/?context=4.QU0i4XMQ2-c.HjIeoj3YwwRHW50CmSquqJLfgYmKihIIqPTv3fZfNASHRT4bEVI6i-ScuoGCf4ShTjGW189dAjI-EA&mlSearchSessionGuid=a3cd6718a5962abc2f653259f6a8f554;Санкт-Петербург;sale;flat;7;25;3;160.0;45000000;Приморский;Дибуновская ;50;Старая Деревня;
Мир Квартир Элит;real_estate_agent;https://spb.cian.ru/sale/flat/327725034/?context=4.vMoqGOTNlJM.Zh-e7VIoKb0dC8xW_Ti6p-XCkZ9TpMYBb5lDCHaMgVVrfm97CPJGFYP65d08rzIIVD8EDnWBxAMcqg&mlSearchSessionGuid=a3cd6718a5962abc2f653259f6a8f554;Санкт-Петербург;sale;flat;10;11;3;82.87;31900000;Московский;Благодатная ;50;Электросила;iD Park Pobedy
ELEMENT;developer;https://spb.cian.ru/sale/flat/327097297/?context=4.9tQ5a9VaP2A.FUQOtTHP5wfCml-xqEzBHnP5JWbjTB8zjeb5SG6dO6ZdwTL6QpLlIAsBiBBjUn2IEbx0VkzMa9uWcA&mlSearchSessionGuid=a3cd6718a5962abc2f653259f6a8f554;Санкт-Петербург;sale;flat;11;18;1;51.71;28706031;Василеостровский;бульвар Головнина;13;Приморская;Башни Элемент
Мир Квартир PREMIUM;real_estate_agent;https://spb.cian.ru/sale/flat/331041047/?context=4.Xw42ab239zQ.Kb61olCdgaQoKtcwv0OC0V5kKyaUsgFoFTIoHak7F1_nTu6Pt73cjt53UKyCnwOk3IsBb9Y33EJDxQ&mlSearchSessionGuid=a3cd6718a5962abc2f653259f6a8f554;Санкт-Петербург;sale;flat;8;8;3;153.0;92500000;Центральный;Захарьевская ;33;Чернышевская;
LEGENDA Development;developer;https://spb.cian.ru/sale/flat/328020848/?context=4._aQb2M_vASk.Ym_4UZoYQK_yDAX-o5HWqTW_dBZXCMuVhnuane0cdhlZKyy8Q6wmcf_wMooio-lTctY1If3fv1ST7g&mlSearchSessionGuid=a3cd6718a5962abc2f653259f6a8f554;Санкт-Петербург;sale;flat;3;10;3;84.96;29970065;Василеостровский;Гавань;к1;Горный институт;Легенда Васильевского ЖК
Алькор;developer;https://spb.cian.ru/sale/flat/314345319/?context=4.PFE2q0huKj0.TBIPI7Ovzlnk_hrPQNHIlVx5-XlyrsYSMGNoq-9QQ7TLuurEwLxXnMD1rZx2bkaNPxV-osE7ZjKAkA&mlSearchSessionGuid=a3cd6718a5962abc2f653259f6a8f554;Санкт-Петербург;sale;flat;2;4;1;41.82;11498827;Кронштадтский;дорога Цитадельская;;;Кронфорт.Центральный
Мир Квартир Элит;real_estate_agent;https://spb.cian.ru/sale/flat/329514233/?context=4.IoAGwwAIDic.KJec1YC3AXjcQT9m_PNbmJGP7j8nncj5XSfS77c66Tb_urPhZGJLKk72ey35xyUoP9vEIqY39jc3EA&mlSearchSessionGuid=a3cd6718a5962abc2f653259f6a8f554;Санкт-Петербург;sale;flat;8;8;2;67.0;49900000;Петроградский;Петровский проспект;26к2;Крестовский остров;The One
Century21 Imperial;real_estate_agent;https://spb.cian.ru/sale/flat/334228907/?context=4.3yEKrDO47yg.QFK3vT-QkYrZ5db6mW0gzJ3_WnUcRjzpcZdljhuoC96Im3aDgUnWFC1KMDVgA0lmGICxJP9koZVXXw&mlSearchSessionGuid=a3cd6718a5962abc2f653259f6a8f554;Санкт-Петербург;sale;flat;10;11;1;40.8;17150000;Приморский;Озеро Долгое;13;Старая Деревня;ArtLine
ELEMENT;developer;https://spb.cian.ru/sale/flat/327097227/?context=4.j_wxd2k6Y74.rfuAJyWhXgh6gFQacD6caqFzsq4QTFNKiZf_Q3OTzjBq_L6APUwA4wady41ATREFMJ-fvHl0eSFPIQ&mlSearchSessionGuid=a3cd6718a5962abc2f653259f6a8f554;Санкт-Петербург;sale;flat;4;22;1;41.21;23759832;Василеостровский;бульвар Головнина;13;Приморская;Башни Элемент
Мир Квартир;real_estate_agent;https://spb.cian.ru/sale/flat/332734782/?context=4.DdPQRE6vPSg.S_OkJape205brrATYegCF38WY400TDbbUKHYoLCKlD8688Y4vqSuOTCcY96kzgcyeP7ONgAiC6qV_g&mlSearchSessionGuid=a3cd6718a5962abc2f653259f6a8f554;Санкт-Петербург;sale;flat;3;5;3;71.7;31800000;Центральный; Маяковского;19/15;Чернышевская;
Мир Квартир Элит;real_estate_agent;https://spb.cian.ru/sale/flat/330177285/?context=4.M0WIcoQj3M8.0xdF4rDz63tn4dG6JGu1TtuXdYzR03iPFRleB5wfBaHhfshcsLS77jf6xCzvxV0TxkwYNytbkEM63A&mlSearchSessionGuid=a3cd6718a5962abc2f653259f6a8f554;Санкт-Петербург;sale;flat;2;7;2;74.6;45500000;Петроградский;Петровский проспект;28к1;Крестовский остров;Grand View
ELEMENT;developer;https://spb.cian.ru/sale/flat/328054204/?context=4.CUNEnwWsMg4.z8aTMm6B9pRxreATFoJQ3MGE7SXt-9qyz7M3RCmSzXo0TVAWn0U50H18GYMqKTZ-0V_uZkWIEpgTKg&mlSearchSessionGuid=a3cd6718a5962abc2f653259f6a8f554;Санкт-Петербург;sale;flat;7;8;1;94.01;160775902;Петроградский;Ремесленная ;17литЗ;Спортивная;17/33 Петровский остров
Мир Квартир Элит;real_estate_agent;https://spb.cian.ru/sale/flat/333015098/?context=4.WFQqheDGSTY.sa7sY7qHQcIc1WrkRbK8IXoAYF2L_bpbo78ccY1rlnxVTtB-kDaNl6BFQ97HkJ2vic-Ype3sgs7fJQ&mlSearchSessionGuid=a3cd6718a5962abc2f653259f6a8f554;Санкт-Петербург;sale;flat;4;8;4;106.0;71300000;Петроградский;Петровский проспект;26к2;Крестовский остров;The One
ПАН Партнер;real_estate_agent;https://spb.cian.ru/sale/flat/333766509/?context=4.n4_Oel1dYz4.94omJe8m2DbHVuSeyZGLsTE3Ysy0lXuAqqlJhvnrgYCLjP0493RckHk4aamTAJUok54OK2v2pn4BUg&mlSearchSessionGuid=a3cd6718a5962abc2f653259f6a8f554;Санкт-Петербург;sale;flat;5;6;4;115.3;27400000;Центральный;проспект Бакунина;7;Площадь Александра Невского;
ПРОМСТРОЙКОМПЛЕКТ;developer;https://spb.cian.ru/sale/flat/323946303/?context=4.peqJG0lwQE4.x0qlPQ6Td-OeCML_ZJGm6iwW-OyvBPdfqeC6fbqiPZzmPdcIp5TMaw5MF7AtBe_naMyOT0nlPWYBLQ&mlSearchSessionGuid=a3cd6718a5962abc2f653259f6a8f554;Санкт-Петербург;sale;flat;2;6;3;169.29;186219000;Петроградский; Эсперова;8;Крестовский остров;АСТРУМ
ВП недвижимость;real_estate_agent;https://spb.cian.ru/sale/flat/333561303/?context=4.52GNZLOCVgw.A3ie5QVOkNsj4Cw34xhGo9HScN-B1zcSODl_59jJXjfKgiB0WkctYVqRmQdAEbepT9o2HXxZbPkzBQ&mlSearchSessionGuid=a3cd6718a5962abc2f653259f6a8f554;Санкт-Петербург;sale;flat;19;24;3;75.8;17999000;Пушкинский; Вишерская;2;Звездная;UP-квартал Московский
ПАН Партнер;real_estate_agent;https://spb.cian.ru/sale/flat/333665161/?context=4.Xrz3KD9D6rE._1wzOoTLzBBCwA_BEUwBp74Q7ibnrSL6oBUZMFkL1I-GQYmw3xE8hvVxSCbSRWWIqD-4JJcUC5KYIA&mlSearchSessionGuid=a3cd6718a5962abc2f653259f6a8f554;Санкт-Петербург;sale;flat;15;25;1;42.0;11700000;Красногвардейский;Екатерининский проспект;2;Ладожская;Екатерининский
ПРОМСТРОЙКОМПЛЕКТ;developer;https://spb.cian.ru/sale/flat/323946370/?context=4.hzDVeuqr0-U.X2LjgOFerYa6Kg1g06WhIonKbGJi1iC-ekvP83Hw3GSRhlNclWcgvHFG_FSPByjnRVAplKYdu_hAOQ&mlSearchSessionGuid=a3cd6718a5962abc2f653259f6a8f554;Санкт-Петербург;sale;flat;4;6;2;140.04;140040000;Петроградский; Эсперова;8;Крестовский остров;АСТРУМ
Мир Квартир Элит;real_estate_agent;https://spb.cian.ru/sale/flat/326582581/?context=4.LTEmMjzUpZI.7EWhSlMoy9wSirxot9sZWRCQaeT1jLvFgECyzvPgq4iGQ7jF0vBGmCiZEqOh4qdEyRrUmLcpiuJUvw&mlSearchSessionGuid=a3cd6718a5962abc2f653259f6a8f554;Санкт-Петербург;sale;flat;2;9;4;146.0;79000000;Петроградский;проезд Петровская коса;6к1;Крестовский остров;Петровская Доминанта
ПИК;developer;https://spb.cian.ru/sale/flat/333606336/?context=4.TtV_ghr-TiQ.PD_74LSoF2pW9Uzjpp7F_34XjyZ4VT2HaTLoFJMVBTYfQzO9Bdh4h2RQ_Y9W9roxvFHz3V4I5_p0HA&mlSearchSessionGuid=a3cd6718a5962abc2f653259f6a8f554;Санкт-Петербург;sale;flat;3;8;2;59.2;24420000;Василеостровский;Гавань;к2;Горный институт;Шкиперский 19 ЖК
ELEMENT;developer;https://spb.cian.ru/sale/flat/327097093/?context=4.7vSSi2ZsIdw.2USk8oUxrLo9hlubP5kaFC99lxNJi5bDCHtSjmt9nfPICXUZM6lUw4I3U0Nzimx_pR7xFWDBXF31Gw&mlSearchSessionGuid=a3cd6718a5962abc2f653259f6a8f554;Санкт-Петербург;sale;flat;4;5;3;59.79;41622809;Курортный; Инструментальщиков;18;Комендантский проспект;BEREG.Курортный
Мир Квартир Элит;real_estate_agent;https://spb.cian.ru/sale/flat/330741491/?context=4.WNxWSlarCYQ.fUSCYXNfVFA0pqDgey6R1r6tqYRe6UG0am1mUPd92BZPC0olnjkjpeoe7qHWT1U4ks_SSrGF9Nve1w&mlSearchSessionGuid=a3cd6718a5962abc2f653259f6a8f554;Санкт-Петербург;sale;flat;9;9;3;164.0;73900000;Петроградский;Петровский проспект;11к2;Крестовский остров;NEVA HAUS
ЛСР Санкт-Петербург;developer;https://spb.cian.ru/sale/flat/331005916/?context=4.XBmg1pwrAIM.Tme4uR--TghsAmKGCWVyK7x_Vf3-ubHV4akz0zrGQJdXvX3qa_KicEsVJQ62ps8ryy0sDh98z_2X7A&mlSearchSessionGuid=a3cd6718a5962abc2f653259f6a8f554;Санкт-Петербург;sale;flat;3;17;2;58.2;13880700;Красногвардейский;Полюстрово;;Академическая;Зеркальный ручей
ELEMENT;developer;https://spb.cian.ru/sale/flat/327096228/?context=4.XPV7lEjBNvQ.ZedcF4cK2JYXB0UNMSQ3cgIFxn7iDmzcA3YJHEjO5cE4fFjQPjBV-seXkidjsbDQrH2QKD516yYqrQ&mlSearchSessionGuid=a3cd6718a5962abc2f653259f6a8f554;Санкт-Петербург;sale;flat;2;8;2;66.49;51543048;Петроградский;Ремесленная ;17литЗ;Спортивная;17/33 Петровский остров
Мир Квартир Элит;real_estate_agent;https://spb.cian.ru/sale/flat/331122274/?context=4.oFIr5Y3s0fE.BluPA09fpxyEPJhRD8ZKxZOvenmKIzlLpMLDMAj8JUjntBCtwEpoWyzBi_3nypgfzNm-MZH1pey3ng&mlSearchSessionGuid=a3cd6718a5962abc2f653259f6a8f554;Санкт-Петербург;sale;flat;6;9;2;111.5;58500000;Центральный;Исполкомская ;17;Площадь Александра Невского;Дипломат
Мир Квартир Элит;real_estate_agent;https://spb.cian.ru/sale/flat/332769383/?context=4.mNZpN0RkV7g.gfxvEsp1jEJEp0wg7odZjNhfPOZgdY_YEba4ykCIiRvquxEPkSWjpYY1ndC3CFr-4yTmbyQo1iqTEQ&mlSearchSessionGuid=a3cd6718a5962abc2f653259f6a8f554;Санкт-Петербург;sale;flat;2;2;2;69.4;45000000;Адмиралтейский;Почтамтская ;12;Адмиралтейская;
LAR Development;developer;https://spb.cian.ru/sale/flat/326046627/?context=4.yZjT-vpLdEg.12YZUAMEKxgBp0Vet47OjFPyP_7fihjyYEDAGH6oki2r1tOHwAsAXQE8ydOAMbXSAzQkAmqb90bVCQ&mlSearchSessionGuid=a3cd6718a5962abc2f653259f6a8f554;Санкт-Петербург;sale;flat;2;4;1;39.31;19458450;Курортный;;;;Ранта Резиденс ЖК
Мир Квартир Элит;real_estate_agent;https://spb.cian.ru/sale/flat/332958975/?context=4.3HuOqWKYzF8.E9czS_CvapbH1NKbqr-PKXnfriaHZj-IzKGmNlyGbYDuATeomHd1YqnO5txMHmohH-UEFe4eLg-E1Q&mlSearchSessionGuid=a3cd6718a5962abc2f653259f6a8f554;Санкт-Петербург;sale;flat;3;9;3;84.8;42500000;Петроградский;проезд Петровская коса;6к1;Крестовский остров;Петровская Доминанта
CENTURY 21 MAV Real Estate;real_estate_agent;https://spb.cian.ru/sale/flat/334418758/?context=4.IB2gMf4sOBs.SmPFX8qCcAk2oTDi-mcOi42MldXShVOGcWlea4om5heFNyT6z_U0SsSt3yHGGuB-R0S3vRz0P3l-nw&mlSearchSessionGuid=a3cd6718a5962abc2f653259f6a8f554;Санкт-Петербург;sale;flat;11;12;1;33.15;9700000;Приморский;проспект Орлово-Денисовский;13к2;Проспект Просвещения;Бионика Заповедная
Алькор;developer;https://spb.cian.ru/sale/flat/321998049/?context=4.V6fjdi00gHs.Xl0yN7KiTTG1WS9fXT0jaWHvTTIOFhpSU5W9BczWu_OmnhoY_TQzvM8IIv5CG-BsNTRl1GMilWyE3g&mlSearchSessionGuid=a3cd6718a5962abc2f653259f6a8f554;Санкт-Петербург;sale;flat;1;4;2;75.81;19055602;Кронштадтский;дорога Цитадельская;;;Кронфорт.Центральный
Мир Квартир Элит;real_estate_agent;https://spb.cian.ru/sale/flat/327231180/?context=4.fj81mvm0YgQ.OVpDPLTHqIda2wJZHKlH2tYsWSxB8L3RX7qjMPl4YKK-QRHoZtsaeR1mNrbv_7fTgiQi1oruA5xAsw&mlSearchSessionGuid=a3cd6718a5962abc2f653259f6a8f554;Санкт-Петербург;sale;flat;5;8;2;129.2;46500000;Петроградский;Офицерский переулок;8с2;Спортивная;
М16 Элит;real_estate_agent;https://spb.cian.ru/sale/flat/333052758/?context=4.FnWN5j4Fw04.GU0ojSDiVh5AHPJY5fgiVtOH7vnakpsvd1VjZHAhjl94wX-SXi_j-W8rM-uXAqodIrxs1cJqiRcPHA&mlSearchSessionGuid=a3cd6718a5962abc2f653259f6a8f554;Санкт-Петербург;sale;flat;5;6;4;160.0;160000000;Петроградский;Спортивная ;2;Крестовский остров;Крестовский de luxe
ID 145089564;developer;https://spb.cian.ru/sale/flat/334703364/?context=4.5ePFiXPEx_M.CdEocLNC5AUsW7oN0GoXntl46gJqD-xPErkJnqPkZ2WxFECFgQuMSX69Q-2rJHS4gHJYWNY9SOYpnw&mlSearchSessionGuid=a3cd6718a5962abc2f653259f6a8f554;Санкт-Петербург;sale;flat;4;4;4;189.46;199131933;Центральный;Смольнинское;;Площадь Восстания;Де люкс квартал Евгеньевский
Мир Квартир Элит;real_estate_agent;https://spb.cian.ru/sale/flat/327663454/?context=4.WUmN0NljwtY.Kao9EQI-vrVPWMywMsf-LrzEXR2ZlRrGvWH-ncf2t8PsB7lRSAeXauwUH0f7KmaN1eZ3KdgvOGxigA&mlSearchSessionGuid=a3cd6718a5962abc2f653259f6a8f554;Санкт-Петербург;sale;flat;4;9;2;87.9;49000000;Василеостровский;проспект Большой Васильевского острова;67к2;Горный институт;Большой, 67
Whitewill Санкт-Петербург;real_estate_agent;https://spb.cian.ru/sale/flat/331579136/?context=4.rARQkORV49Y.rsVb1nZNwdlHoODNXD0rd0KKDiU46pW0Z1uS_Zkd4dZStQqx-UybrJj3ZgEWI0kFTuPANcFt6PfXgA&mlSearchSessionGuid=a3cd6718a5962abc2f653259f6a8f554;Санкт-Петербург;sale;flat;7;9;2;71.0;29900000;Красногвардейский;шоссе Революции;3к2;Новочеркасская;Upoint на Пискарёвском
ID 145089564;developer;https://spb.cian.ru/sale/flat/334703371/?context=4.mLTGUl5NsYo.XWiDc90D3MccBfSk5JkJljE447hebFnqHPgYEEOQWuui7nMOFAZbOjLKgMGG-XbLJqtuthYJ-1NW2Q&mlSearchSessionGuid=a3cd6718a5962abc2f653259f6a8f554;Санкт-Петербург;sale;flat;4;4;4;196.63;187879965;Центральный;Смольнинское;;Площадь Восстания;Де люкс квартал Евгеньевский
Мир Квартир Элит;real_estate_agent;https://spb.cian.ru/sale/flat/316597606/?context=4.E0pgZmGTYqo.X4sW9uQF6ASdMBUoRi6ENTCtbX8rx8yhWqu0a29RLGkdo0nu0JDjfRJMiRglCPo3NdE4MuB8tLDXYA&mlSearchSessionGuid=a3cd6718a5962abc2f653259f6a8f554;Санкт-Петербург;sale;flat;3;6;4;129.0;58000000;Петроградский;проспект Малый Петроградской стороны;79-81-83;Петроградская;
do A.S.A.P.;real_estate_agent;https://spb.cian.ru/sale/flat/334487035/?context=4.I6dL_y0ujvI.C1njz9P-U-msBROihlULd_s1Vxe5RIBkcKv3etu-7DyA1BdVdtWZZtCn1r8OFh_Wwk3BF9E3clpAeg&mlSearchSessionGuid=a3cd6718a5962abc2f653259f6a8f554;Санкт-Петербург;sale;flat;9;11;1;43.1;6850000;43 мкв Московский 1-комн. квартира;9/11 этаж;;;
ID 145089564;developer;https://spb.cian.ru/sale/flat/334703269/?context=4.I7aHqtM-3wQ.M7zcr4VOZUteDLAxCGyUfihT_Hajz9hzWymlJB11xFSkJE3CwLHAf4ivz3jHoi7JfGr92x67FSl5xA&mlSearchSessionGuid=a3cd6718a5962abc2f653259f6a8f554;Санкт-Петербург;sale;flat;2;4;3;127.83;80532900;Центральный;Смольнинское;;Площадь Восстания;Де люкс квартал Евгеньевский
Мир Квартир Элит;real_estate_agent;https://spb.cian.ru/sale/flat/334268878/?context=4.PPpe9HmJaks.c6b5aUHWoa0ah8jLw90Cw79PgE0jdN07VQKKanxMvOLdneh429WNWhYJX9uPwf8F7aB8GHVPHsJhgw&mlSearchSessionGuid=a3cd6718a5962abc2f653259f6a8f554;Санкт-Петербург;sale;flat;2;5;3;120.0;95000000;Центральный;Смольный проспект;13;Чернышевская;Смольный проспект
АУРУМ;real_estate_agent;https://spb.cian.ru/sale/flat/332470186/?context=4.SkOym0TPgfc.xulDbK7bK-4lWT9VGb3Epj__GAWERh4FUiS8t_2f1mOMejw1nQyYACG42uwzlqJkVp3oc2VzCzBx6Q&mlSearchSessionGuid=a3cd6718a5962abc2f653259f6a8f554;Санкт-Петербург;sale;flat;15;23;1;42.5;16200000;Невский;Октябрьская набережная;40;Улица Дыбенко;Цивилизация на Неве
ID 145089564;developer;https://spb.cian.ru/sale/flat/334703319/?context=4.L3-QxpXFIr0.7s09SEFc0pb0-sLIbRofDHR6_iKHxUtFoWQ_AqzOQT_UODso2GUSX21On37VZDhOjilWssmXbs60KA&mlSearchSessionGuid=a3cd6718a5962abc2f653259f6a8f554;Санкт-Петербург;sale;flat;3;4;3;127.35;84687750;Центральный;Смольнинское;;Площадь Восстания;Де люкс квартал Евгеньевский
Мир Квартир Элит;real_estate_agent;https://spb.cian.ru/sale/flat/332068055/?context=4.5F0h5Aue_KQ.k5uOE22mxW9SmFzJPQrJ-jt_0R77hWZB8AKKOPiTaay4NYr0rpSMcfAxHhJ1xbOovwA-HF6NPDCV1A&mlSearchSessionGuid=a3cd6718a5962abc2f653259f6a8f554;Санкт-Петербург;sale;flat;6;8;1;85.7;44000000;Центральный;4-я Советская ;9;Площадь Восстания;4-я Советская 9
КВС;developer;https://spb.cian.ru/sale/flat/334257818/?context=4.Ce12GB1RSAQ.AL5Ax04ROE1miOA_YDBl3wiIEJKjHf9CheIj6rJDlraFJ03xg4TdAi4blgKJksirev9D21gyEwzA7Q&mlSearchSessionGuid=a3cd6718a5962abc2f653259f6a8f554;Санкт-Петербург;sale;flat;4;4;3;74.52;20853677;Пушкинский;;;Купчино;Дубровский ЖК
LAR Development;developer;https://spb.cian.ru/sale/flat/327394366/?context=4.a3egV9n1WFg.e8FiE7cJGUFyyzCoyd4XXnZbihUBGSXdvolYcHe5vUyrgz1so7ReQ5moHD076sA1HL92haB9RyUpEA&mlSearchSessionGuid=a3cd6718a5962abc2f653259f6a8f554;Санкт-Петербург;sale;flat;3;4;1;41.23;20821150;Курортный;Кривоносовская ;57;;Ранта Резиденс
Мир Квартир Элит;real_estate_agent;https://spb.cian.ru/sale/flat/333879917/?context=4.TYhtot0_CoM.y0hEGLPJeVgl_cDngqNkdP2keiwTq3xedh_39-zzdUMY1Du0OIpMetXKjIaVAg-wEJmOSlnoL0YrRA&mlSearchSessionGuid=a3cd6718a5962abc2f653259f6a8f554;Санкт-Петербург;sale;flat;5;8;1;44.4;31900000;Петроградский;Петровский проспект;28к1;Крестовский остров;Grand View
Ойстерс;real_estate_agent;https://spb.cian.ru/sale/flat/325111636/?context=4.OnmR5kvcp_A.BiW7GKGB399jmSuN-5CdbCFZenJcLqtiIq5slrXH-ZF6sCx6OTYxFiNp-eI23ZBBXVRwGjeF5lGN6g&mlSearchSessionGuid=a3cd6718a5962abc2f653259f6a8f554;Санкт-Петербург;sale;flat;3;5;2;49.7;28900000;Петроградский;Пионерская ;53;Чкаловская;Avant
ID 145089564;developer;https://spb.cian.ru/sale/flat/334703249/?context=4.6SlB8oPluNo.vnkmlqDho1h7WClEpnYgaIucVlUEP7cLnJxy5VQk3CdcXtdzglbYlA9ZDrOqhB1-Jemdu7XHVcUuwg&mlSearchSessionGuid=a3cd6718a5962abc2f653259f6a8f554;Санкт-Петербург;sale;flat;4;4;2;77.7;70707000;Центральный;Смольнинское;;Площадь Восстания;Де люкс квартал Евгеньевский
CityRealty;real_estate_agent;https://spb.cian.ru/sale/flat/323797769/?context=4.hty8OvoReno.2uHEUhtEZiT63kAIT4qgYcfFPRgusEzgBLRSB-jzrWXcwpq5OUJrCG98NAbXx6yVVKDCLfXR_byoVQ&mlSearchSessionGuid=a3cd6718a5962abc2f653259f6a8f554;Санкт-Петербург;sale;flat;5;5;5;315.4;120000000;Центральный;Кирочная ;45;Чернышевская;
Мир Квартир Элит;real_estate_agent;https://spb.cian.ru/sale/flat/333015095/?context=4.A_A-s5b8B_M.mCM1rtO5E8Jy4mHfc63UQQW9YuvfRDJfhfUOpHSJgrASBSWiGAUJICnjNoADVmnf6Pso60AwQmXocQ&mlSearchSessionGuid=a3cd6718a5962abc2f653259f6a8f554;Санкт-Петербург;sale;flat;3;3;2;75.0;29999000;Центральный; Рубинштейна;22;Достоевская;
Петербургская Недвижимость;real_estate_agent;https://spb.cian.ru/sale/flat/329245236/?context=4.Gzt5gRFicNo.11KL--V3AubZRELYtTUzEUj4N4R500K0DngPn9SGfeLeVCqeunjIT4qAqKN1G_RnE5KdSqS44IOEYg&mlSearchSessionGuid=a3cd6718a5962abc2f653259f6a8f554;Санкт-Петербург;sale;flat;4;10;2;75.3;31174200;Выборгский;Манчестерская ;3;Удельная;Svetlana Park
Мир Квартир;real_estate_agent;https://spb.cian.ru/sale/flat/327282858/?context=4.qysOer8Ko9Y.Lzq2C0B3L7OavED1A-4UreNuazpfTdPIzk-M6w3d1D9a2Kcl4uMdxjdn34Xo-4grhKVUPXhASZhjyQ&mlSearchSessionGuid=a3cd6718a5962abc2f653259f6a8f554;Санкт-Петербург;sale;flat;5;5;2;88.0;55000000;Петроградский;проспект Добролюбова;21а;Спортивная;
Экотон;real_estate_agent;https://spb.cian.ru/sale/flat/329437390/?context=4.7vPHzSL27Uc.tTkqA94ABQllqf4GIpoYpqiwNqozMCQFodeEyPXdbQOpiBpg1YA-RoLV232aXfY8WFxoBcj98UlAFQ&mlSearchSessionGuid=a3cd6718a5962abc2f653259f6a8f554;Санкт-Петербург;sale;flat;10;13;4;116.0;49900000;Василеостровский; Беринга;1;Горный институт;
LEGENDA Development;developer;https://spb.cian.ru/sale/flat/333531547/?context=4.MjTr8rr8Zms.LS2JUzUTdh5iM3wF8pK9j38kd5qbwuEqrJztpOH9fWfBdltMBWdy9sUjwHqsYxTuzl6A4QCcG3f3Nw&mlSearchSessionGuid=a3cd6718a5962abc2f653259f6a8f554;Санкт-Петербург;sale;flat;16;22;2;75.74;40115691;Василеостровский;Морской;;Приморская;ЛЕГЕНДА У МОРЯ
Северный модерн;real_estate_agent;https://spb.cian.ru/sale/flat/333561473/?context=4.sG3zazI5f0U.U08VcuZRIS0p54lMyquWAlfu6wTwQ87t-lA2Y5b2emAmbX_oODFBOk-y3gnG3gdtnjD7wDs9M6C3Qw&mlSearchSessionGuid=a3cd6718a5962abc2f653259f6a8f554;Санкт-Петербург;sale;flat;8;23;2;64.5;25000000;Невский;Октябрьская набережная;40;Улица Дыбенко;Цивилизация на Неве
Мир Квартир Элит;real_estate_agent;https://spb.cian.ru/sale/flat/334122873/?context=4.sSUIf9FvcBQ.ClWxqnmMLVnqZVuBhRW8BgCULlGDuEPZUsXYB9LLNniVyDu05VObVqlD8jUiHWCa18FSg6CtuzRcyQ&mlSearchSessionGuid=a3cd6718a5962abc2f653259f6a8f554;Санкт-Петербург;sale;flat;8;9;2;70.0;45490000;Центральный;Исполкомская ;17;Площадь Александра Невского;Дипломат
ID 145089564;developer;https://spb.cian.ru/sale/flat/334703278/?context=4.PwX8bfDdpXM.QJWyK0MeNol-XXM76L1BLDf0kfC4qyIG0IoZAN5Qw4m9pZDKnkrhDX-kCFsmxYWIFS034iJdP50lQg&mlSearchSessionGuid=a3cd6718a5962abc2f653259f6a8f554;Санкт-Петербург;sale;flat;2;4;2;94.2;65940000;Центральный;Смольнинское;;Площадь Восстания;Де люкс квартал Евгеньевский
Свободный Дом;real_estate_agent;https://spb.cian.ru/sale/flat/334157042/?context=4.lahYk0CMEY0.7a9_rGk3RJhobY644eaJJN7wzbj3EzOUmZgAhQwBXHQh3QMsA1MYsgq21OtcMX2pUA2w3Vz9e17lZw&mlSearchSessionGuid=a3cd6718a5962abc2f653259f6a8f554;Санкт-Петербург;sale;flat;11;12;2;70.5;23500000;Выборгский;проспект Энгельса;31;Удельная;ID Svetlanovskiy
Кремлёвские Ключи;real_estate_agent;https://spb.cian.ru/sale/flat/334066771/?context=4.zV4UWs-iarY.EoH9E7B6Li7tEkK_VnB7tkzkhvI8-lQLD3j1mjfvpiz1bnv2DFYlU4Uhech9LIbKz5oVOLpMMtHDCA&mlSearchSessionGuid=a3cd6718a5962abc2f653259f6a8f554;Санкт-Петербург;sale;flat;6;15;1;36.0;12900000;Невский; Ультрамариновая;8;Проспект Большевиков;Pulse на набережной
ID 145089564;developer;https://spb.cian.ru/sale/flat/334703330/?context=4.QF2gtEknq8k.2uGKm5H6TDEYNmS14YL4a3kz_35KpUmhvjcEmFSOtGy2pbnrKf24RwNf1WluRMcDU3jpL2pyAeja8Q&mlSearchSessionGuid=a3cd6718a5962abc2f653259f6a8f554;Санкт-Петербург;sale;flat;3;4;2;95.9;73843000;Центральный;Смольнинское;;Площадь Восстания;Де люкс квартал Евгеньевский
Лучший метр;real_estate_agent;https://spb.cian.ru/sale/flat/333876147/?context=4.v8a58NtPlho.j26D49E4NMNerd_EKF7cfL-hHBhJdFt3BLTC5XUWC_9MTNe4Bpum5ABadkb-Qyl-Hwq1bqIW6odBmQ&mlSearchSessionGuid=a3cd6718a5962abc2f653259f6a8f554;Санкт-Петербург;sale;flat;12;12;2;54.8;15700000;Невский;Шлиссельбургский проспект;14К1;Рыбацкое;
Мир Квартир Элит;real_estate_agent;https://spb.cian.ru/sale/flat/324646124/?context=4.yYf-iZ9HQFE.cte22wFbJS65V_ke-YNQz8HP5FbYRbDiue2p-dwy1hlPQlVXp0Jq6F53zY2FYz1yPqGngan257WydA&mlSearchSessionGuid=a3cd6718a5962abc2f653259f6a8f554;Санкт-Петербург;sale;flat;6;7;3;135.6;78940000;Московский; Гастелло;7;Московская;Victory Plaza
ELEMENT;developer;https://spb.cian.ru/sale/flat/327096231/?context=4.sWRWYcg3zxQ.N2T1qC4X2z0-i8x5a1BK43H2KFs5oyIkkrojHn0SblV3YoHSq_Cq5RNQ07B0zWECE5IsVQtHI-fqOA&mlSearchSessionGuid=a3cd6718a5962abc2f653259f6a8f554;Санкт-Петербург;sale;flat;5;8;2;58.53;48407237;Петроградский;Ремесленная ;17литЗ;Спортивная;17/33 Петровский остров
Мир Квартир;real_estate_agent;https://spb.cian.ru/sale/flat/332540363/?context=4.MmYiJ3TKaz0.SImDv7gUiGAIO-EX9TuVNoZOaK-I1hg7jZGr0yG7Ygr_nw5kGxkubCFBl4xntFURFHD_9Pa5ahx6zw&mlSearchSessionGuid=a3cd6718a5962abc2f653259f6a8f554;Санкт-Петербург;sale;flat;6;7;4;134.5;63000000;Адмиралтейский;Малодетскосельский проспект;40;Фрунзенская;Идеалист
ВП недвижимость;real_estate_agent;https://spb.cian.ru/sale/flat/334197239/?context=4.YWNE3sHSpNI.P4qW5vMvwd7MC7w6_7d8-Vp1BCtYivCpBsn1AIFKU9jO8a7i-vI_Qr_DAGKHSMI50M9tXb-w5tjfIA&mlSearchSessionGuid=a3cd6718a5962abc2f653259f6a8f554;Санкт-Петербург;sale;flat;2;5;2;35.4;15800000;Василеостровский;Кадетская линия;31/22;Спортивная;
LEGENDA Development;developer;https://spb.cian.ru/sale/flat/333531788/?context=4.Am5shqJU5NE.MS3AgB4DwwznsKLXvaYw0aQr8Lj32ja4DQ4bqvi6RjZLOTL4aS4x_ESfnk3KS6T_x66xq_tiQQxMEQ&mlSearchSessionGuid=a3cd6718a5962abc2f653259f6a8f554;Санкт-Петербург;sale;flat;3;22;1;38.02;18453767;Василеостровский;Морской;;Приморская;ЛЕГЕНДА У МОРЯ
Мир Квартир Элит;real_estate_agent;https://spb.cian.ru/sale/flat/330786218/?context=4.bUPmTVFhz5Q.oFpmgRjctRupNEC5MfQ9XZ_C2Zuc6LTSJRhvHg6do_6_LOVaSwI6NtQeUneZ5U27MsZ0JMF_ZvHr9Q&mlSearchSessionGuid=a3cd6718a5962abc2f653259f6a8f554;Санкт-Петербург;sale;flat;3;8;3;116.0;54000000;Петроградский;Петрозаводская ;13;Чкаловская;Петроградский эталон
Мир Квартир Элит;real_estate_agent;https://spb.cian.ru/sale/flat/317214147/?context=4.6bFiV0poEOk._5YF_vyRO85mVm5v0W4FmySKZIXOu9N503TonUzkHlERAcJCwF1g8ZqAC5_H0tdAkzJhFB46ipG25Q&mlSearchSessionGuid=a3cd6718a5962abc2f653259f6a8f554;Санкт-Петербург;sale;flat;3;8;3;66.0;42000000;Петроградский;Ремесленная ;17литЗ;Спортивная;17/33 Петровский остров
Петербургская Недвижимость;real_estate_agent;https://spb.cian.ru/sale/flat/333834006/?context=4._E41aO4ZxLM.iXGGPBzx1k5HLw4lvbFGj5pmYM21m4wf2Z8zzK0lqhH9hPp934Xwoiagoi6AnKWWXLBbQY2hK-QG9g&mlSearchSessionGuid=a3cd6718a5962abc2f653259f6a8f554;Санкт-Петербург;sale;flat;6;8;1;36.38;23083110;Василеостровский;Кожевенная линия;1-3Д;Горный институт;Аристократ
Мир Квартир;real_estate_agent;https://spb.cian.ru/sale/flat/329569110/?context=4.eRJjJdTtvkg.gZOS5bQYVniI3g0wBAzX_WIZdZBhJ3hdFW48UHbiTFMrVtQD-oQjTrFa5rYtVH0q1XNaHU40u3mSsA&mlSearchSessionGuid=a3cd6718a5962abc2f653259f6a8f554;Санкт-Петербург;sale;flat;2;5;3;110.0;41000000;Петроградский; Большая Зеленина;6;Чкаловская;
КВС;developer;https://spb.cian.ru/sale/flat/321417983/?context=4.hcRUmc-7iKQ.Rs6JwS63KokHCty6fnbHZltLZ0t6Udc6_vXy_Q-WKT8PJeimYLliLs39nGPL8YPoMlr4Pun3I-icjA&mlSearchSessionGuid=a3cd6718a5962abc2f653259f6a8f554;Санкт-Петербург;sale;flat;3;4;4;97.32;;Пушкинский;;;Купчино;Дубровский ЖК
ID 145089564;developer;https://spb.cian.ru/sale/flat/334703360/?context=4.25eXX-RQ_Iw.-kWbzMR38Pl8LjkU0VdSNikIVCLQgP76SgsK2m1UUMLgax8nc-HjMIsDcqxOQIEoTK2zqw_qaAtZYA&mlSearchSessionGuid=a3cd6718a5962abc2f653259f6a8f554;Санкт-Петербург;sale;flat;4;4;3;119.68;108908800;Центральный;Смольнинское;;Площадь Восстания;Де люкс квартал Евгеньевский
Ойстерс;real_estate_agent;https://spb.cian.ru/sale/flat/334130879/?context=4.W5cTT9igkdY.R3yyskiVoT35QNVQhrjUhdtZcG9gxtvpbPhQJcHu9w8iPNQSG1qmwf3HnRFbMk9JdqXombzbASvHPw&mlSearchSessionGuid=a3cd6718a5962abc2f653259f6a8f554;Санкт-Петербург;sale;flat;2;3;1;69.2;29500000;Приморский; Новая;51к75;Беговая;
Экотон;real_estate_agent;https://spb.cian.ru/sale/flat/331155522/?context=4.8VjwE1qUTFg.b1hGY87a1c0x3Ru_321e9ItM62u8CjEPMynaWP5XK9vzNdgSIsEtIIt-fuJ9c_ZRNDYcNZo1xqJsIw&mlSearchSessionGuid=a3cd6718a5962abc2f653259f6a8f554;Санкт-Петербург;sale;flat;3;5;2;95.8;38300000;Центральный; Радищева;17-19;Площадь Восстания;
ELEMENT;developer;https://spb.cian.ru/sale/flat/327096122/?context=4.pXl5m-etlRc.3N_KTVxfe1lT2TofFQy4i1Q9VWaKz2jQ1idH5ujSABQZTXgqtPjSjyed3PwUT2fXT9wSe5_6aRAuZQ&mlSearchSessionGuid=a3cd6718a5962abc2f653259f6a8f554;Санкт-Петербург;sale;flat;8;11;1;44.8;31073280;Московский; Коли Томчака;3;Московские ворота;Коллекционный Дом 1919
Мир Квартир Элит;real_estate_agent;https://spb.cian.ru/sale/flat/330490782/?context=4.w4JaglGEst4.BeBwa5E9XjLclZ8bETstaQmokZz9lXBPYDvW_3AHGlB543M0ypiEfkcamQ_iPUm3UymwX5K7nxWtmA&mlSearchSessionGuid=a3cd6718a5962abc2f653259f6a8f554;Санкт-Петербург;sale;flat;3;9;3;138.0;129000000;Петроградский;проезд Петровская коса;6к1;Крестовский остров;Петровская Доминанта
ЛСР Санкт-Петербург;developer;https://spb.cian.ru/sale/flat/318134862/?context=4.aq0iok4DrbI.8A02i2G6zr1PKhmlHfHwo90Cx8n9SkjHg8DG6Z5ltyWN4RZiR9bBP84-aP1b2wL9ADTZqIwOC7TGlQ&mlSearchSessionGuid=a3cd6718a5962abc2f653259f6a8f554;Санкт-Петербург;sale;flat;4;4;2;57.7;17256339;Пушкинский;;;Купчино;Пулково Лэйк ЖК
LAR Development;developer;https://spb.cian.ru/sale/flat/332503473/?context=4.Cx6h25AwIck.f1wVgqcxRK1z3OyZroqw3P6HG-ItkVdDOFj83DSuMO54S1tGcuYQ9j15t-xhZdOCVAr5C2ANmrRn7Q&mlSearchSessionGuid=a3cd6718a5962abc2f653259f6a8f554;Санкт-Петербург;sale;flat;2;4;3;94.05;41852250;Курортный;Кривоносовская ;57;;Ранта Резиденс
Мир Квартир;real_estate_agent;https://spb.cian.ru/sale/flat/332736871/?context=4.Nm6Zta38A44.6CzPye-3Fj_22lpv5X4O5MFPlrBs2730MKjxwzgEWYetxheJ3zEdY-uAxfWgRxGaAesKlkrBSbFIjQ&mlSearchSessionGuid=a3cd6718a5962abc2f653259f6a8f554;Санкт-Петербург;sale;flat;3;6;3;113.66;77000000;Центральный;Кирочная ;62;Чернышевская;Щедрин
NF GROUP  St Petersburg;real_estate_agent;https://spb.cian.ru/sale/flat/334508314/?context=4.M_7hZaR_Vvg.c-AJXwCnja6kdDdiV58UMe4xpUNXj2Jv9VE1gbu0Y92qNFTIsdUrkG2HvenIQ7iJq8nulivvYFWGIw&mlSearchSessionGuid=a3cd6718a5962abc2f653259f6a8f554;Санкт-Петербург;sale;flat;6;8;3;108.6;87000000;Центральный;Кирочная ;57;Чернышевская;Дом на Кирочной
ELEMENT;developer;https://spb.cian.ru/sale/flat/327096249/?context=4.hUKBR0YFsMc.7bWwTm6-ChcECa92bEBNT-iyK73ksm9DGdn0xd6iCaqfn6Te_D38wzAlD4wammmzf7YpFWEo7PRKmw&mlSearchSessionGuid=a3cd6718a5962abc2f653259f6a8f554;Санкт-Петербург;sale;flat;3;8;4;271.34;343315608;Петроградский;Ремесленная ;17литЗ;Спортивная;17/33 Петровский остров
Мир Квартир Элит;real_estate_agent;https://spb.cian.ru/sale/flat/331965016/?context=4.JisIQ6FUzc0.NEw9y7YpsrJSy2Zt2_yI_HIxsjD7vtXptyubN_q2VdljW1jXa45H1CpxwmDVGkzVc-0fkED30mLeEA&mlSearchSessionGuid=a3cd6718a5962abc2f653259f6a8f554;Санкт-Петербург;sale;flat;6;6;3;146.9;80990000;Василеостровский;12-я Васильевского острова линия;41к2;Василеостровская;Амо
Мир Квартир Элит;real_estate_agent;https://spb.cian.ru/sale/flat/329957390/?context=4.7hf4CEevBMg.sO-KAOmIuMHxlVtgP8jCtXeD6sf2SJDvevrfhBK_PKukvT9GdG_bNu5IS5aHciOkeJcMRU1gktF9bA&mlSearchSessionGuid=a3cd6718a5962abc2f653259f6a8f554;Санкт-Петербург;sale;flat;10;12;3;88.3;33490000;Василеостровский;Галерный проезд;1К2;Приморская;Шкиперский 19
ПРОМСТРОЙКОМПЛЕКТ;developer;https://spb.cian.ru/sale/flat/323946366/?context=4.XSkbNwpJzW4.4AM_LbjMkAjkU5F6tx3H4_pyQDLIE0tmJt3SwuihLD4gdwWXi8pw6xz5dKf1_BRB_9-2UMenEZQbow&mlSearchSessionGuid=a3cd6718a5962abc2f653259f6a8f554;Санкт-Петербург;sale;flat;2;6;2;142.16;127944000;Петроградский; Эсперова;8;Крестовский остров;АСТРУМ
ONEPLACE;real_estate_agent;https://spb.cian.ru/sale/flat/333323672/?context=4._WhEXEd6XQQ.gRSk2n0dD4G5UblERlD-TxvuQoNsjLFKKpQgVpoSw5zEweE9EuJ10hU7GsNBiyM_p4zHUqc-bE7jMA&mlSearchSessionGuid=a3cd6718a5962abc2f653259f6a8f554;Санкт-Петербург;sale;flat;5;16;3;122.6;65000000;Петроградский;Ждановская ;43к2;Чкаловская;Премьер Палас
Ойстерс;real_estate_agent;https://spb.cian.ru/sale/flat/334633774/?context=4.Fg8AmuNbuUE.wcawTqUzHGRW-Y8Z95COQH5NQTZIC6idvYRNTAyj7DKScHwgb_8_UuejG_aRx9gWD2SJeil_bt-GBA&mlSearchSessionGuid=a3cd6718a5962abc2f653259f6a8f554;Санкт-Петербург;sale;flat;6;9;4;155.5;99000000;Петроградский; Глухая Зеленина;2;Чкаловская;Классика
LAR Development;developer;https://spb.cian.ru/sale/flat/332503486/?context=4.hJw3AKmxTDs.m995G-3hvNzha4Ps3Xcv0NclGYrUSCJkJNaonjOHS-TzWD4UdyIFQGHSjBxmIVrLnHFtyiIGZTUCpw&mlSearchSessionGuid=a3cd6718a5962abc2f653259f6a8f554;Санкт-Петербург;sale;flat;4;4;3;97.68;44046000;Курортный;;;;Ранта Резиденс ЖК
Мир Квартир Элит;real_estate_agent;https://spb.cian.ru/sale/flat/331965016/?context=4.fFE0E3bcfwM.wljb-LWnz2PMWaghmoPSWXAPjdanlxHsAl-Kz3dP9W7G4o5T31Qf_oV3j4D9F6J2LTOHnOVOJu9GWA&mlSearchSessionGuid=a3cd6718a5962abc2f653259f6a8f554;Санкт-Петербург;sale;flat;6;6;3;146.9;80990000;Василеостровский;12-я Васильевского острова линия;41к2;Василеостровская;Амо
Кремлёвские Ключи;real_estate_agent;https://spb.cian.ru/sale/flat/332361478/?context=4.JWth0ZJzJwY.JLxAwsl3GfMUTM0TpfqDxO3KXEYN96EEla50jjtEKx0CGsj_RMbSNTAZn-pd8mxa9XSKtjAr2AUgYA&mlSearchSessionGuid=a3cd6718a5962abc2f653259f6a8f554;Санкт-Петербург;sale;flat;6;25;2;55.5;14550000;Невский;проспект Советский;36к1;Рыбацкое;Невские паруса
ELEMENT;developer;https://spb.cian.ru/sale/flat/327096254/?context=4.puDpNHVwBnE.xPeUI2dosgPpXdFb-zDG5GpPWxKuj1v4rMpKm50seIon6ewl9pWrZHI3rhSgQAqRXOeZTHUzmTENxg&mlSearchSessionGuid=a3cd6718a5962abc2f653259f6a8f554;Санкт-Петербург;sale;flat;4;8;3;165.57;231798000;Петроградский;Ремесленная ;17литЗ;Спортивная;17/33 Петровский остров
ONEPLACE;real_estate_agent;https://spb.cian.ru/sale/flat/333323672/?context=4.aqXo9wxfkU4.Cl8xeEQSh9eUBpTJCrPE_fMthHygZvKC-RNTRElP1QhLim4KBMajvsmYb4R52AW2prAfPvscCztLkQ&mlSearchSessionGuid=a3cd6718a5962abc2f653259f6a8f554;Санкт-Петербург;sale;flat;5;16;3;122.6;65000000;Петроградский;Ждановская ;43к2;Чкаловская;Премьер Палас
ГК ФСК;developer;https://spb.cian.ru/sale/flat/334472671/?context=4.ADpzH7krjh0.0qUnvwCwQsjT58yjbYGRaHmuM7KUo95VFdxQ6SrMq0vvNMzEQMJiuyJowTzkRsBgUQJEmOJPu8CfSg&mlSearchSessionGuid=a3cd6718a5962abc2f653259f6a8f554;Санкт-Петербург;sale;flat;3;11;3;79.98;30030890;Выборгский;2-й Муринский проспект;49;Площадь Мужества;Фабула
LAR Development;developer;https://spb.cian.ru/sale/flat/314286257/?context=4.timEOU_tu8Q.HtuQ0ihYGbbXa3UrmJCbzGeQIkDuxf0AlKbZ2YemVvQ2Uz0VLt5Sw2Y7yZtARItqQ_aVREvvhBA0_A&mlSearchSessionGuid=a3cd6718a5962abc2f653259f6a8f554;Санкт-Петербург;sale;flat;4;4;2;59.96;29380400;Курортный;;;;Ранта Резиденс ЖК
Мир Квартир Элит;real_estate_agent;https://spb.cian.ru/sale/flat/321146195/?context=4.4CG7rO36zCA.t82Ycj7zwbtVOGLgOSdaDvkLSxjzrvH9aP7xcxdN3cTxC6zi715bNb4WY_61xQSIDH5ejNNqic2ImQ&mlSearchSessionGuid=a3cd6718a5962abc2f653259f6a8f554;Санкт-Петербург;sale;flat;7;8;2;123.6;89999000;Петроградский;Вязовая ;10;Крестовский остров;Олимпийская деревня
М16 Элит;real_estate_agent;https://spb.cian.ru/sale/flat/332826446/?context=4.fT03MHr4HGU.0mR3RXK4txv6jVYCjYFrvs9l4TSLx1ngU-XPUKtbSKc2qsi1_YRux0CixmMJWj80IQStebg3-7UOWw&mlSearchSessionGuid=a3cd6718a5962abc2f653259f6a8f554;Санкт-Петербург;sale;flat;4;8;2;104.4;95000000;Петроградский;Песочная набережная;18;Петроградская;Песочная наб. 18
Петербургская Недвижимость;real_estate_agent;https://spb.cian.ru/sale/flat/333526791/?context=4.pwlS1JhPoXs.W-6bgkzFImO9Je5zO_akGmVAt-0Y7v7si7TMvMAk70OyNuPQ1AoOiUHMbmNMVGVMCuvRwXVcsL9WNg&mlSearchSessionGuid=a3cd6718a5962abc2f653259f6a8f554;Санкт-Петербург;sale;flat;8;9;1;48.88;30794400;Адмиралтейский;Рижский проспект;24-26;Балтийская;Кристалл Холл
Мир Квартир Элит;real_estate_agent;https://spb.cian.ru/sale/flat/319140422/?context=4.dmrFbyZqNqQ.POTFUC3gd7z7qJm1UxTdLl789hLeL1a_tO0kf1vKKfB2V7q_06U07zzqRfVgPbvqjJ_RIZULjW04hw&mlSearchSessionGuid=a3cd6718a5962abc2f653259f6a8f554;Санкт-Петербург;sale;flat;2;7;3;161.0;130000000;Петроградский;Петровский проспект;11к3;Крестовский остров;NEVA HAUS
Мир Квартир PREMIUM;real_estate_agent;https://spb.cian.ru/sale/flat/333989325/?context=4.xFSY38pAf_k.ZMtPl2W6h1MJvLF6UVbs1rS6hS50QATp0XoDqU8IEf5ePYT1OePO0EmnYXwwz6U-SVj1bcXqqpF1tA&mlSearchSessionGuid=a3cd6718a5962abc2f653259f6a8f554;Санкт-Петербург;sale;flat;7;17;3;125.0;79800000;Приморский;Ушаковская набережная;3к2;Черная речка;Riverside
Fizika Development;developer;https://spb.cian.ru/sale/flat/334447869/?context=4.Li366Th8f7A.hMoEdQn4yZxKv0tHJVJPK4zW3bIPjvdKRxoYkuw1wq_uQU6KW2MoqJYQU6yf7ToHWOUldV_yYlde-g&mlSearchSessionGuid=a3cd6718a5962abc2f653259f6a8f554;Санкт-Петербург;sale;flat;7;10;1;44.89;23976248;Адмиралтейский;Перевозная ;;Нарвская;Остров первых
CityRealty;real_estate_agent;https://spb.cian.ru/sale/flat/325683591/?context=4.MrK81I5MjgI.g9mFuAKg-CiP66l9e4VapJCx1fBLCedDfIDi4laG38Ziikckyrq8PjI4GKssWU4Fd6pd80wWD0zmLg&mlSearchSessionGuid=a3cd6718a5962abc2f653259f6a8f554;Санкт-Петербург;sale;flat;4;8;3;110.0;73000000;Центральный; Моисеенко;27;Площадь Восстания;Форсайт
do A.S.A.P.;real_estate_agent;https://spb.cian.ru/sale/flat/333182070/?context=4.0L0PoYkT9u0.0AxhItCoeSmaPgsAaJlwH-VqME4Cznkp0KXIR1ktJ2PGYiUB0-_9y9PRdh7eCYQikNLf5x8GKbMc6A&mlSearchSessionGuid=a3cd6718a5962abc2f653259f6a8f554;Санкт-Петербург;sale;flat;7;25;3;160.0;45000000;Приморский;Дибуновская ;50;Старая Деревня;
Fizika Development;developer;https://spb.cian.ru/sale/flat/334447624/?context=4.T_qooFriRuU.bQ0rzCQZypzM7Xz3rqz4-6OTOQNGl-ZT_6hMWtCqKuEiQCHimk2PbpdIkzzy4R1m2PdR8YYMt-pn2w&mlSearchSessionGuid=a3cd6718a5962abc2f653259f6a8f554;Санкт-Петербург;sale;flat;5;10;2;71.77;36127797;Адмиралтейский;Перевозная ;;Садовая;Остров первых
Мир Квартир Элит;real_estate_agent;https://spb.cian.ru/sale/flat/327392849/?context=4.3mEsxdb2tfY.WIxvnjSRnWwvlTAorGqqI-FpR7Gzdkv5Q7X1gpFX3wGYjJ1iwS8TdFlUPNAb-aTEao7eklkOOL8ZfA&mlSearchSessionGuid=a3cd6718a5962abc2f653259f6a8f554;Санкт-Петербург;sale;flat;3;8;2;72.4;60000000;Петроградский;Петровский проспект;22к2;Крестовский остров;Familia
LEGENDA Development;developer;https://spb.cian.ru/sale/flat/320480596/?context=4.R_c3xP3ebks.PMtrPDt1laks0MWVpjO-KahL8nrqBoSKN80Zsr_u7Y0dS76aXR5bGXUucd5QVbkO4qV6QvPhK17Tcg&mlSearchSessionGuid=a3cd6718a5962abc2f653259f6a8f554;Санкт-Петербург;sale;flat;2;10;1;53.94;24981216;Выборгский;Большой Сампсониевский проспект;32;Выборгская;Сампсониевский 32
Fizika Development;developer;https://spb.cian.ru/sale/flat/334447599/?context=4.SsmmAfXt2a4.o07E4JKmpjWeIhERgPPX0AeeVacd24xlPDxGigLGd19Z7yAf9yyjA_yGq8lVCJUtuK_RfRlhNtlcrw&mlSearchSessionGuid=a3cd6718a5962abc2f653259f6a8f554;Санкт-Петербург;sale;flat;5;10;3;78.97;38921392;Адмиралтейский;Перевозная ;;Садовая;Остров первых
Лучший метр;real_estate_agent;https://spb.cian.ru/sale/flat/334633858/?context=4.H3E_oef9l3k.O2RuC3Azmw2YvuFl6KRaRgcaFcJ6RmsXR1GRYvrMiX_K3f8gEw3l55dyvRliFcTA2U0rllqj7JXGGw&mlSearchSessionGuid=a3cd6718a5962abc2f653259f6a8f554;Санкт-Петербург;sale;flat;9;10;2;69.4;34850000;Выборгский;Большой Сампсониевский проспект;32;Выборгская;Сампсониевский 32
Ленстройтрест;developer;https://spb.cian.ru/sale/flat/332863904/?context=4.-Qg4x_uocqU.mwSZ4mNi4vGu8mZDucFUIhniseDd_SguG2rlI_DkFtrnxPDshrhjz4MP_zfFGSf5iX8dyt8NRm9KMw&mlSearchSessionGuid=a3cd6718a5962abc2f653259f6a8f554;Санкт-Петербург;sale;flat;3;25;3;80.07;20746137;Приморский;Коломяги;;Проспект Просвещения;Окла ЖК
Группа Аквилон;developer;https://spb.cian.ru/sale/flat/332445438/?context=4.r_XBrqzCN0w.2-nKdWUdx-IfjwCppMbc_HPyUI8_NbmAHG698LOim2BCharFlaDJ-lnDcJ7GlQ8zh0qUk2jVK9n8pw&mlSearchSessionGuid=a3cd6718a5962abc2f653259f6a8f554;Санкт-Петербург;sale;flat;12;12;2;41.9;15824507;Московский; Среднерогатская;9к3;Звездная;Аквилон Leaves
Мир Квартир;real_estate_agent;https://spb.cian.ru/sale/flat/333611586/?context=4.QWhLuDOsgp4.FPBva5UlMTZ2lDG7WvZxRZaKmi9dDlEG-8EGp4tCKPVknbYCyKpkjiJKqXXIYtUr1RGHlhon6M81cA&mlSearchSessionGuid=a3cd6718a5962abc2f653259f6a8f554;Санкт-Петербург;sale;flat;5;9;3;93.4;80000000;Центральный;Миргородская ;1;Площадь Восстания;МИРЪ
СЗ Euroinvest Development;developer;https://spb.cian.ru/sale/flat/309872430/?context=4.APh43vHmbhE.E6RJI2z4ePPQ6nxvlCj2iUbz50Sx1kT6_z28H05EubfeHhpFgstcFKXXFOCNwk7vyG1TXgqJsZAG8Q&mlSearchSessionGuid=a3cd6718a5962abc2f653259f6a8f554;Санкт-Петербург;sale;flat;3;10;2;46.17;16159500;Выборгский; Курчатова;14;Политехническая;iD Polytech
ELEMENT;developer;https://spb.cian.ru/sale/flat/327104341/?context=4.bN3jjpkR9nI.jy12rPbbf56ONA9mi_jf5w-lCuosL98gPtVRaEjIF4kMLwBVZaERzIItvu-4S99fjnhkNBeNpFHHRw&mlSearchSessionGuid=a3cd6718a5962abc2f653259f6a8f554;Санкт-Петербург;sale;flat;20;24;2;84.9;73391805;Московский;Алтайская ;39;Московская;Шепилевский
Роман Корякин;realtor;https://spb.cian.ru/sale/flat/330953035/?context=4.X7kv-7NCIpg.j_dbVPPrv6t4dWH_vpuCAPpTfsYBg-ILTS1HnSv-I5s8y_gr7BnHZ-9V_VY243W0MK5wTHqHcA4NYw&mlSearchSessionGuid=a3cd6718a5962abc2f653259f6a8f554;Санкт-Петербург;sale;flat;3;9;1;50.8;35990000;Петроградский;Чкаловское;;Чкаловская;ЛДМ ЖК
NF GROUP  St Petersburg;real_estate_agent;https://spb.cian.ru/sale/flat/330208742/?context=4.FgL7A5Rc7V4.W7-_YtqxgQqCKs08IH-2V5N1TftUvEyZV7TPUZ8IuBFu9tBnGGbQ1Vao_s_QanmiGsgsZnA2vXhNXA&mlSearchSessionGuid=a3cd6718a5962abc2f653259f6a8f554;Санкт-Петербург;sale;flat;8;9;4;121.7;70000000;Петроградский; Мира;37;Горьковская;Мироздание
Sun Development;real_estate_agent;https://spb.cian.ru/sale/flat/334472564/?context=4.I37Lu1mdw-M.EL7A5Nl696JIaicqX-pgy7OmSsKCFm-kde5HmfpFKAcB29PaVPJWpH5exuj70DcfmN26GuPcR4U0jQ&mlSearchSessionGuid=a3cd6718a5962abc2f653259f6a8f554;Санкт-Петербург;sale;flat;6;9;2;62.75;33720411;Василеостровский;Гавань;;Горный институт;МОНОДОМ АРТ
Ойстерс;real_estate_agent;https://spb.cian.ru/sale/flat/330966440/?context=4.bBYqviNmvoA.T9pzTIdb4o-zqRPj9A17vzJ-TQsw-QSVHQ9kQLtpeMV1nGvQPFuLcocDtT4adf3w8dyGEgB8FqtdBg&mlSearchSessionGuid=a3cd6718a5962abc2f653259f6a8f554;Санкт-Петербург;sale;flat;5;7;2;120.4;180600000;Центральный;набережная Воскресенская;32;Чернышевская;Приоритет
Л1 строительная компания №1;developer;https://spb.cian.ru/sale/flat/330637176/?context=4.AmO9CO1lDUA.WXMM-7awjkqPkyaF3F6S2Nz23qExVFmbBtq6QV2dHp6XQS6FRvoojVeK5y1YpjXcXVh9fjkDZMMVsQ&mlSearchSessionGuid=a3cd6718a5962abc2f653259f6a8f554;Санкт-Петербург;sale;flat;25;25;2;78.8;19552035;Выборгский; Руднева;18;Проспект Просвещения;Шекспир
ELEMENT;developer;https://spb.cian.ru/sale/flat/327104341/?context=4.HYvp8ryLO_k.x-DuphWEMe9ckk-7HlrJJusWVN1E6LI2PkoVVoCF6YwedbiCNKZnjNJ5NXY46fTjzP7e2J7oZeK8VQ&mlSearchSessionGuid=a3cd6718a5962abc2f653259f6a8f554;Санкт-Петербург;sale;flat;20;24;2;84.9;73391805;Московский;Алтайская ;39;Московская;Шепилевский
АДРЕСАТ;real_estate_agent;https://spb.cian.ru/sale/flat/331365170/?context=4.BOMC9-xoUO4.jgym-Kg90bbLID8i4XNLRERtifLb1e1kRz5a2iv8yVbHT53ZF8Kk_VBb4KAZVI6htaoWhdFPpUfjYQ&mlSearchSessionGuid=a3cd6718a5962abc2f653259f6a8f554;Санкт-Петербург;sale;flat;20;25;2;58.7;14500000;Невский; Крыленко;1к1с2;Улица Дыбенко;О Юность
М16 Элит;real_estate_agent;https://spb.cian.ru/sale/flat/333052758/?context=4.vfxgdW-9kr0.x0J9hDeUVP6zsRE5uEopbTLsWYdGdCkaVBAAQyl3uCdM0IFFN67Pcw2ahwzoC57ycYd9xCrGEiyNrg&mlSearchSessionGuid=a3cd6718a5962abc2f653259f6a8f554;Санкт-Петербург;sale;flat;5;6;4;160.0;160000000;Петроградский;Спортивная ;2;Крестовский остров;Крестовский de luxe
ELEMENT;developer;https://spb.cian.ru/sale/flat/327104361/?context=4.QAABXPrAVdQ.4yfSf_fPZ4_ZYz99cFryww5RFCFoso2jRiKKt_e02WB20pdSTJf_Xbv54u3apr7rnTDdQNOEJNjuPA&mlSearchSessionGuid=a3cd6718a5962abc2f653259f6a8f554;Санкт-Петербург;sale;flat;24;24;3;142.9;169808070;Московский;Алтайская ;39;Московская;Шепилевский
Ойстерс;real_estate_agent;https://spb.cian.ru/sale/flat/331077473/?context=4.Db-17Xh2wzs.ZkC6fBAmTm-SyZ4UcWB9hICFkqG8kFVfNwgv6ra9AmhhxKCKGojB3Ej2kq6ak8rmM1IpJt0UbCBj9w&mlSearchSessionGuid=a3cd6718a5962abc2f653259f6a8f554;Санкт-Петербург;sale;flat;2;7;1;93.8;93800000;Центральный;набережная Воскресенская;32;Чернышевская;Приоритет
Whitewill Санкт-Петербург;real_estate_agent;https://spb.cian.ru/sale/flat/331579136/?context=4.w0HOCC_k48g.FsP1KEBZWY4NuS6acE15hRe8D3mjxMDw1KZd8P3-x8ortthOv-6rGYsMClaENq73K0jAUxl0HwjwHA&mlSearchSessionGuid=a3cd6718a5962abc2f653259f6a8f554;Санкт-Петербург;sale;flat;7;9;2;71.0;29900000;Красногвардейский;шоссе Революции;3к2;Новочеркасская;Upoint на Пискарёвском
ELEMENT;developer;https://spb.cian.ru/sale/flat/327104311/?context=4.LWnp44YPZtI.Wzh4XGr_Ywz5VIWUSAnmnlMTUPbmPBHXkSM-LLldmQ5O4HxCyQMVjJqmBJBoW28DqnE6GolbsWFMTw&mlSearchSessionGuid=a3cd6718a5962abc2f653259f6a8f554;Санкт-Петербург;sale;flat;22;24;3;142.3;132445725;Московский;Алтайская ;39;Московская;Шепилевский
АУРУМ;real_estate_agent;https://spb.cian.ru/sale/flat/332470186/?context=4.5Ur9pHU5YmE.xisb_lSjy9dHisNGnMLIvkoaSQ04PBPTdDKfRy-nlev1KiUqHVvHk2Lsku9usx77d4iwkCb8-LEfHQ&mlSearchSessionGuid=a3cd6718a5962abc2f653259f6a8f554;Санкт-Петербург;sale;flat;15;23;1;42.5;16200000;Невский;Октябрьская набережная;40;Улица Дыбенко;Цивилизация на Неве
do A.S.A.P.;real_estate_agent;https://spb.cian.ru/sale/flat/334487035/?context=4.w5VBVZxyKG0.YbRCc7WaQdv0txtENxNO41C3OIawGSRA-l9PQKsgTWjhzZdF0jgReuijb2-qI-SszGop-BpO8Hvi_g&mlSearchSessionGuid=a3cd6718a5962abc2f653259f6a8f554;Санкт-Петербург;sale;flat;9;11;1;43.1;6850000;43 мкв Московский 1-комн. квартира;9/11 этаж;;;
LAR Development;developer;https://spb.cian.ru/sale/flat/319966116/?context=4.VGQvXyGpd7E.7F6f6zqaujuACLe_klN2Y6ZA0GzycUuvWE7v33Be3Q_TKiwe4FCRc3Pb86eyad4UgojbgZxnMV-_sw&mlSearchSessionGuid=a3cd6718a5962abc2f653259f6a8f554;Санкт-Петербург;sale;flat;4;4;3;85.11;41703900;Курортный;;;;Ранта Резиденс ЖК
Мир Квартир Элит;real_estate_agent;https://spb.cian.ru/sale/flat/329957390/?context=4.VQ_qheC4DFI.4J9HiLkVO6gP6wz-TYxyd8YJqr07OZhL9xBsqvlo6p9oV9Oj9er56uNsGdy8yBKsfASAMnDmNgDwZA&mlSearchSessionGuid=a3cd6718a5962abc2f653259f6a8f554;Санкт-Петербург;sale;flat;10;12;3;88.3;33490000;Василеостровский;Галерный проезд;1К2;Приморская;Шкиперский 19
КВС;developer;https://spb.cian.ru/sale/flat/334257818/?context=4.jq6dDHQUOmU.nvMcITHTgxCGodScSV_xVmdRYbLGWg2q9Qu83u5i3iKMs4HyHJzQt8HzTnT6umCdVpi2suC0uTQEZQ&mlSearchSessionGuid=a3cd6718a5962abc2f653259f6a8f554;Санкт-Петербург;sale;flat;4;4;3;74.52;20853677;Пушкинский;;;Купчино;Дубровский ЖК
ELEMENT;developer;https://spb.cian.ru/sale/flat/327104358/?context=4.1SKvA1OJB_M.FMdVDsSMh9segq4smbjsUp2HLV9jIejQt1rXsTtb2bmo_EO2XkRXO7um1tuUpo8iz5eQTcEPhTKYkA&mlSearchSessionGuid=a3cd6718a5962abc2f653259f6a8f554;Санкт-Петербург;sale;flat;22;24;2;106.8;99404100;Московский;Алтайская ;39;Московская;Шепилевский
Экотон;real_estate_agent;https://spb.cian.ru/sale/flat/331155522/?context=4.2RnFx4MzEQ8.4u5v--BOX8EKzpkadsJtyg9Deng8ydy1qKn1HlLakIlA17rlA3XZHBWlRyvy26gxLTQ_fYuH7l5JYQ&mlSearchSessionGuid=a3cd6718a5962abc2f653259f6a8f554;Санкт-Петербург;sale;flat;3;5;2;95.8;38300000;Центральный; Радищева;17-19;Площадь Восстания;
Мир Квартир Элит;real_estate_agent;https://spb.cian.ru/sale/flat/333015095/?context=4.3a3woNPiBYU.vKUKxrqDZTtbEZZOk0U95XQFhJsnkkeElAbo-dXLV7gkRNELWISp4e1qDB_xRwongxRTEPgr7igc-w&mlSearchSessionGuid=a3cd6718a5962abc2f653259f6a8f554;Санкт-Петербург;sale;flat;3;3;2;75.0;29999000;Центральный; Рубинштейна;22;Достоевская;
Петербургская Недвижимость;real_estate_agent;https://spb.cian.ru/sale/flat/326296347/?context=4.ZuLtTv7zWEw.nufox9WWYEHJNxbEqGEzZ1uavnotNDE8tPxawyLmVhmmLRHqnrUgzlys51ovFkB0J1Ttrt73K98Ucw&mlSearchSessionGuid=a3cd6718a5962abc2f653259f6a8f554;Санкт-Петербург;sale;flat;8;8;2;53.44;34629120;Василеостровский;Кожевенная линия;1;Горный институт;Аристократ
Мир Квартир Элит;real_estate_agent;https://spb.cian.ru/sale/flat/326600263/?context=4.67tFI9LTj6g.Fef_C9yFCN-hyZJfwUwM80T6Z0h2nxRlHrxT2MN0HdUz35SUrb_SUoKwFjX_TBKYNFiIMIU_7fYZkA&mlSearchSessionGuid=a3cd6718a5962abc2f653259f6a8f554;Санкт-Петербург;sale;flat;8;9;4;195.2;155000000;Петроградский;Ждановская ;29;Чкаловская;Идеальный мир
Мир Квартир Элит;real_estate_agent;https://spb.cian.ru/sale/flat/334122873/?context=4.UnFf_lFqfI8.M9PHnbP_kTCJGAXByOJxeN_d5pIS0hRcFk-vjj2Rr1Us5jNycYYMJK2buXtByeuKkCQhnuDeenfDNw&mlSearchSessionGuid=a3cd6718a5962abc2f653259f6a8f554;Санкт-Петербург;sale;flat;8;9;2;70.0;45490000;Центральный;Исполкомская ;17;Площадь Александра Невского;Дипломат
ID 145089564;developer;https://spb.cian.ru/sale/flat/334703360/?context=4.266Gh5wUwKQ.ntwglALjjaoBj5lQog1lIInahWDhAkXZeHjhEE344e21-Yc-hXdIkjAwEV4s9E5bLARc5zvnmPhV-g&mlSearchSessionGuid=a3cd6718a5962abc2f653259f6a8f554;Санкт-Петербург;sale;flat;4;4;3;119.68;108908800;Центральный;Смольнинское;;Площадь Восстания;Де люкс квартал Евгеньевский
М16 Элит;real_estate_agent;https://spb.cian.ru/sale/flat/332826446/?context=4.ASyoooxj-rY.vReXPJgg_OACTtL6YhX3LeW6SbbO_f-ch2hkB1QruC3wBWsTOZztXkbjknvza3VGcb5QbNBbF-DJ1w&mlSearchSessionGuid=a3cd6718a5962abc2f653259f6a8f554;Санкт-Петербург;sale;flat;4;8;2;104.4;95000000;Петроградский;Песочная набережная;18;Петроградская;Песочная наб. 18
КВС;developer;https://spb.cian.ru/sale/flat/321417983/?context=4.YGcPPJp9dhs.NfktbgWAUOo3uyU4nWsgOxiAPvxvOXfm_HWqFEaCR3Q37E2ofGGj0yoT4UMCIDHGUxPaQ3QrGWSRCQ&mlSearchSessionGuid=a3cd6718a5962abc2f653259f6a8f554;Санкт-Петербург;sale;flat;3;4;4;97.32;;Пушкинский;;;Купчино;Дубровский ЖК
ID 145089564;developer;https://spb.cian.ru/sale/flat/334703314/?context=4.yxqxbm1KZOA.c2XDgPCZCJMbi0rqnFWTP8odk2C-U11v8lEsDFbiPjuR3ZWTPNOlCpnY1tm4xxv8z-7wqLgsYgGMOw&mlSearchSessionGuid=a3cd6718a5962abc2f653259f6a8f554;Санкт-Петербург;sale;flat;2;4;5;261.66;388565100;Центральный;Смольнинское;;Площадь Восстания;Де люкс квартал Евгеньевский
NF GROUP  St Petersburg;real_estate_agent;https://spb.cian.ru/sale/flat/334508314/?context=4.DPtrcgAvWFk.jJtbaX6WkGsTerUPHSxyIR_DPxqasdXocoWktJwE_wlU5q3lfACBkTYNCq49-F1waYfp5bFobndtRQ&mlSearchSessionGuid=a3cd6718a5962abc2f653259f6a8f554;Санкт-Петербург;sale;flat;6;8;3;108.6;87000000;Центральный;Кирочная ;57;Чернышевская;Дом на Кирочной
ЛСР Санкт-Петербург;developer;https://spb.cian.ru/sale/flat/318134862/?context=4.VC45TyBefyY.RTj6YeEuAlZvOKxVfZuige8ebhOJhG347mVKnd-F30nfIUiEucLQNX3f-hX1SrXens9Qr2gGsas4Ug&mlSearchSessionGuid=a3cd6718a5962abc2f653259f6a8f554;Санкт-Петербург;sale;flat;4;4;2;57.7;17256339;Пушкинский;;;Купчино;Пулково Лэйк ЖК
ID 145089564;developer;https://spb.cian.ru/sale/flat/334703269/?context=4.NS--Gkaabek.sCxP9aS5J273-f1jP2T3qfhzx797yI4R07ONj9amT5YVrEgaptRSrKoFdp3jJXMR4ocdwFe4s0IRYA&mlSearchSessionGuid=a3cd6718a5962abc2f653259f6a8f554;Санкт-Петербург;sale;flat;2;4;3;127.83;80532900;Центральный;Смольнинское;;Площадь Восстания;Де люкс квартал Евгеньевский
Огни Города;real_estate_agent;https://spb.cian.ru/sale/flat/334641176/?context=4.FrzJ1xlcP2Q.Mt447zTT5JKZtDc62P1WMORXyMsW_yHFU05QtN12FPvkodoNdxhGy9s1IQn_NHV05usBvi35nD7UBw&mlSearchSessionGuid=a3cd6718a5962abc2f653259f6a8f554;Санкт-Петербург;sale;flat;4;5;4;153.4;36800000;Пушкинский; Красной Звезды;8;Купчино;
КВС;developer;https://spb.cian.ru/sale/flat/322447510/?context=4.WLIzkYKmPcw.lzV-mucApEYAg6_MWQCo8Gar4iyJnaajKOemn7UzM-FODP_IK18jIzhGrCzmEF-2UwvVO1RQd-t_qA&mlSearchSessionGuid=a3cd6718a5962abc2f653259f6a8f554;Санкт-Петербург;sale;flat;2;4;4;95.97;;Петродворцовый;;;Юго-Западная;Любоград ЖК
ELEMENT;developer;https://spb.cian.ru/sale/flat/327097364/?context=4.SpRpAeCCxpw.uDtLr6FfzVezhH-8u9SAa2bSV-4el_Bdoj8ebwMDEXEeIj7E8FLdbtADBnDGApl1BcSibR6_hePvMw&mlSearchSessionGuid=a3cd6718a5962abc2f653259f6a8f554;Санкт-Петербург;sale;flat;3;18;3;95.39;73816598;Василеостровский;бульвар Головнина;13;Приморская;Башни Элемент
Северный модерн;real_estate_agent;https://spb.cian.ru/sale/flat/334090014/?context=4.mkL9vJljCwg.mRp1Ldb6qQS6sAyspcsbMzT3cRMhPTKZZP8asWoHwUAxvMGy39XUgJJrLmzLenCFasUgwqgZ4B1zMA&mlSearchSessionGuid=a3cd6718a5962abc2f653259f6a8f554;Санкт-Петербург;sale;flat;9;12;1;37.2;18000000;Фрунзенский;Лиговский проспект;232;Обводный канал;Ligovsky city-Второй квартал
РСТИ;developer;https://spb.cian.ru/sale/flat/329644785/?context=4.q_IagJg_GFo.cfKFsgqA8djQwV6rJm79DX5vYNKwK83_Emb4Z-nQFZfundWeUTUHQbS_5A4MOrGVAxU-ZrlN7lOM5w&mlSearchSessionGuid=a3cd6718a5962abc2f653259f6a8f554;Санкт-Петербург;sale;flat;4;8;3;144.1;73743287;Петроградский;Петровский проспект;22к2;Крестовский остров;Familia
Группа Аквилон;developer;https://spb.cian.ru/sale/flat/332462635/?context=4.sgoE6VpdnUk.mUgHP-BrwGY83wI357wwfc60YDTpDn7MQjRBsvgOVFqS2jt3Ff4gjN4IFx6ETY9tYX0daauUJTEMxA&mlSearchSessionGuid=a3cd6718a5962abc2f653259f6a8f554;Санкт-Петербург;sale;flat;3;17;2;36.31;14366052;Московский;Звёздное;;Звездная;Оро от Аквилон ЖК
АРИН;real_estate_agent;https://spb.cian.ru/sale/flat/332573311/?context=4.VHOUmNxBb8Y.SOqCpJpOGy2ntcCHbZ1bUwKXdkFBRznFrr5btuqJYOwS3_1pn7S1z2nflq1CQT4HhDidb54-fpiQiw&mlSearchSessionGuid=a3cd6718a5962abc2f653259f6a8f554;Санкт-Петербург;sale;flat;4;4;3;110.0;21990000;Курортный; Всеволода Боброва;31;Беговая;Петербургское Садовое кольцо
Кремлёвские Ключи;real_estate_agent;https://spb.cian.ru/sale/flat/333762109/?context=4.RRt3fORdV_Q.TA5b7xA9Coo9yfUtJXOWgD59UM2rSq64GWrqmxo51Zpe0wh9X8zXHewpCwi50A7lmhZMziNxzraqhQ&mlSearchSessionGuid=a3cd6718a5962abc2f653259f6a8f554;Санкт-Петербург;sale;flat;10;14;1;45.5;18100000;Василеостровский;проспект Малый Васильевского острова;90;Приморская;Белый парус
ELEMENT;developer;https://spb.cian.ru/sale/flat/327097358/?context=4.I6W_gDa6lOU.TTu-V9l8LAr17C10-yTTk3-aayejLl7rrHxbNoBhm35Eyw0VbF-ekS7G7wgSMtpUHZ6R9oeZVvYt4g&mlSearchSessionGuid=a3cd6718a5962abc2f653259f6a8f554;Санкт-Петербург;sale;flat;12;18;2;68.16;37536734;Василеостровский;бульвар Головнина;13;Приморская;Башни Элемент
Whitewill Санкт-Петербург;real_estate_agent;https://spb.cian.ru/sale/flat/331995587/?context=4.Y1CJDr7Zjw4.qBSQbOSlABKx-kbFInvmPM1mGPwOjqGVV5fwfVevBKDBfGAcus1CB8Mu9ohmia9m0FVWFRq7DrfkiQ&mlSearchSessionGuid=a3cd6718a5962abc2f653259f6a8f554;Санкт-Петербург;sale;flat;5;9;3;89.0;55000000;Центральный;Миргородская ;1;Площадь Восстания;МИРЪ
Л1 строительная компания №1;developer;https://spb.cian.ru/sale/flat/330637215/?context=4.TiEzQ3AqBbE.QmhKMHOnIDByiqDfhnfhDTY0sgwpBQcTcvWZT0-Oait6DYpLUZKIxv4x4Q0e_B874DQxH3dogM2yNg&mlSearchSessionGuid=a3cd6718a5962abc2f653259f6a8f554;Санкт-Петербург;sale;flat;3;13;1;41.3;14836144;Фрунзенский;Балканский;;Купчино;Антверпен
Sun Development;real_estate_agent;https://spb.cian.ru/sale/flat/334472559/?context=4.X2P62FvqGE4.0s4KW5PcHg4bEdZNgBhCctf0lGCRvsZ17JDdSkmn71_QKxTMxdfTD4Gnaa-QIU-uqNb1vEqmWmDuUw&mlSearchSessionGuid=a3cd6718a5962abc2f653259f6a8f554;Санкт-Петербург;sale;flat;6;9;1;56.31;30271651;Василеостровский;Гавань;;Горный институт;МОНОДОМ АРТ
Whitewill Санкт-Петербург;real_estate_agent;https://spb.cian.ru/sale/flat/332751838/?context=4.lSuadku-CLs.0Axtlfx0UCQnGem1xfYYuYydbV77O7e8DrgXaA183EwyH-j6nTQdUDr37k4jYyj5QOWpbkLmoXOdFw&mlSearchSessionGuid=a3cd6718a5962abc2f653259f6a8f554;Санкт-Петербург;sale;flat;9;9;2;84.0;59900000;Центральный;Миргородская ;1;Площадь Восстания;МИРЪ
ФСК;developer;https://spb.cian.ru/sale/flat/315443791/?context=4.SERXFDbc6io.cYlpEj2w0czJFpW0HeUKRgVNbVXnemLngbredoOOSpui4uL5WmxukF_6byn6-kuRfYKvtUSLBR07dg&mlSearchSessionGuid=a3cd6718a5962abc2f653259f6a8f554;Санкт-Петербург;sale;flat;7;17;3;81.3;17337631;Невский; Архивная;3к1;Улица Дыбенко;Апарт-комплекс Зум на Неве
LAR Development;developer;https://spb.cian.ru/sale/flat/314286152/?context=4.2s1dXlJrwpU.3Z2Ccg5Abr6J5w0GIX3Vaypve7A3J2PsR7winJPzr0Ub0q5fM5gQBRrdQcDn6P99xeLQ3TtP3CKFPA&mlSearchSessionGuid=a3cd6718a5962abc2f653259f6a8f554;Санкт-Петербург;sale;flat;2;4;2;52.84;25627400;Курортный;;;;Ранта Резиденс ЖК
Ойстерс;real_estate_agent;https://spb.cian.ru/sale/flat/328853304/?context=4.J2l6cxM3RYM.8OdXzuki5sBqExXzDPA-WzLDWDJCWPVbDgkdPSiveQAKrX3PBO_NE7wg9tcuTLzYyAkz1aDQWGWznQ&mlSearchSessionGuid=a3cd6718a5962abc2f653259f6a8f554;Санкт-Петербург;sale;flat;4;6;1;61.8;55000000;Петроградский;Спортивная ;2;Крестовский остров;Крестовский de luxe
Терминал-Ресурс;developer;https://spb.cian.ru/sale/flat/332562805/?context=4.KEJKMYS30RI.Hp_IPbqPg9ObxdEZUs_AocajtUdOE2cjMquBylBL5MNLavBGGfxtCiNXaBkHm9nR_vkEQXHL_EGeGQ&mlSearchSessionGuid=a3cd6718a5962abc2f653259f6a8f554;Санкт-Петербург;sale;flat;3;4;1;41.04;9094464;Пушкинский;Пулковское тер.;;Купчино;Образцовый квартал 9.1
LEGENDA Development;developer;https://spb.cian.ru/sale/flat/333531859/?context=4.yjarAIU3Y_o.SXWf819GTooGxLarT-dJ9QkP0_0VvX_KEnu9eDZ2x0L90cPe_GntF8DGW2NeYDhHTNsuPns5BiDjvQ&mlSearchSessionGuid=a3cd6718a5962abc2f653259f6a8f554;Санкт-Петербург;sale;flat;13;22;3;91.76;46783836;Василеостровский;Морской;;Приморская;ЛЕГЕНДА У МОРЯ
Ойстерс;real_estate_agent;https://spb.cian.ru/sale/flat/330395695/?context=4.qcp20whFwEQ.oXzdlBES_EpZOImzASFYyjRuK2DUfHUwPuov6nmHpTB9c84wMMUtQpGCTnJdzwKXGDBcNtYLt2jRAA&mlSearchSessionGuid=a3cd6718a5962abc2f653259f6a8f554;Санкт-Петербург;sale;flat;3;4;3;122.7;55000000;Центральный; Рубинштейна;11;Достоевская;
Ленстройтрест;developer;https://spb.cian.ru/sale/flat/334059485/?context=4.EHeRR5N8Ny0.m7l_tqV5z1AfYvIbAu9thdTwpxWZQvjAMZH1JRW2LIRkNpVaPlJX3kalKuZygb6H4zgpupFpx9VGbw&mlSearchSessionGuid=a3cd6718a5962abc2f653259f6a8f554;Санкт-Петербург;sale;flat;5;17;2;61.89;24681732;Фрунзенский;Софийская ;61к2;Проспект Славы;ЛИГГАТ
Группа Аквилон;developer;https://spb.cian.ru/sale/flat/332445451/?context=4.EUuZ-sHj7-I._31yT6NVA7JTMtx4W8TYTf33wOHsIvGg7aND43El-o_DqrOb9xFX9H1qJq29Glvb85_Xb11A9oKjlA&mlSearchSessionGuid=a3cd6718a5962abc2f653259f6a8f554;Санкт-Петербург;sale;flat;6;12;3;79.8;25425238;Московский; Среднерогатская;9к3;Звездная;Аквилон Leaves
Whitewill Санкт-Петербург;real_estate_agent;https://spb.cian.ru/sale/flat/332088804/?context=4.Fyh24ObRT6k.Xv_-9qQR4JY7B0l2uKX7eceE_AUgloyR_D8GioHQ2KMW91NY8UJnY5KwmFLjqJqEY0fY946zDL50zA&mlSearchSessionGuid=a3cd6718a5962abc2f653259f6a8f554;Санкт-Петербург;sale;flat;3;8;3;92.0;88000000;Адмиралтейский;12-я Красноармейская ;26;Балтийская;Созидатели
AAG;developer;https://spb.cian.ru/sale/flat/332060674/?context=4.HIN_Xqk2xmo.eGbkTA8CVzwJhge1jHkeu7sgvimR59GfYXYdriUif5R3_C5Wr-8UBntMn0CroBB2bLlsl4PR4ciXVg&mlSearchSessionGuid=a3cd6718a5962abc2f653259f6a8f554;Санкт-Петербург;sale;flat;1;11;1;29.91;14772249;Красногвардейский;Магнитогорская ;11с1;Новочеркасская;Альпен
Группа Аквилон;developer;https://spb.cian.ru/sale/flat/332462759/?context=4.9am7nZ8ZnQk.HKuPZvxgQYC8kI1zqpnms7WAT691MkXE-VTDWVxXQYof3zojcG0i4BtFm976ypEKMVnhKJf9-1bdKA&mlSearchSessionGuid=a3cd6718a5962abc2f653259f6a8f554;Санкт-Петербург;sale;flat;15;17;2;39.96;15530433;Московский;Звёздное;;Звездная;Оро от Аквилон ЖК
Ойстерс;real_estate_agent;https://spb.cian.ru/sale/flat/331199431/?context=4.mnIoD1Ep_bs.n9s5Iy1Ze3Ojcwn6Z67vU5jaIvKnmUVhiLzxnrRXuIDrGmeoYYSdDmg7K-iUmmQLBA_SOeWzuRLvsg&mlSearchSessionGuid=a3cd6718a5962abc2f653259f6a8f554;Санкт-Петербург;sale;flat;3;8;4;218.3;270000000;Центральный;набережная Реки Фонтанки;76к2;Звенигородская;Фонтанка 76
AAG;developer;https://spb.cian.ru/sale/flat/333146333/?context=4.d8t2bzGoxeU.AN9kW3uwFGAZ9EUbD8qCLRqa3m_NlvLdU-TNgUM1cWdhKQSDpOgnu37iqvcPN0rSl1bfjt7pp6LRUA&mlSearchSessionGuid=a3cd6718a5962abc2f653259f6a8f554;Санкт-Петербург;sale;flat;6;7;2;112.7;59000000;Василеостровский;12-я Васильевского острова линия;41к2;Василеостровская;Амо
LEGENDA Development;developer;https://spb.cian.ru/sale/flat/333531743/?context=4.Rd_WU9en_Bk.2vp5mfXEpfxuaXddIjEy3A4GAkP0aTh89EtFdECUX8kyhUs9DwCyZ5AeH6J2z75jI7iLbSdmpHYcUA&mlSearchSessionGuid=a3cd6718a5962abc2f653259f6a8f554;Санкт-Петербург;sale;flat;7;22;3;86.96;42614748;Василеостровский;Морской;;Приморская;ЛЕГЕНДА У МОРЯ
Ойстерс;real_estate_agent;https://spb.cian.ru/sale/flat/330966440/?context=4.3P53dahD84o.tMpkacfOAzHXivlX4Cnl4HK2v_pKjzoDrUwdhUqNGfIeLrm3coRiSByqz5r3JvEA6KjcLWEZFRxChg&mlSearchSessionGuid=a3cd6718a5962abc2f653259f6a8f554;Санкт-Петербург;sale;flat;5;7;2;120.4;180600000;Центральный;набережная Воскресенская;32;Чернышевская;Приоритет
РСТИ;developer;https://spb.cian.ru/sale/flat/329644783/?context=4.j1D_vz0izx0.GhjMTf_QNWGqknsM1ZuUiqOshE2V1dXWierPsgNjVhcr_tN8_uN6nSsGi6N5k03mEZEfpJKTe-PpBQ&mlSearchSessionGuid=a3cd6718a5962abc2f653259f6a8f554;Санкт-Петербург;sale;flat;1;8;3;125.7;57334118;Петроградский;Петровский проспект;22к2;Крестовский остров;Familia
Петербургская Недвижимость;real_estate_agent;https://spb.cian.ru/sale/flat/333287462/?context=4.aLLLT3Jx0as.jHl_sSiEIILgNsZ0Nnqu3jM7xkvhsXpUKyL5Y6nCNiQ_l2AGVCpyNClbNEpQfi5QcSSOL0-oaJvcaw&mlSearchSessionGuid=a3cd6718a5962abc2f653259f6a8f554;Санкт-Петербург;sale;flat;2;7;1;34.87;20242035;Василеостровский;Кожевенная линия;1-3Д;Горный институт;Аристократ
ПИА Недвижимость;real_estate_agent;https://spb.cian.ru/sale/flat/331898947/?context=4._ewKZq484VM.fEIsHYOUYXNUCxRVD0IwrZ658vt8Z49nZwcXbooX1YWGEOQFhcvRJUvJ0UO21n8oI4a58u2NWnsojw&mlSearchSessionGuid=a3cd6718a5962abc2f653259f6a8f554;Санкт-Петербург;sale;flat;9;22;1;35.37;20500000;Василеостровский;бульвар Головнина;13;Приморская;Башни Элемент
КВС;developer;https://spb.cian.ru/sale/flat/331854379/?context=4._qrjDvGjtDQ.BKOw20WITurPu3X01Pj1SqA7AtC6LiD70zdvT8jBr4E0ARhahBwkbfUrCL4XWfY-5TZnHCi2JMthxQ&mlSearchSessionGuid=a3cd6718a5962abc2f653259f6a8f554;Санкт-Петербург;sale;flat;1;4;2;60.1;;Петродворцовый;;;Юго-Западная;Любоград ЖК
Level Group;developer;https://spb.cian.ru/sale/flat/334012223/?context=4.lqcnOeMm138.KW8nhNTdI0-Wxfjs6yDpghF-XTjaqALMA28rPjffH2o47G-lWxF0RSz0PUkP0x3Dgwxow08zh4P0BQ&mlSearchSessionGuid=a3cd6718a5962abc2f653259f6a8f554;Санкт-Петербург;sale;flat;7;9;1;39.7;13289702;Калининский;Пискарёвка;;Выборгская;Левел Мечникова
ПИА Недвижимость;real_estate_agent;https://spb.cian.ru/sale/flat/333170641/?context=4.auzT2OjyQAI.BOraTQhTBSz1uKtKWeK0avjLpL5Vk02R4conK5s0GwEpOXunP0iT6xwulG4De8Pv4nYhMwZR7fU7PA&mlSearchSessionGuid=a3cd6718a5962abc2f653259f6a8f554;Санкт-Петербург;sale;flat;3;8;1;44.93;28950000;Петроградский;Ремесленная ;17литЗ;Спортивная;17/33 Петровский остров
Л1 строительная компания №1;developer;https://spb.cian.ru/sale/flat/330637174/?context=4.Znyi1hm8cHY.JcFaxcHmv8i1oMrS8_H55XCAKPKsxgME7nNp5AWK2L6EkmxijiuGO7v2ETW3whZ7VsqRZ_x4D7LsaA&mlSearchSessionGuid=a3cd6718a5962abc2f653259f6a8f554;Санкт-Петербург;sale;flat;23;25;2;80.0;19833022;Выборгский; Руднева;18;Проспект Просвещения;Шекспир
ELEMENT;developer;https://spb.cian.ru/sale/flat/327096225/?context=4.tcxUUkD3IJ8.68PSzpuL-KwyZRPPvbdxQgcm-c8mTfvAHoUz3SZoy_SaGNplsCGvC46NMB0veGDwMOBveHW-QlWVkg&mlSearchSessionGuid=a3cd6718a5962abc2f653259f6a8f554;Санкт-Петербург;sale;flat;2;8;2;71.67;58604559;Петроградский;Ремесленная ;17литЗ;Спортивная;17/33 Петровский остров
Ойстерс;real_estate_agent;https://spb.cian.ru/sale/flat/331077473/?context=4.XxAVZAA1Pbc.AYkb6WO6bUKzVFUL27-uoLk8FoDlR6DxQ6f1w7b7ee_S7kucRFmBkg3qV5wmLxH1n3wYZfMa52Da6w&mlSearchSessionGuid=a3cd6718a5962abc2f653259f6a8f554;Санкт-Петербург;sale;flat;2;7;1;93.8;93800000;Центральный;набережная Воскресенская;32;Чернышевская;Приоритет
КВС;developer;https://spb.cian.ru/sale/flat/330167079/?context=4.rNKCyvEpVfU.C7cvXUDavGizb50SVmMpyR7dCHFaqUN8MRG3LA59g3bCrzE5pO0IljAtK5wzBIiXwvbZYY7Ikxg2Yg&mlSearchSessionGuid=a3cd6718a5962abc2f653259f6a8f554;Санкт-Петербург;sale;flat;5;5;1;36.54;;Пушкинский;;;Купчино;ЮгТаун ЖК
Петербургская Недвижимость;real_estate_agent;https://spb.cian.ru/sale/flat/333526726/?context=4.4DmMdeugu5k.KOja9gS56asFxFIymDoz9SaRb-S_I_SQk430esQGCcEO9TUs3fH--6IzPv_rx2VVpHe3yKVG_2d_IQ&mlSearchSessionGuid=a3cd6718a5962abc2f653259f6a8f554;Санкт-Петербург;sale;flat;3;6;2;63.58;40055400;Адмиралтейский;Рижский проспект;24-26;Балтийская;Кристалл Холл
Л1 строительная компания №1;developer;https://spb.cian.ru/sale/flat/333291372/?context=4.xdh4JTZIZ6A.cm8Wb2U2M39L0cKQw-1cSeHMUu3kic1rLxlmYLnc1rd70Qzn8zdyRyCAkJP1NZ71s3Ztu85bNHtwTQ&mlSearchSessionGuid=a3cd6718a5962abc2f653259f6a8f554;Санкт-Петербург;sale;flat;24;24;3;85.7;26628896;Выборгский; Руднева;16;Проспект Просвещения;Шекспир
Петербургская Недвижимость;real_estate_agent;https://spb.cian.ru/sale/flat/333526819/?context=4.NFc5B6bjfFI.x4fo6_ytysaZpLGeCUU8K3uFrsAVytQY02zcpJKi8XxQGdZ0HvytsyvsViGDipjBraskC-_uZFaLIw&mlSearchSessionGuid=a3cd6718a5962abc2f653259f6a8f554;Санкт-Петербург;sale;flat;5;6;2;63.38;40785030;Адмиралтейский;Рижский проспект;24-26;Балтийская;Кристалл Холл
Л1 строительная компания №1;developer;https://spb.cian.ru/sale/flat/333023925/?context=4.AGHNmMBt5K0.jGpPq2SSK6d5ZtJlltw-h3suQoF2K5BNc5WGXk8fBzqrYcMmKrCvFOJ6hT6_yjz2ej2tcPRH0Q3apQ&mlSearchSessionGuid=a3cd6718a5962abc2f653259f6a8f554;Санкт-Петербург;sale;flat;19;19;3;115.1;30746841;Выборгский;проспект Просвещения;43;Проспект Просвещения;Лондон Парк
ELEMENT;developer;https://spb.cian.ru/sale/flat/327096238/?context=4.1ug0P6-TxRQ.IpAjUpLSP8i_66Zi0JZbZpRt69jIK8Y7U9vFxCBb1PsbokKiI1LfbyTvve551lfidZL5VAorzJYQEA&mlSearchSessionGuid=a3cd6718a5962abc2f653259f6a8f554;Санкт-Петербург;sale;flat;7;8;3;115.7;154893375;Петроградский;Ремесленная ;17литЗ;Спортивная;17/33 Петровский остров
ЛСР Санкт-Петербург;developer;https://spb.cian.ru/sale/flat/318142403/?context=4.g_F7DEiHTH0.pR3jD9UIgtfsmQv0c7JZKVAUEiqQI7FQnigr_z6SxVRcs-4H-oQfam-UU1liO3FCPMrKz-IQcjtQbQ&mlSearchSessionGuid=a3cd6718a5962abc2f653259f6a8f554;Санкт-Петербург;sale;flat;2;11;1;39.5;18382905;Адмиралтейский; Егорова;23БлитА;Технологический институт;Измайловский
Алькор;developer;https://spb.cian.ru/sale/flat/314345326/?context=4.P8ckaerKXTY.VRA53l4nM4iDjM3EB3qcymWPeQ7WRoD6fiyN20SqJHWajd43iidcR_YG4kMHXBDXWd8LgqsIfrOLlg&mlSearchSessionGuid=a3cd6718a5962abc2f653259f6a8f554;Санкт-Петербург;sale;flat;3;4;3;89.78;21654936;Кронштадтский;дорога Цитадельская;;;Кронфорт.Центральный
ЛСР Санкт-Петербург;developer;https://spb.cian.ru/sale/flat/330551693/?context=4.iMcdMKZfTLw.YwUujOxr9iJkY7jngab8bwux2s4OVCEaxRNcTq6d1gY09wK40gBySXj3G9IN5ucxuzq6ApQK9PaW8g&mlSearchSessionGuid=a3cd6718a5962abc2f653259f6a8f554;Санкт-Петербург;sale;flat;23;23;3;70.37;28183185;Красносельский;Юго-Запад;;Юго-Западная;Морская миля ЖК
Алькор;developer;https://spb.cian.ru/sale/flat/321997980/?context=4.hiE4ORI4NhI.zR1rPyRip2Qp1naOASrIpJoibQPfxgPahaP7OlxTuWF17aPW5TgYz-5fkD3n0LIT23YvT48dFGj1fQ&mlSearchSessionGuid=a3cd6718a5962abc2f653259f6a8f554;Санкт-Петербург;sale;flat;4;4;2;73.59;21800302;Кронштадтский;дорога Цитадельская;;;Кронфорт.Центральный
КВС;developer;https://spb.cian.ru/sale/flat/328725432/?context=4.P8UFyrGFoT8.arQLAKbkiq8IftxAWWxLw5HdRBKIXM7fhyYx65Sm5BaQymv5jxVvKegGqNqw88G2peX0fWDH-B3nEw&mlSearchSessionGuid=a3cd6718a5962abc2f653259f6a8f554;Санкт-Петербург;sale;flat;7;17;1;41.0;;Московский;Московское шоссе;19к4Е;Звездная;Квартал бизнес-класса М36
Петербургская Недвижимость;real_estate_agent;https://spb.cian.ru/sale/flat/333526771/?context=4.qRHirDzt6e0.uoYmfXPGtlLsM3Jv84uqZTZ0OCtvI80m8L5I4bi4y9o1Jvvm-p44ysyCeOPa5ReM3NGh2Br5zItNzQ&mlSearchSessionGuid=a3cd6718a5962abc2f653259f6a8f554;Санкт-Петербург;sale;flat;6;6;1;42.65;30516075;Адмиралтейский;Рижский проспект;24-26;Балтийская;Кристалл Холл
ФСК;developer;https://spb.cian.ru/sale/flat/315215108/?context=4.N6g3rjwH7oY.eKnHqjTEXUPumrmxTnIROtfkaQL2ALVNkuisFSLA8s3XEw1_0pFIc1M53e_CawhqrTixxitZWoOANw&mlSearchSessionGuid=a3cd6718a5962abc2f653259f6a8f554;Санкт-Петербург;sale;flat;11;17;3;70.6;15197659;Невский; Архивная;3к1;Улица Дыбенко;Апарт-комплекс Зум на Неве
Алькор;developer;https://spb.cian.ru/sale/flat/314345331/?context=4.Z8T67IpZdSU.ep6NkX6GTroKyHnJ7LKZQhT6LPWbAFrfMKjjbBO81ikrYR39SbCtGwP8P38rF4Qem2czDgsv01Rv9w&mlSearchSessionGuid=a3cd6718a5962abc2f653259f6a8f554;Санкт-Петербург;sale;flat;3;4;3;96.16;22286042;Кронштадтский;дорога Цитадельская;;;Кронфорт.Центральный
AAG;developer;https://spb.cian.ru/sale/flat/332060682/?context=4.Y8e28DmSH1A.DAC6ot6lKGSX4c3GN9ypRian62yPH4DEplERZNIEewuOjErZyCgItlHtKhZF9kFbrRcEnsQbmqhiMQ&mlSearchSessionGuid=a3cd6718a5962abc2f653259f6a8f554;Санкт-Петербург;sale;flat;1;11;1;31.21;15067563;Красногвардейский;Магнитогорская ;11с1;Новочеркасская;Альпен
Петербургская Недвижимость;real_estate_agent;https://spb.cian.ru/sale/flat/333526744/?context=4.f0sa6tVKYvQ.z4E_u5sP8e4mNbUY1sHP4PaA__Z9IZI0HqyYSs8eA3wh7SufSoUnSdTEJuSex_qyLNCOATP3VscFVg&mlSearchSessionGuid=a3cd6718a5962abc2f653259f6a8f554;Санкт-Петербург;sale;flat;7;9;1;36.65;27047700;Адмиралтейский;Рижский проспект;24-26;Балтийская;Кристалл Холл
ЛСР Санкт-Петербург;developer;https://spb.cian.ru/sale/flat/333726015/?context=4.NIS4Yiknkyc.LyDGcBogaChUTRh3RcFxiFbQFHrwpSgYlp7FiMn-ujk78_8dAQttPGOcCMQrYWFLA2rhv8zVU9206w&mlSearchSessionGuid=a3cd6718a5962abc2f653259f6a8f554;Санкт-Петербург;sale;flat;13;25;1;37.1;10961937;Невский;Октябрьская набережная ЖК;;Ломоносовская;Октябрьская набережная ЖК
Fizika Development;developer;https://spb.cian.ru/sale/flat/334447763/?context=4.aveungU_z6E.7GLq3h3uVzpSrlHOS1srnUz7zaEjbSn7v8tdgawur_tj54-cUKgYnoA0lY5nGDHd2OuT6D5yBzYI6Q&mlSearchSessionGuid=a3cd6718a5962abc2f653259f6a8f554;Санкт-Петербург;sale;flat;6;9;2;74.75;68635450;Адмиралтейский;Перевозная ;;Нарвская;Остров первых
Ленстройтрест;developer;https://spb.cian.ru/sale/flat/334059688/?context=4.RRn79fmfNNI.AXTvuqlRtpiHE8jY4Uakoa32qSm7kKxhfoKxrQoZ6ANuSS6i89QXNsqRw7gsYkohs7ZjEsGa9FTIeQ&mlSearchSessionGuid=a3cd6718a5962abc2f653259f6a8f554;Санкт-Петербург;sale;flat;10;17;4;127.71;61964892;Фрунзенский;Софийская ;61к2;Проспект Славы;ЛИГГАТ
Группа Аквилон;developer;https://spb.cian.ru/sale/flat/333958822/?context=4.tduntMiMI0w.uWhuVBa-zM6rWfXlf8WEgqfAgC_0MIBse_r5guyoohUdB-2p0ytgbxZN89vHdK6dD4a0jyP33YJacg&mlSearchSessionGuid=a3cd6718a5962abc2f653259f6a8f554;Санкт-Петербург;sale;flat;16;17;3;58.88;23144702;Московский;Звёздное;;Звездная;Оро от Аквилон ЖК
ЛСР Санкт-Петербург;developer;https://spb.cian.ru/sale/flat/333732991/?context=4.-10F75bITs0.7hEW90OrRRUqNQfcMwPT1fxav3qQIA-LDH9zeaQQBewXJOFNxooN-bF7dJir_fYvJGBTr2GFYrVjJQ&mlSearchSessionGuid=a3cd6718a5962abc2f653259f6a8f554;Санкт-Петербург;sale;flat;20;21;1;31.2;6966648;Красногвардейский;Полюстрово;;Лесная;Ручьи ЖК
LAR Development;developer;https://spb.cian.ru/sale/flat/305426955/?context=4.WqMVLJARG3I.HFVP04kH_QBm2fdCF0Gv6HuxNw48x2_ppKK2agpxuYw5VULJFxTVAUBdD8lXM4A2pIDzHzAYjysNtw&mlSearchSessionGuid=a3cd6718a5962abc2f653259f6a8f554;Санкт-Петербург;sale;flat;1;4;2;68.58;30518099;Курортный;;;;Ранта Резиденс ЖК
КВС;developer;https://spb.cian.ru/sale/flat/324313898/?context=4.VkZyC7tabo4.puFHyLtUmBU0kytF56Hrk4kQ5dawjzZy-HbSDa3O-YfmpMiZFyYE1zHzUFOB5zUSkr5J--gHrbmZgA&mlSearchSessionGuid=a3cd6718a5962abc2f653259f6a8f554;Санкт-Петербург;sale;flat;3;4;4;104.8;;Петродворцовый;;;Юго-Западная;Любоград ЖК
ПРОМСТРОЙКОМПЛЕКТ;developer;https://spb.cian.ru/sale/flat/323946303/?context=4.FBMj74kFUkY.BfXFOi6aKkWlACiE2HIuifxJgarUQePNltBFOaEN3QuBUoap-faXazNNa1JUtqqnnGN3TNagfyVIBQ&mlSearchSessionGuid=a3cd6718a5962abc2f653259f6a8f554;Санкт-Петербург;sale;flat;2;6;3;169.29;186219000;Петроградский; Эсперова;8;Крестовский остров;АСТРУМ
LEGENDA Development;developer;https://spb.cian.ru/sale/flat/328020881/?context=4.UUewclUGCd0.jkWLnPA6uwHbhNPm2_gqmCEgiL9TTogcdZzKdO9yGBAWG_MdBJSIWrF3Kae9jFJNoxnj8qseXHcYnQ&mlSearchSessionGuid=a3cd6718a5962abc2f653259f6a8f554;Санкт-Петербург;sale;flat;7;10;3;83.72;30082161;Василеостровский;Гавань;к1;Горный институт;Легенда Васильевского ЖК
LAR Development;developer;https://spb.cian.ru/sale/flat/305426809/?context=4.6p58LpaAEfo.In9rlkJfDSRqUn8gRroy0F40f8KYamluHrHLFCFRTMfVHLpoD6SkFvGHic5-42Wpf9cVNDDgvBWaVw&mlSearchSessionGuid=a3cd6718a5962abc2f653259f6a8f554;Санкт-Петербург;sale;flat;1;4;2;62.18;30779100;Курортный;;;;Ранта Резиденс ЖК
КВС;developer;https://spb.cian.ru/sale/flat/330166638/?context=4.1OnXt3M5heY.xJkBYAlxOLQhD3SPO-FZgEj0CCP_tkUjGPiZuI0dCVg6PwKh4A04UU2YonoGK_Z6ysBRVpD4OCqQ6w&mlSearchSessionGuid=a3cd6718a5962abc2f653259f6a8f554;Санкт-Петербург;sale;flat;3;5;3;67.78;;Пушкинский;;;Купчино;ЮгТаун ЖК
LEGENDA Development;developer;https://spb.cian.ru/sale/flat/333531772/?context=4.5izlltlf7Rw.4hd5E18kolLehkFy9V_3RuRIRqCUaC42dJOaPJsSluQcpm9wsrL0gGmxL1HN-Gj2fzXruVywuFvQPw&mlSearchSessionGuid=a3cd6718a5962abc2f653259f6a8f554;Санкт-Петербург;sale;flat;6;22;1;48.8;23984712;Василеостровский;Морской;;Приморская;ЛЕГЕНДА У МОРЯ
Строительный холдинг Сенатор;developer;https://spb.cian.ru/sale/flat/309824123/?context=4.raYxd4z-Ihg.TnRSYWEQuMsigJNYRp96MRu3_F1gQlWF-pwH4HMWqp2W8s-36Lw_DDm-s4fttnjQxi5giii89-7gWw&mlSearchSessionGuid=a3cd6718a5962abc2f653259f6a8f554;Санкт-Петербург;sale;flat;12;12;1;148.5;74185700;Курортный;Приморское шоссе;570Л;;МФК Морская ривьера
ПРОМСТРОЙКОМПЛЕКТ;developer;https://spb.cian.ru/sale/flat/323946370/?context=4.N7E1RTD_fIE.7Ig4rJnsVLzO5GFQXeO0uTenlgc107TmujbjvtMfn5UDxU8QD1ckXBu-h0xMR0IJ6atkmZDxkYM6vw&mlSearchSessionGuid=a3cd6718a5962abc2f653259f6a8f554;Санкт-Петербург;sale;flat;4;6;2;140.04;140040000;Петроградский; Эсперова;8;Крестовский остров;АСТРУМ
LEGENDA Development;developer;https://spb.cian.ru/sale/flat/331614175/?context=4.Vf-xZLHEDZA.zbC26tcroDpgLWPnTLZ9Khw09U14kjisu0Lce-uP5El6-VOmZrbwKa7nQ-DsJZmDGiorW7CrsFgwHw&mlSearchSessionGuid=a3cd6718a5962abc2f653259f6a8f554;Санкт-Петербург;sale;flat;10;10;1;43.29;25650720;Выборгский;Большой Сампсониевский проспект;32;Выборгская;Сампсониевский 32
Fizika Development;developer;https://spb.cian.ru/sale/flat/334447766/?context=4.F6W652AhLaQ.TnvpPHNPOrHswzLR2VmVvtBRC4s_Ag1IIWKrrZL09o4IcT394Cr6a_1976hSnGJKjKCoeWtqFt7lbA&mlSearchSessionGuid=a3cd6718a5962abc2f653259f6a8f554;Санкт-Петербург;sale;flat;7;9;2;72.82;57972002;Адмиралтейский;Перевозная ;;Нарвская;Остров первых
СЗ Euroinvest Development;real_estate_agent;https://spb.cian.ru/sale/flat/333948129/?context=4.WOTQRlHwAyw._ux7BWqUPG7lEXuPZYL4OMaiUxKZ8LqPb1YGONmHAUlmbshs6UIAj-2NvFxICsk_TdHU9A4nXX_g_A&mlSearchSessionGuid=a3cd6718a5962abc2f653259f6a8f554;Санкт-Петербург;sale;flat;3;6;4;100.14;63088200;Петроградский; Профессора Попова;;Петроградская;ID Petrogradskaya
ELEMENT;developer;https://spb.cian.ru/sale/flat/327097297/?context=4.dWZgQFeOItw.S1aZ3FAom8phri9ToqeAp74rxI-ema01XQw4tMRVv2_d77q1DfFqxlosth9eKHC80v3_DA1vXCveUA&mlSearchSessionGuid=a3cd6718a5962abc2f653259f6a8f554;Санкт-Петербург;sale;flat;11;18;1;51.71;28706031;Василеостровский;бульвар Головнина;13;Приморская;Башни Элемент
ЛСР Санкт-Петербург;developer;https://spb.cian.ru/sale/flat/318135800/?context=4.UavSgJ32L6Q.pzIAFORmU-nlImeX2U_SCWF4Wn63beDiIdRbh3FyeD_Er5CGJ-V_IxhZkPrSxlY13fCiFX6QlFeBsg&mlSearchSessionGuid=a3cd6718a5962abc2f653259f6a8f554;Санкт-Петербург;sale;flat;14;14;3;85.0;33354000;Василеостровский;набережная Миклухо-Маклая;3к1;Приморская;Морская набережная.СиВью
AAG;developer;https://spb.cian.ru/sale/flat/323514180/?context=4.ZsbwIb_lV5U.1r4r8OLeu0r8c_J4dsOQgsP8wUWGMbs2JQU1vyZGui5aSmRceTCperSGBbpaI-pE71SMaUo5p9DMBQ&mlSearchSessionGuid=a3cd6718a5962abc2f653259f6a8f554;Санкт-Петербург;sale;flat;1;9;3;88.84;67352738;Петроградский;Пионерская ;53;Чкаловская;Avant
КВС;developer;https://spb.cian.ru/sale/flat/328993280/?context=4.U605o887uxM.6qPng5GTXfm8UZZkSL-_GRfpD2lXJg6RYOau9V8olkiH0h61iZqVqt-j6Vd0qBtDnggzRcnrpZai5w&mlSearchSessionGuid=a3cd6718a5962abc2f653259f6a8f554;Санкт-Петербург;sale;flat;1;4;2;57.7;;Петродворцовый;;;Юго-Западная;Любоград ЖК
AAG;developer;https://spb.cian.ru/sale/flat/323513958/?context=4.ocjeWVgoHBI.Wvxuj9GCleTtI3uFsXPYTUwIwkFqSHSzBJSYIlqsRCPPD7Jw7Kqx4NbRbUtzBuXfx8FuAh20oYAgyg&mlSearchSessionGuid=a3cd6718a5962abc2f653259f6a8f554;Санкт-Петербург;sale;flat;7;9;4;128.88;125789715;Петроградский;Пионерская ;53;Чкаловская;Avant
STAVNI;developer;https://spb.cian.ru/sale/flat/332799401/?context=4.nQl7u5L-_20.vUF5vcMeHR-HADLTUyG71mWYZQ0jfFiZyVKRui9w6C1WmEjbr-OWd88KHsp-Y0fidaVuKrDEhKwTXg&mlSearchSessionGuid=a3cd6718a5962abc2f653259f6a8f554;Санкт-Петербург;sale;flat;2;11;2;51.96;27056797;Адмиралтейский;Измайловское;;Балтийская;Ставни Обводный ЖК
AAG;developer;https://spb.cian.ru/sale/flat/323514167/?context=4.vQ5ZgppaOHQ.O3KKDqiDvXQcdGRpaJ9Kg3CMIVcmENKLvNPBZMxXpiANG0eDczd7y0BWUzFWT3EwBO2gnTX_XlH7sw&mlSearchSessionGuid=a3cd6718a5962abc2f653259f6a8f554;Санкт-Петербург;sale;flat;2;9;2;62.07;39890092;Петроградский;Пионерская ;53;Чкаловская;Avant
КВС;developer;https://spb.cian.ru/sale/flat/328993103/?context=4.TPNIzWgucvw.lYIeeWCVLJ_43pRVTSm0X-XwyJ6QbjqWfDdX_cv1FDo2VwGioaon8Nubplo-cj1xnBRMEM_oI-4m7g&mlSearchSessionGuid=a3cd6718a5962abc2f653259f6a8f554;Санкт-Петербург;sale;flat;3;4;3;72.62;;Петродворцовый;;;Юго-Западная;Любоград ЖК
AAG;developer;https://spb.cian.ru/sale/flat/334692448/?context=4.PYv-XOG8aYA.JdwM-W6v2GGPYuhIQTt0RIoB3Q5mXOjbuyzEoLGFmU6BV_l8J5adghbOg7yxLAk4KnQ5moUpKTuhCg&mlSearchSessionGuid=a3cd6718a5962abc2f653259f6a8f554;Санкт-Петербург;sale;flat;4;5;1;35.31;25700000;Петроградский;Пионерская ;53;Чкаловская;Avant
Дом на Бронницкой;developer;https://spb.cian.ru/sale/flat/330137064/?context=4.J3N2cfWKZwM.HrUrzu6nEnweJnR75tIhZA_n-Cv4iILjgH9ufeggrxhGMJp-2N1LA6fNqH5e5QrTc1YxopjHvdJ-Zw&mlSearchSessionGuid=a3cd6718a5962abc2f653259f6a8f554;Санкт-Петербург;sale;flat;5;9;4;130.5;55104883;Адмиралтейский;Бронницкая ;11;Технологический институт;Дом на Бронницкой
AAG;developer;https://spb.cian.ru/sale/flat/323514059/?context=4.WpiYPcuFoLw.gG3tatuvqDa1HazLRAYy1qGl2BLko8eMuirdY_JZx3tkXxlcdOjuYxktWjFIE8seMbQPTEKp8M95YQ&mlSearchSessionGuid=a3cd6718a5962abc2f653259f6a8f554;Санкт-Петербург;sale;flat;6;8;3;110.68;123460037;Петроградский;Пионерская ;53;Чкаловская;Avant
ТРЕСТ;developer;https://spb.cian.ru/sale/flat/324422571/?context=4.3jcZCF28OPw.fOrtd6bDdZJkj12HA7_FSJcwQmX_de_tWJITA6gKuPbbw9SrzT-9Tyg4pb7dawtlg_fKazp_sKLFGA&mlSearchSessionGuid=a3cd6718a5962abc2f653259f6a8f554;Санкт-Петербург;sale;flat;15;24;3;79.81;18148000;Невский;Народный;;Ломоносовская;Речной квартал ЖК
AAG;developer;https://spb.cian.ru/sale/flat/323514098/?context=4.Qre_jylo9Zg.Xz1oNZXhPbsrU_k7V_n-nBey9K1eAUaEj3aAAcWCWWZ2xUYGHEiHNKaQO0DZasxuzy_eIrbaxjIEXw&mlSearchSessionGuid=a3cd6718a5962abc2f653259f6a8f554;Санкт-Петербург;sale;flat;3;9;2;79.98;57435303;Петроградский;Пионерская ;53;Чкаловская;Avant
Л1 строительная компания №1;developer;https://spb.cian.ru/sale/flat/330637202/?context=4.WaTeCfxcItQ.C5fZ98EauLo3CD30zLu5PLdVdhsoigZRevZTQyhcS8ggli9dDZC4QXHQSKI9pOTAOo-e5JPNDX4DgA&mlSearchSessionGuid=a3cd6718a5962abc2f653259f6a8f554;Санкт-Петербург;sale;flat;10;13;1;39.0;14836686;Фрунзенский;Балканский;;Купчино;Антверпен
AAG;developer;https://spb.cian.ru/sale/flat/325789044/?context=4.XQpxjv4L_SQ.Fi1iiYx0IQkxA9mRIWY6KQD60iHs06Qmmewd8WMs5ob1LNiyB_QclpcMh1TGBDSLxXXDUdYE6RXW_w&mlSearchSessionGuid=a3cd6718a5962abc2f653259f6a8f554;Санкт-Петербург;sale;flat;7;11;2;63.34;35625645;Красногвардейский;Магнитогорская ;11с1;Новочеркасская;Альпен
ЛСР Санкт-Петербург;developer;https://spb.cian.ru/sale/flat/318837574/?context=4.g-vZKxSikoA.C1AvVavNjuWhJh7NJDGLS9YgOAx48nZ-HaQXOfyTuooUErA_P920LLYkPfCV5lEOYLBzchmRS9eW4g&mlSearchSessionGuid=a3cd6718a5962abc2f653259f6a8f554;Санкт-Петербург;sale;flat;13;22;2;51.0;11016000;Красногвардейский;Полюстрово;35к2;Девяткино;Пейзажный квартал
Строительный холдинг Сенатор;developer;https://spb.cian.ru/sale/flat/309824000/?context=4.R9rB3JmdoSY.rdS_J5-KqgsROfP0SMNpqkW8JNVi2AiIWnQqenhy6Err-1uxCrbt-wc3nrqkpYO8AW30f7omn4T4oA&mlSearchSessionGuid=a3cd6718a5962abc2f653259f6a8f554;Санкт-Петербург;sale;flat;9;12;1;45.9;27878054;Курортный;Приморское шоссе;570Л;;МФК Морская ривьера
Унистрой;developer;https://spb.cian.ru/sale/flat/323954513/?context=4.ZPgjZPdwml0.ORpiUpy2diXMCJIxnIuaYMYmNKehpghzhaHaatYZBcW-RBuOfTJ74oloN7TFeYwzmaklxVgLVKcLtg&mlSearchSessionGuid=a3cd6718a5962abc2f653259f6a8f554;Санкт-Петербург;sale;flat;1;5;1;35.05;11608000;Курортный;;;Зенит;Лисино
Балтийская коммерция;developer;https://spb.cian.ru/sale/flat/326074420/?context=4.iawLVn3HHKY.0lMGL1WI-8a4nQMQ8OQFsijWiMxIbD0tqAN29IWm_IEhx7ALSw_U9qVJjOvPhiyNtQ3IfstgnslqOQ&mlSearchSessionGuid=a3cd6718a5962abc2f653259f6a8f554;Санкт-Петербург;sale;flat;3;10;2;63.06;39412500;Центральный;Новгородская ;14;Площадь Александра Невского;Гильдия
LEGENDA Development;developer;https://spb.cian.ru/sale/flat/329112119/?context=4.E6B556_So_g.qRvgGNsrOScMJNQ-HCC7vLfTx-yMypdTIuGXdMGmjU3vWT0MFEyMKp0d_YObLgmmWmDpSIH0aiGeaA&mlSearchSessionGuid=a3cd6718a5962abc2f653259f6a8f554;Санкт-Петербург;sale;flat;11;14;1;41.3;18435948;Красногвардейский;Большая Охта;;Новочеркасская;Магнифика ЖК
Брусника;developer;https://spb.cian.ru/sale/flat/332729895/?context=4.IdwBLhyJPNE.ccJgZBDDO4zobJssyIp8UviqKcsLO-O6eqWagN-lmAf2u3ofrg3w6tczQmf04g8DypHa50eHDfqpxA&mlSearchSessionGuid=a3cd6718a5962abc2f653259f6a8f554;Санкт-Петербург;sale;flat;8;17;2;82.18;29690000;Василеостровский;Морской;;Приморская;Северный Ветер ЖК
Группа Аквилон;developer;https://spb.cian.ru/sale/flat/332464733/?context=4.LCdMWiQhqqM.qpL3xIrw75OttdB3SeIDPljnHikpVN8zLsz4JAPPR00MMTVz894Q8mhUdsuYJEmrH36UcnzB7oqJKg&mlSearchSessionGuid=a3cd6718a5962abc2f653259f6a8f554;Санкт-Петербург;sale;flat;5;12;4;82.7;17731907;Пушкинский;;;Звездная;Аквилон Солар ЖК
AAG;developer;https://spb.cian.ru/sale/flat/323514122/?context=4.vtf8XUG2yVE.-joGkpadt8sA_Sd8jP8yYec5trduVr1rl56UHU5NQvEexTGIIt5_lEOje7tlS1jvdY00DkvVRDbXVg&mlSearchSessionGuid=a3cd6718a5962abc2f653259f6a8f554;Санкт-Петербург;sale;flat;5;9;3;106.96;76810203;Петроградский;Пионерская ;53;Чкаловская;Avant
Терминал-Ресурс;developer;https://spb.cian.ru/sale/flat/332562857/?context=4.j835rTfLfw4.PlFJb3bQE2cSlWYJC07FZTfRABawc0L2E7QzXE9rgORoBpX-FgarUYZlEUVlAUUVPBb1ZMxfaphKaQ&mlSearchSessionGuid=a3cd6718a5962abc2f653259f6a8f554;Санкт-Петербург;sale;flat;4;4;2;63.49;14342391;Пушкинский;Пулковское тер.;;Купчино;Образцовый квартал 9.1
LEGENDA Development;developer;https://spb.cian.ru/sale/flat/327195247/?context=4.k4EQY_LiMRI.rZWPpMu4el67xmnZCxDrChHr-PU_q4F5X697R3YSYqGginOg_A1r7dQB-ULNZq429vXEzSrPlgFl4Q&mlSearchSessionGuid=a3cd6718a5962abc2f653259f6a8f554;Санкт-Петербург;sale;flat;7;14;2;67.5;30989790;Красногвардейский;Большая Охта;;Новочеркасская;Магнифика ЖК
ЛСР Санкт-Петербург;developer;https://spb.cian.ru/sale/flat/327864626/?context=4.pouKvD4vBPE.0tT7YyKjG4f8jNsvO3JQDaM2aEbd_fI-poXtWYEILReB1t2BbkyaKU0rNCZ8PP7EqQ9UtazJSiBFqw&mlSearchSessionGuid=a3cd6718a5962abc2f653259f6a8f554;Санкт-Петербург;sale;flat;24;24;1;33.6;7163856;Красногвардейский;Полюстрово;;Девяткино;Пейзажный квартал Цветной Город ЖК
Ленстройтрест;developer;https://spb.cian.ru/sale/flat/334059454/?context=4.vscWYQ4oJ7o.7EL42azl08Iq9ErULFeX4R-LIH5g7AEQdtgghxPwTJZoTEflzCfJgQ-nB_ToX-UakJz9b-ZkRNzQHQ&mlSearchSessionGuid=a3cd6718a5962abc2f653259f6a8f554;Санкт-Петербург;sale;flat;7;17;2;65.19;31493289;Фрунзенский;Софийская ;61к2;Проспект Славы;ЛИГГАТ
ЛСР Санкт-Петербург;developer;https://spb.cian.ru/sale/flat/318139564/?context=4.b75dmixSbFo.y8IGaKHieyJBE_afEFg9h-X1A_vXUHKwgPTg3Hmu9OapuGWhKTM7fsMHzQFN7rkzkGHslTFd1Zf7lw&mlSearchSessionGuid=a3cd6718a5962abc2f653259f6a8f554;Санкт-Петербург;sale;flat;21;23;2;65.27;24959901;Невский;;;Улица Дыбенко;Цивилизация на Неве
ФСК;developer;https://spb.cian.ru/sale/flat/304120261/?context=4.EA-qb4ANbKg.cutY1iMqQHcD5JloOhL08C6_zzAxNdMLsqO8qw2rSUKcXxhGWgtk-XS8ahgkWdG-WrOCjY0R2gf9WQ&mlSearchSessionGuid=a3cd6718a5962abc2f653259f6a8f554;Санкт-Петербург;sale;flat;2;10;2;60.32;34331058;Центральный;Смольнинское;;Площадь Александра Невского;Новгородская 8 ЖК
ФСК;developer;https://spb.cian.ru/sale/flat/319045255/?context=4.qvx_YGGlyk4.0GIZpuiuyoxLzVCKAZVArr9yPj95Uo8GIpaww9G5PbHcFdQt6vAsnGvpLox46Xg88JIY44i0S9wB9A&mlSearchSessionGuid=a3cd6718a5962abc2f653259f6a8f554;Санкт-Петербург;sale;flat;2;14;1;40.4;9058084;Невский; Архивная;3к1;Улица Дыбенко;Апарт-комплекс Зум на Неве
Строительный холдинг Сенатор;developer;https://spb.cian.ru/sale/flat/309823923/?context=4.P-eIrPHSyQM._y__PklDZl-T4AzTU56R0A4Uv-rMbWdxFrDn90v8lfMyMp_WQkGHmemzIuWYu4NXJHkrgtSVFwjIWA&mlSearchSessionGuid=a3cd6718a5962abc2f653259f6a8f554;Санкт-Петербург;sale;flat;8;12;2;70.7;40652500;Курортный;Приморское шоссе;570Л;;МФК Морская ривьера
КВС;developer;https://spb.cian.ru/sale/flat/322447466/?context=4.RKpTa91sm_s.mkXM0m_hPNbaiRIZb52KAR6ZaYyRBHuYn50hzGQwyrIe9wzXyJU_WYs5uolbRome5z7Hp1hbwHHUtw&mlSearchSessionGuid=a3cd6718a5962abc2f653259f6a8f554;Санкт-Петербург;sale;flat;1;4;1;38.39;;Петродворцовый;;;Юго-Западная;Любоград ЖК
РК-Газсетьсервис;developer;https://spb.cian.ru/sale/flat/333354791/?context=4.LqNoRuQujuA.leLf-GU2cXzG89qJuTDkv1b9L1zzxKwL0P6mXka333bBppd_4TA_KQt0qUF8FKc3bUkUpbq66Yx8Rw&mlSearchSessionGuid=a3cd6718a5962abc2f653259f6a8f554;Санкт-Петербург;sale;flat;4;12;2;52.39;17760210;Приморский;Камышовая ;25;Комендантский проспект;YE'S Primorsky Комплекс Апартаментов
ЛСР Санкт-Петербург;developer;https://spb.cian.ru/sale/flat/322638709/?context=4.n-qx9GEe1wc.xG_0ryFiMaWzjSx7Kp6AhcG-cn7vdNuWq7zEDAg8IXnRn6ez5zQWIB4fa39vQ9fW6aVIgy9XVarA8g&mlSearchSessionGuid=a3cd6718a5962abc2f653259f6a8f554;Санкт-Петербург;sale;flat;20;22;3;73.4;25036740;Невский;;;Улица Дыбенко;Дыбенко Парк
РосСтройИнвест;developer;https://spb.cian.ru/sale/flat/334465282/?context=4.rqP7wZph7aU.33IXwSCQRvATLm5oIkunZkrlIel6qrOhkRfUkqxGA5aCli4yo0jtwhZlze7miVEWHnyuZiFE9Z9NAw&mlSearchSessionGuid=a3cd6718a5962abc2f653259f6a8f554;Санкт-Петербург;sale;flat;7;17;1;34.01;14150739;Калининский;Финляндский;;Лесная;Аурум ЖК
КВС;developer;https://spb.cian.ru/sale/flat/324614432/?context=4.J4_aUm5s8C0.iXgZsBVNi600NaLE0Eo56KOYCiGNfE_tEqlWLilLGvtXaWI9Q9fdyUo5W0JI-ElvdgaONdLAaZ0qlw&mlSearchSessionGuid=a3cd6718a5962abc2f653259f6a8f554;Санкт-Петербург;sale;flat;4;4;1;36.27;;Пушкинский;;;Купчино;Дубровский ЖК
РосСтройИнвест;developer;https://spb.cian.ru/sale/flat/334466040/?context=4.20xhGo6yoXU.8DngzUz6gBhZu1GDZmq2I3qFD4TN5ZmigK4TnCfiFYEir7LB7rIcwlZyWLbKrWHxfbBjYhKTXYltdA&mlSearchSessionGuid=a3cd6718a5962abc2f653259f6a8f554;Санкт-Петербург;sale;flat;3;17;1;35.58;14566975;Калининский;Финляндский;;Лесная;Аурум ЖК
ЛСР Санкт-Петербург;developer;https://spb.cian.ru/sale/flat/320178836/?context=4.qqI223vEmW8.gRvNYe77Tku2m_rKqXzaW5WFdwiAuwzXfc1sVyzTURHG3uAnZbBTAGg0hCoe6iQyhvtTKsalqu5UCg&mlSearchSessionGuid=a3cd6718a5962abc2f653259f6a8f554;Санкт-Петербург;sale;flat;18;21;2;54.6;10201464;Красногвардейский;Полюстрово;;Девяткино;Цветной Город ЖК
ФСК;developer;https://spb.cian.ru/sale/flat/334479817/?context=4.D8T6Yqdqc5M.EczrldpJPDH4Cq5FXV7R2wpziO-KpDtVy4STn5fYNZU4TK-jlgmngVjBeZmlMV2pCe52pINsFVReBg&mlSearchSessionGuid=a3cd6718a5962abc2f653259f6a8f554;Санкт-Петербург;sale;flat;4;10;3;111.16;68380630;Центральный;Смольнинское;;Площадь Александра Невского;Новгородская 8 ЖК
ПИК;developer;https://spb.cian.ru/sale/flat/310184398/?context=4.J9rxxevJgrA.lQSxYpwx8RrGaesByb8Rw68zUIRv_aIg6EDnCHeD66OHzRUVMGHUq6c5fkuUVg-poj7YpOYqn2NvGg&mlSearchSessionGuid=a3cd6718a5962abc2f653259f6a8f554;Санкт-Петербург;sale;flat;6;9;3;80.3;48541350;Адмиралтейский;набережная Обводного Канала;169;Балтийская;Лермонтовский 54
РосСтройИнвест;developer;https://spb.cian.ru/sale/flat/334465312/?context=4.yBjl-HPLLz0.uQmFduEDJdYvK-AtMb8VXZyNk1_4Z7TulcAGR4TwCGbJZyduV4uPY_srxhgmjz-Fzww3YAPql_P0kQ&mlSearchSessionGuid=a3cd6718a5962abc2f653259f6a8f554;Санкт-Петербург;sale;flat;8;17;3;74.92;31451346;Калининский;Финляндский;;Лесная;Аурум ЖК
Группа Аквилон;developer;https://spb.cian.ru/sale/flat/333955057/?context=4.wbo5shkRS7Q._tqL8XLano5Y30pNOfMaGnnMq3qD4JVyAC_xWy9fY_iYtjeSF1xspW6CSSomFmyjfUC_s0zQXqV-aQ&mlSearchSessionGuid=a3cd6718a5962abc2f653259f6a8f554;Санкт-Петербург;sale;flat;11;12;2;39.98;9979436;Пушкинский;;;Звездная;Аквилон Солар ЖК
ФСК;developer;https://spb.cian.ru/sale/flat/328132351/?context=4.GzbZ8Cab4aY.w41uRDKfnTIk4UD_nIIRaIECoudobmTj65fTrSrtpdwCYPziqwRrD0-9gDKYZ_DDWgt4JoK38GcCIw&mlSearchSessionGuid=a3cd6718a5962abc2f653259f6a8f554;Санкт-Петербург;sale;flat;5;10;1;40.22;24069860;Центральный;Смольнинское;;Площадь Александра Невского;Новгородская 8 ЖК
Строительный холдинг Сенатор;developer;https://spb.cian.ru/sale/flat/309824123/?context=4.-im6I-2E7ps.lmMpN0m6NWRmzLnIig0A_RL7UxL0Qrdt_TDoGNjZe8w0oOVX2U_8hc_DVCMSeZZBbOvlNn76OcSPGw&mlSearchSessionGuid=a3cd6718a5962abc2f653259f6a8f554;Санкт-Петербург;sale;flat;12;12;1;148.5;74185700;Курортный;Приморское шоссе;570Л;;МФК Морская ривьера
РК-Газсетьсервис;developer;https://spb.cian.ru/sale/flat/326296691/?context=4.FpPrXkP_yRY.6bRfztLH-HSjf7UkIPIXD-k64mfK2icDsxf2Ecr3RAngs1wH1ZBF-jVSHM6w1sRcUDPQqe_uE2SzDg&mlSearchSessionGuid=a3cd6718a5962abc2f653259f6a8f554;Санкт-Петербург;sale;flat;8;12;2;55.57;19894060;Приморский;Камышовая ;25;Комендантский проспект;YE'S Primorsky Комплекс Апартаментов
Л1 строительная компания №1;developer;https://spb.cian.ru/sale/flat/330637161/?context=4.gn7Q9UY7gZI.GoVN8RwhHOzkb1wM_AK_8BooPA2dUTPgUxx-fQ8bCrilI5xRgZPJTPuon_d6IISyZ7THdp6-_PR0PA&mlSearchSessionGuid=a3cd6718a5962abc2f653259f6a8f554;Санкт-Петербург;sale;flat;18;25;1;59.1;14993560;Выборгский; Руднева;18;Проспект Просвещения;Шекспир
Балтийская коммерция;developer;https://spb.cian.ru/sale/flat/326074422/?context=4.Ip5GuMNi4Ro.nEX--AZLLGNIfPmXK1uMwFg_SokyvmaV2tl0eCdnbTlymsCXFGiQDl9FjDk-kKBgWyJ_ncopqSUDJg&mlSearchSessionGuid=a3cd6718a5962abc2f653259f6a8f554;Санкт-Петербург;sale;flat;4;10;1;37.95;24857250;Центральный;Новгородская ;14;Площадь Александра Невского;Гильдия
Л1 строительная компания №1;developer;https://spb.cian.ru/sale/flat/330637176/?context=4.tny98mfPsN8.ZbxIcM6bfRIZTR6lxrcrCgnO-hX10mKa1YlxdcCCK0Kq1vwixg8N6u0Mt_pTgVOvJnn8XlxPUO-0OA&mlSearchSessionGuid=a3cd6718a5962abc2f653259f6a8f554;Санкт-Петербург;sale;flat;25;25;2;78.8;19552035;Выборгский; Руднева;18;Проспект Просвещения;Шекспир
ФСК;developer;https://spb.cian.ru/sale/flat/328717353/?context=4.vDPz9h11ClE.1jD7L812rno4yhe3kkQmCN-vnOvKcwVGZjvWyM0ditS4XiIL055kzbMd1Nw6d28jxYEwFYtiMkk3aA&mlSearchSessionGuid=a3cd6718a5962abc2f653259f6a8f554;Санкт-Петербург;sale;flat;9;10;4;142.17;112365552;Центральный;Смольнинское;;Площадь Александра Невского;Новгородская 8 ЖК
AAG;developer;https://spb.cian.ru/sale/flat/332060674/?context=4.tWDMR6LCL-c.dztggcvoIKn7I-orESiUNEMg3eFSdhYsxgUt6p4gTpeqFcs3GW_-9pF9hlEoOadLgyw6w6MN14mWtw&mlSearchSessionGuid=a3cd6718a5962abc2f653259f6a8f554;Санкт-Петербург;sale;flat;1;11;1;29.91;14772249;Красногвардейский;Магнитогорская ;11с1;Новочеркасская;Альпен
AAG;developer;https://spb.cian.ru/sale/flat/323514188/?context=4.vGiQcBYhGEg.1MkjCQlq2pRyXMK0hwPtsdaEmOaRHHvksno8IKfe-47VSvtAGim24WEPGDuO5ZA-FbagJLU_XjaayQ&mlSearchSessionGuid=a3cd6718a5962abc2f653259f6a8f554;Санкт-Петербург;sale;flat;1;7;2;105.9;43500000;Василеостровский;12-я Васильевского острова линия;41к2;Василеостровская;Амо
AAG;developer;https://spb.cian.ru/sale/flat/332060582/?context=4.Yjhkb5jPH0U.toN6aGyvfIpDYsKTpCNDXTSFTMXr5zH6WxP-xZz1KY1dLa3-d4M7-EbZYPAHBKpbzJ6KM_qTACAn4A&mlSearchSessionGuid=a3cd6718a5962abc2f653259f6a8f554;Санкт-Петербург;sale;flat;9;9;4;142.16;220376116;Петроградский;Пионерская ;53;Чкаловская;Avant
AAG;developer;https://spb.cian.ru/sale/flat/323513958/?context=4.70cC2FLlXsM.QKQCqX0wpJ54yInJyy7p7v2xzwXBH4xkcfFqz0YLBZcaW0ANFNbwmG-tWc4PYw_Ig1Pc4J7SME4ppA&mlSearchSessionGuid=a3cd6718a5962abc2f653259f6a8f554;Санкт-Петербург;sale;flat;7;9;4;128.88;125789715;Петроградский;Пионерская ;53;Чкаловская;Avant
AAG;developer;https://spb.cian.ru/sale/flat/332060682/?context=4.fZI0emwe_-8.kKcIZ-IIUnQp9OQfjU_WtafhcRS2L_1-h6ujSUJSp8PawYNwgkGN3ZGdsz1cOY6ZraB5FfA3JfHmKw&mlSearchSessionGuid=a3cd6718a5962abc2f653259f6a8f554;Санкт-Петербург;sale;flat;1;11;1;31.21;15067563;Красногвардейский;Магнитогорская ;11с1;Новочеркасская;Альпен
ЛСР Санкт-Петербург;developer;https://spb.cian.ru/sale/flat/331005916/?context=4.7XrdLpijM8g.1hXu0HJbXxURRNjbE_CvNFZ6ooqswyIJSuNspRUQrWnI3yooCk8zt9Si7WOEO31muU6pbROFjCOYUw&mlSearchSessionGuid=a3cd6718a5962abc2f653259f6a8f554;Санкт-Петербург;sale;flat;3;17;2;58.2;13880700;Красногвардейский;Полюстрово;;Академическая;Зеркальный ручей
ЛСР Санкт-Петербург;developer;https://spb.cian.ru/sale/flat/330999400/?context=4.Yi9AixHcMnQ.CreBRiKerpESE-rSfFuPqJkJtaISQr4pBAcC79TWgPsZW9FEQIl4p3VFUcg5bTsAGGlNQVqsWOzl5Q&mlSearchSessionGuid=a3cd6718a5962abc2f653259f6a8f554;Санкт-Петербург;sale;flat;9;23;1;37.3;7999731;Красногвардейский;Полюстрово;;Академическая;Зеркальный ручей
ЛСР Санкт-Петербург;developer;https://spb.cian.ru/sale/flat/318139564/?context=4.e-1rY3gRe8A.nXdIE0z42OjM8RjUCFQ7EO8k6AeVjzZKOGQYsV1DP9G-zG5RUaJRmWF84-OtLa4X4wm94v6YLs_MIA&mlSearchSessionGuid=a3cd6718a5962abc2f653259f6a8f554;Санкт-Петербург;sale;flat;21;23;2;65.27;24959901;Невский;;;Улица Дыбенко;Цивилизация на Неве
ЛСР Санкт-Петербург;developer;https://spb.cian.ru/sale/flat/323284618/?context=4.Fi_GRoW3nE8.ikQv2l772ZI2O-hiybblCDbe_Ok1eDASVvRuGzQT7hSRMYnd1VYYNSThjLA4mDCa43IN_SKV72Lifg&mlSearchSessionGuid=a3cd6718a5962abc2f653259f6a8f554;Санкт-Петербург;sale;flat;3;10;1;38.2;15474438;Красногвардейский;Большая Охта;;Ладожская;ЛСР Большая Охта ЖК
ЛСР Санкт-Петербург;developer;https://spb.cian.ru/sale/flat/327864626/?context=4.LpvR2ck75bQ.Akc4QtPLXeaMydIXT0hF-shoyUrmi6reH-q6AriV5q3vTghV98CmfwfObGGAQpHA0GZbNQrial3kBw&mlSearchSessionGuid=a3cd6718a5962abc2f653259f6a8f554;Санкт-Петербург;sale;flat;24;24;1;33.6;7163856;Красногвардейский;Полюстрово;;Девяткино;Пейзажный квартал Цветной Город ЖК
ЛСР Санкт-Петербург;developer;https://spb.cian.ru/sale/flat/333726015/?context=4.bBOZ9bUXL1k.wfToLTlB7CHhGf69kgUEEzD1qnfTGCVPHCe5XtzD2TvGV6xxAX2mWXfV1NAb3heSfGw3PPpC3uLnmQ&mlSearchSessionGuid=a3cd6718a5962abc2f653259f6a8f554;Санкт-Петербург;sale;flat;13;25;1;37.1;10961937;Невский;Октябрьская набережная ЖК;;Ломоносовская;Октябрьская набережная ЖК
ЛСР Санкт-Петербург;developer;https://spb.cian.ru/sale/flat/333732991/?context=4.ClYIrtUqcOg.9ht5Jy6AptrrRhpyFwG8xLwQITbjVnZdETKsq6a5o1v5MnY1S8_MqLXOCNDFPIkzSB6W9NcMXEymNg&mlSearchSessionGuid=a3cd6718a5962abc2f653259f6a8f554;Санкт-Петербург;sale;flat;20;21;1;31.2;6966648;Красногвардейский;Полюстрово;;Лесная;Ручьи ЖК
ЛСР Санкт-Петербург;developer;https://spb.cian.ru/sale/flat/318135043/?context=4.X7ZB7UsrchI.7lsZOlU-isAsuGYdMJsKXD24e-jBR2GcH1_gEjofIT581mFxapMi9pgqcHH0tyuYuGd6rV0n8T1L5Q&mlSearchSessionGuid=a3cd6718a5962abc2f653259f6a8f554;Санкт-Петербург;sale;flat;6;8;3;87.7;51436050;Петроградский;Ремесленная ;15;Спортивная;NEVA RESIDENCE
БФА-Девелопмент;developer;https://spb.cian.ru/sale/flat/302587979/?context=4.TJiFLnbba_o.y3bgtMtXz_t5dxPAVxxkP95BQNGLJ2B6tLTPdC8trDs1Dc1qji7EmO0BQYXDbBBPAylsQ6pCOuKLuw&mlSearchSessionGuid=a3cd6718a5962abc2f653259f6a8f554;Санкт-Петербург;sale;flat;15;24;2;70.18;20355000;Красносельский;Ленинский проспект;39с1;Юго-Западная;Огни Залива
КВС;developer;https://spb.cian.ru/sale/flat/327396896/?context=4.ghFLW46qxJM.f_Zq9mlYw9Vg2AGdVJwLubTXqcf62vpNj1XQWmICRyeozjzpe5hWfAzPIndjkUafoZY1bPjDu27ivQ&mlSearchSessionGuid=a3cd6718a5962abc2f653259f6a8f554;Санкт-Петербург;sale;flat;11;13;2;62.6;;Московский;Московское шоссе;19к4Е;Звездная;Квартал бизнес-класса М36
ЛСР Санкт-Петербург;developer;https://spb.cian.ru/sale/flat/318140187/?context=4.b7WCmYmM9yk.g1D04bYRWLYwLslHKJoBrlwJ9ECWuLJRTa3L7Pm2HRxWd0B1xdMsi4caaGHUE-2Umb2K_P1RHKTngw&mlSearchSessionGuid=a3cd6718a5962abc2f653259f6a8f554;Санкт-Петербург;sale;flat;16;18;1;37.42;13875336;Невский;;;Улица Дыбенко;Цивилизация на Неве
ЛСР Санкт-Петербург;developer;https://spb.cian.ru/sale/flat/318837574/?context=4.CnaulED_o5c.HBZjQtEui_kXiODuacGAJez0STHDEruW-cDvO_ht7E9U7W0k-fZQUauJBufhNBVyekg8brECslMbSQ&mlSearchSessionGuid=a3cd6718a5962abc2f653259f6a8f554;Санкт-Петербург;sale;flat;13;22;2;51.0;11016000;Красногвардейский;Полюстрово;35к2;Девяткино;Пейзажный квартал
Росстройинвест;developer;https://spb.cian.ru/sale/flat/334467625/?context=4.-ogTXITz-4M.nN-fUFx96ca1IweRjZuEdVMKFqPcPxyJbh-Ce4zvYXfQHNCeXgQsTfbrXoL0NLpIQ26ncrT7M12PiA&mlSearchSessionGuid=a3cd6718a5962abc2f653259f6a8f554;Санкт-Петербург;sale;flat;8;13;3;79.12;32235591;Фрунзенский;Волковское;;Бухарестская;Гранат ЖК
ЛСР Санкт-Петербург;developer;https://spb.cian.ru/sale/flat/315068056/?context=4.Wv9CKJAX1qQ.kYTmPShhrD2ZWNkoZllZdE8KoHKYGiF5pEKDK-v4jsBNX0hUTXnDNhFohzZ5DCCNR4Rs8qedDW6GSQ&mlSearchSessionGuid=a3cd6718a5962abc2f653259f6a8f554;Санкт-Петербург;sale;flat;15;22;1;34.1;11435094;Невский;;;Улица Дыбенко;Дыбенко Парк
ПИК;developer;https://spb.cian.ru/sale/flat/310184398/?context=4.UPD7TAjaLd8.u3S-7DkaIK1YD9L7J3M0frY-Nebz0YyXRz1ERrwEc7ClWv_Ozn88nGRZZl9bJNDPJVK-yUCF26M6wA&mlSearchSessionGuid=a3cd6718a5962abc2f653259f6a8f554;Санкт-Петербург;sale;flat;6;9;3;80.3;48541350;Адмиралтейский;набережная Обводного Канала;169;Балтийская;Лермонтовский 54
ГК ПСК;developer;https://spb.cian.ru/sale/flat/334434687/?context=4.ARKeft4XwII.yUW5AGdLpHaCmpmeb_DeDB8qE_PYaWt_kONg1l1GdlxBgvc7OvlkY3sqVCWLtg8SHnox_Mk_8ppLZQ&mlSearchSessionGuid=a3cd6718a5962abc2f653259f6a8f554;Санкт-Петербург;sale;flat;4;12;2;62.74;26523335;Василеостровский;Гавань;;Горный институт;Галерная гавань ЖК
ГК ПСК;developer;https://spb.cian.ru/sale/flat/332533124/?context=4.VrbsyxRYWX4.J1hjDh4sTYZ2ghx0QYY3V2Mvo9y2Q914yQd6AV9vaNyrYtqqQaAOdwAC7Bra39yhncAaMn3owZo4Eg&mlSearchSessionGuid=a3cd6718a5962abc2f653259f6a8f554;Санкт-Петербург;sale;flat;1;12;2;75.71;27652017;Василеостровский;24-я Васильевского острова линия;31;Горный институт;Ассамблея
LEGENDA Development;developer;https://spb.cian.ru/sale/flat/329983996/?context=4.9roX2w_luhM.ATDZ_J8gog_rR7RA7F9YkBdQGVJ-IABgUigBvAisqQ55Oq2t3Zsg1_aGhlc1T6zeLgU6haXs2uzXrA&mlSearchSessionGuid=a3cd6718a5962abc2f653259f6a8f554;Санкт-Петербург;sale;flat;5;10;1;37.1;20587940;Василеостровский;Гавань;к1;Горный институт;Легенда Васильевского ЖК
КВС;developer;https://spb.cian.ru/sale/flat/324614379/?context=4.epwLr2E1SAY._mSEgiihOeJCR3sB4RMg5D-R0XaVPSEjzVwGZDG1ogBgRgcAHo8WYq9INPIvsTSQoC2dOxel2zDvQw&mlSearchSessionGuid=a3cd6718a5962abc2f653259f6a8f554;Санкт-Петербург;sale;flat;2;4;2;54.03;;Пушкинский;;;Купчино;Дубровский ЖК
Балтийская коммерция;developer;https://spb.cian.ru/sale/flat/326074450/?context=4.nTlNQFqqM3c.fzFlKYtafHDouqpTaE6qZYoLD86Tsfba4ngauPG8m8QH6VsFbA2rJDKqYuAZSdW_QMDW37GLFg_dsA&mlSearchSessionGuid=a3cd6718a5962abc2f653259f6a8f554;Санкт-Петербург;sale;flat;5;10;3;91.41;59873550;Центральный;Новгородская ;14;Площадь Александра Невского;Гильдия
ГК ПСК;developer;https://spb.cian.ru/sale/flat/332533124/?context=4.izLUUsdFbCI.A8ZghegUYMg5eFgYlVJHI6aYaSpNzK26VpKRX_UyluezL19qZnSbtWcOj2wawM0jYfRdZia5w9giBQ&mlSearchSessionGuid=a3cd6718a5962abc2f653259f6a8f554;Санкт-Петербург;sale;flat;1;12;2;75.71;27652017;Василеостровский;24-я Васильевского острова линия;31;Горный институт;Ассамблея
Балтийская коммерция;developer;https://spb.cian.ru/sale/flat/326074305/?context=4.32YFZ6cNd-g.Tdomj3KFqv3fE96HnlwY-2roKuGVzX0RBV-tWIe4fUZr1cOjs9ogA_4AqxKtalZSyIG0900JXonTRw&mlSearchSessionGuid=a3cd6718a5962abc2f653259f6a8f554;Санкт-Петербург;sale;flat;6;10;2;93.25;58747500;Центральный;Новгородская ;14;Площадь Александра Невского;Гильдия
Дом на Бронницкой;developer;https://spb.cian.ru/sale/flat/330137181/?context=4.cQAw0EdGS5c.mWRR9Eb9sFRVz4FXxOiEfx-BJX8b55f7KaVD_b_A-6mCj4DhP68lXqzj87SyqcY-e-NmC94cot6X-w&mlSearchSessionGuid=a3cd6718a5962abc2f653259f6a8f554;Санкт-Петербург;sale;flat;3;9;2;91.5;35214212;Адмиралтейский;Бронницкая ;11;Технологический институт;Дом на Бронницкой
РосСтройИнвест;developer;https://spb.cian.ru/sale/flat/334465917/?context=4.DyVHF9QybK4.5-yADA4dHvDQ7lPW5JqgAs6BK3NmHToxft6vMGdp6FvsfylQAvNE2Yg7efWPsKEq_DAU9mkSO4YsQA&mlSearchSessionGuid=a3cd6718a5962abc2f653259f6a8f554;Санкт-Петербург;sale;flat;12;17;2;57.84;24469617;Калининский;Финляндский;;Лесная;Аурум ЖК
ТРЕСТ;developer;https://spb.cian.ru/sale/flat/327196107/?context=4.RQqTW5CPKII.FmIGXy6xeR8IQozSAyp9M-nt4Eo1cPKZGIWH-JBPphUnhzPFEG4dugaj7CDSi_VdOi5EMdE0cj9XCQ&mlSearchSessionGuid=a3cd6718a5962abc2f653259f6a8f554;Санкт-Петербург;sale;flat;9;13;3;70.7;27998000;Василеостровский; Шкиперский проток;19;Приморская;Парусная 1
LEGENDA Development;developer;https://spb.cian.ru/sale/flat/330713327/?context=4.mshqKsOFlmg.uk465kK68dnG7gJGngVHhwk7Wi5inEKCS9-Z3Hj70Pqdu-twdR3MmlP8h2TJaFYd5xtDEjdls8wZSg&mlSearchSessionGuid=a3cd6718a5962abc2f653259f6a8f554;Санкт-Петербург;sale;flat;2;14;2;69.0;34551198;Красногвардейский;Большая Охта;;Новочеркасская;Магнифика ЖК
ПИК;developer;https://spb.cian.ru/sale/flat/332703455/?context=4.Nt1aA8xUHJA.64jYNrprO2cE138TY_M83ewyDOEMNsgPvWJ21YT0Pngsy3vaPemXrDYxAoR74hqgs6DlMiZc0A9d0w&mlSearchSessionGuid=a3cd6718a5962abc2f653259f6a8f554;Санкт-Петербург;sale;flat;8;12;3;84.2;37586880;Василеостровский;Гавань;к2;Горный институт;Шкиперский 19 ЖК
Балтийская коммерция;developer;https://spb.cian.ru/sale/flat/326074414/?context=4.zzje6ANayNk.7b0AjeLQklkk2KLLIyoTQB3AQRh84IhqMu6UE9q6L73LGcqmte6mQ8fbHOKI3n2yhXllzUaJem1hfw&mlSearchSessionGuid=a3cd6718a5962abc2f653259f6a8f554;Санкт-Петербург;sale;flat;2;10;3;103.81;64362200;Центральный;Новгородская ;14;Площадь Александра Невского;Гильдия
ГК ПСК;developer;https://spb.cian.ru/sale/flat/334435321/?context=4.3eE4PPRk_o8.dbRz2CKxcgo8vSXnMcmfvHJJpIPvbx8yx8b2yHQ1r91sgiyIFqTe6De8-b-0VvVTqJQHw5cfECDouw&mlSearchSessionGuid=a3cd6718a5962abc2f653259f6a8f554;Санкт-Петербург;sale;flat;3;12;3;89.06;37388991;Василеостровский;24-я Васильевского острова линия;31;Горный институт;Ассамблея
Брусника;developer;https://spb.cian.ru/sale/flat/333581370/?context=4.GhRGUzbbLM8.7L6GRfrvzG5BqDc6ZqmKEQrmcBMo_elUlGyhfGcVlr4jmr_ZHIG7fIYKTG5WY6wSwr6LwXHTEofS3A&mlSearchSessionGuid=a3cd6718a5962abc2f653259f6a8f554;Санкт-Петербург;sale;flat;5;9;2;92.27;33490000;Василеостровский;Морской;;Приморская;Северный Ветер ЖК
ЛСР Санкт-Петербург;developer;https://spb.cian.ru/sale/flat/318140187/?context=4.erfMfuQtMoQ.tskIWQdFBvo383y2R02l_pJyCq0KH8cujLxuC6Fg86U4kiBOb5CAdTdyjwba2UsObq954ytaW3mX-A&mlSearchSessionGuid=a3cd6718a5962abc2f653259f6a8f554;Санкт-Петербург;sale;flat;16;18;1;37.42;13875336;Невский;;;Улица Дыбенко;Цивилизация на Неве
Брусника;developer;https://spb.cian.ru/sale/flat/316603067/?context=4.UY2yqOZJjm8.oNt2C6jPbkFxR-6uc-PSIwhizXtXBIJugZMVwGr2U6TdHuOk6U5bZqox98NXVQ4CoONCUNI2JOC_1A&mlSearchSessionGuid=a3cd6718a5962abc2f653259f6a8f554;Санкт-Петербург;sale;flat;5;7;3;94.04;34690000;Василеостровский;Морской;;Приморская;Северный Ветер ЖК
Дом на Бронницкой;developer;https://spb.cian.ru/sale/flat/330137104/?context=4.Jr3b6Srx-Zk.vpCxXOBLODJ_VHferdjinLVy5qQP7txDBzdxdi5H4t6WxJsGYid-dDVtKDdWgu9D9QxsuSdej3WBWQ&mlSearchSessionGuid=a3cd6718a5962abc2f653259f6a8f554;Санкт-Петербург;sale;flat;3;9;3;105.7;41125707;Адмиралтейский;Бронницкая ;11;Технологический институт;Дом на Бронницкой
Ленстройтрест;developer;https://spb.cian.ru/sale/flat/334059574/?context=4.JZxgmGvVEkE.8c5ebtmhAm0r_eQ6udcf-qSe1MZBA-kwSU3ebFXlmBYFi3sIhVtqq2N8wJVncAvXNk20mUZjVLhQFw&mlSearchSessionGuid=a3cd6718a5962abc2f653259f6a8f554;Санкт-Петербург;sale;flat;6;17;1;41.57;17197509;Фрунзенский;Софийская ;61к2;Проспект Славы;ЛИГГАТ
БФА-Девелопмент;developer;https://spb.cian.ru/sale/flat/302588417/?context=4.-pmvJJdEkmc.Ui7nU4WZgUIRNbXrvoPs5nRUh3px_rGNRVBAixyyXhLjCRBcKVtj1ehCOxcF4CV-5xibj1JGbb4s0w&mlSearchSessionGuid=a3cd6718a5962abc2f653259f6a8f554;Санкт-Петербург;sale;flat;6;24;3;87.42;24625000;Красносельский;Ленинский проспект;39с2;Юго-Западная;Огни Залива
СЗ 17-я Линия;developer;https://spb.cian.ru/sale/flat/331576280/?context=4.mSfFFMBjiD0.uSz_N7-4jKQB0ZY5ZoXJ0E5DhrvUrUFepTEu3xoLqQtemg8nz90mdkSTamQMBaQCnzEbwQweUYLApw&mlSearchSessionGuid=a3cd6718a5962abc2f653259f6a8f554;Санкт-Петербург;sale;flat;2;10;3;83.79;35245000;Василеостровский;17 линия ЖК;;Василеостровская;17 линия ЖК
ЛСР Санкт-Петербург;developer;https://spb.cian.ru/sale/flat/333459677/?context=4.XfLA15mSDZ8.ww3KY-d2fSdEnKC6XxbfEKfLxPnq72POsJbPneOJmnOoNSw3lWL7dYFG9KLp05P02gONBS4kOnBC0Q&mlSearchSessionGuid=a3cd6718a5962abc2f653259f6a8f554;Санкт-Петербург;sale;flat;18;23;2;47.16;17092199;Красносельский;Юго-Запад;;Юго-Западная;Морская миля ЖК
LEGENDA Development;developer;https://spb.cian.ru/sale/flat/328020602/?context=4.0sSKRHe9gVE.jKBj-VQSUkOislSy2fvT8mp906dLH6gJGP8QqbcFfIvYI8Q1CHLX8Ev8ll9myauhc3jTdmHTiSysUw&mlSearchSessionGuid=a3cd6718a5962abc2f653259f6a8f554;Санкт-Петербург;sale;flat;3;10;1;38.65;19632307;Василеостровский;Гавань;к1;Горный институт;Легенда Васильевского ЖК
ГК ПСК;developer;https://spb.cian.ru/sale/flat/334455359/?context=4.NX9RogqpHdA.MON5faqj_ybTy57rwSff7m5F19QwX2Im4EnmO8EvPjdYTAYgs384_cXmRKxqY8z8k2AOODIoLFYQHw&mlSearchSessionGuid=a3cd6718a5962abc2f653259f6a8f554;Санкт-Петербург;sale;flat;11;12;1;29.62;13654820;Фрунзенский; Фучика;21;Бухарестская;Оптимист
Брусника;developer;https://spb.cian.ru/sale/flat/316697198/?context=4.Ll0ZtfkjTuI.R3O5m8VKlqeGGRvBV1AP3ljHVUR-P_bf8NAuFjstBlBvwJ63qzEZoAYX_rADc-eFEfT4cwSfF63QzQ&mlSearchSessionGuid=a3cd6718a5962abc2f653259f6a8f554;Санкт-Петербург;sale;flat;3;10;3;110.05;39150000;Василеостровский;Морской;;Приморская;Северный Ветер ЖК
ГК ПСК;developer;https://spb.cian.ru/sale/flat/334434790/?context=4.z_pDjOFOu9A.qFIOveyG-9gDSH7DDre4h-KMY6cEFiVEKJfB0qPiFNif7bIY1nEoXu0hxg4GJpIfTpGPBU5YkvvVJQ&mlSearchSessionGuid=a3cd6718a5962abc2f653259f6a8f554;Санкт-Петербург;sale;flat;4;12;1;47.79;21531784;Василеостровский;Гавань;;Горный институт;Галерная гавань ЖК
Балтийская коммерция;developer;https://spb.cian.ru/sale/flat/326074250/?context=4.71jJQKCR3RI.pYr-ID7Tb0sg3-r1tqDZY6FqjzZGrxWG9pw6DPpcn-cDEiVI5khocujFdq5125yLZTIOpV_iVIbTDA&mlSearchSessionGuid=a3cd6718a5962abc2f653259f6a8f554;Санкт-Петербург;sale;flat;3;10;2;80.04;48824400;Центральный;Новгородская ;14;Площадь Александра Невского;Гильдия
ЛСР Санкт-Петербург;developer;https://spb.cian.ru/sale/flat/333732786/?context=4.aUmUjRa0M4o.ck7OpZMBNnxLPkURB89_caR2IpYZpSchifAMwj-vRUnXUkIt4BgY-KdpewKIJilDLcsgasd_mfbuLw&mlSearchSessionGuid=a3cd6718a5962abc2f653259f6a8f554;Санкт-Петербург;sale;flat;9;21;2;51.1;12150558;Красногвардейский;Полюстрово;;Лесная;Ручьи ЖК
Брусника;developer;https://spb.cian.ru/sale/flat/316602962/?context=4.HczjkpGnaY4.0doWbVMtaFaEj2r3NCAR-HbPpasgVbRvl0qEKRwNN4-9A70eoG-yrFKRc5lbneVgB_6FFHS-p0pSrA&mlSearchSessionGuid=a3cd6718a5962abc2f653259f6a8f554;Санкт-Петербург;sale;flat;13;16;1;69.86;26430000;Василеостровский;Морской;;Приморская;Северный Ветер ЖК
Л1 строительная компания №1;developer;https://spb.cian.ru/sale/flat/330637414/?context=4.BAwuayGwL7w.MzdXc3XSb5pSx-JlCVreRmVajWQVP6a9ADigRujneQGtHvxaUqidrvlJlYfVCbOWwNyn0NyASaCmjA&mlSearchSessionGuid=a3cd6718a5962abc2f653259f6a8f554;Санкт-Петербург;sale;flat;8;13;3;105.3;35900656;Фрунзенский;Балканский;;Купчино;Антверпен
Л1 строительная компания №1;developer;https://spb.cian.ru/sale/flat/330637414/?context=4.ChqY45Fm_io.cCz99JYyMCpbKHlUD6vZpvx5ClaC0A-CsDxO5PJ3NQ_w6RdvNYYq4_qcYaw08bJMf45b0_LCG_AG0A&mlSearchSessionGuid=a3cd6718a5962abc2f653259f6a8f554;Санкт-Петербург;sale;flat;8;13;3;105.3;35900656;Фрунзенский;Балканский;;Купчино;Антверпен
Ленстройтрест;developer;https://spb.cian.ru/sale/flat/334059546/?context=4.v9hZZ33RLa8.c5hoo9AW5rrcbSYnqyKJazoEJ1mG1Do67Y16siaqYIuh4sM_P7cl_XP9MdHWEMvfbafqkYxvuycG2A&mlSearchSessionGuid=a3cd6718a5962abc2f653259f6a8f554;Санкт-Петербург;sale;flat;11;17;3;80.11;37787887;Фрунзенский;Софийская ;61к2;Проспект Славы;ЛИГГАТ
ТРЕСТ;developer;https://spb.cian.ru/sale/flat/295198867/?context=4.FW2DuNbiyQs.3snN13VP7Vq2NOnWFtRCl0NPuEAYRazZNadahpOW0yrh2umuKUl3XIl3EXzi6DIasfvHEHefjJKFNQ&mlSearchSessionGuid=a3cd6718a5962abc2f653259f6a8f554;Санкт-Петербург;sale;flat;2;6;2;65.7;25663000;Василеостровский; Шкиперский проток;19;Приморская;Парусная 1
СЗ 17-я Линия;developer;https://spb.cian.ru/sale/flat/331576571/?context=4.tlNJ_GQXNIA.H-yMYVKXDglAEbXYlslF2DpGF4L-LXxJccQrrgmQWYrXtLUtXun6Y66P5xOE9UZ9auP0X37mcGhMWQ&mlSearchSessionGuid=a3cd6718a5962abc2f653259f6a8f554;Санкт-Петербург;sale;flat;6;10;3;86.14;38190000;Василеостровский;17 линия ЖК;;Василеостровская;17 линия ЖК
ГК ПСК;developer;https://spb.cian.ru/sale/flat/334434687/?context=4.c2VljmwLBz8.C8A9SMAW80XCZ5Oid6SZBr0xUVGsakMll0m5_Ldeg8PMYVyZPWeMyRVtO8c46_JNzD0VsfmaNSoznQ&mlSearchSessionGuid=a3cd6718a5962abc2f653259f6a8f554;Санкт-Петербург;sale;flat;4;12;2;62.74;26523335;Василеостровский;Гавань;;Горный институт;Галерная гавань ЖК
СЗ Euroinvest Development;real_estate_agent;https://spb.cian.ru/sale/flat/333948051/?context=4.0VoNksWzZqk.6E4HAhPkVt5KbbpmyOdG2m8BzRrqiiNa4LIllUlda-AeO29NgUZGLd0W_DkUJ57FSPBUMlJxgB4CtQ&mlSearchSessionGuid=a3cd6718a5962abc2f653259f6a8f554;Санкт-Петербург;sale;flat;3;6;3;87.83;52698000;Петроградский; Профессора Попова;;Петроградская;ID Petrogradskaya
ЛСР Санкт-Петербург;real_estate_agent;https://spb.cian.ru/sale/flat/334040126/?context=4.eU8sMX3uoSU.DAJqwdrpYo_2bwLZLlepxMyYbpb5lhGgYnkUFXBwmd_W8Kdoq2gkUASwtAi0OHbAn1j5H5usCVBtFA&mlSearchSessionGuid=a3cd6718a5962abc2f653259f6a8f554;Санкт-Петербург;sale;flat;2;7;2;67.03;47796680;Центральный;Синопская набережная;56с3;Площадь Александра Невского;Нева Арт
СЗ Euroinvest Development;real_estate_agent;https://spb.cian.ru/sale/flat/333947872/?context=4.W_LF8l8Accs.Oy67CEbpQ2bdYfKM0zDZuy1NI2vL_D6uft7LF8KR4ntUcxSxzULPDQBlMBInzrbSp88fXZGOkCLn8w&mlSearchSessionGuid=a3cd6718a5962abc2f653259f6a8f554;Санкт-Петербург;sale;flat;4;6;3;89.38;53628000;Петроградский; Профессора Попова;;Петроградская;ID Petrogradskaya
ЛСР Санкт-Петербург;developer;https://spb.cian.ru/sale/flat/318135043/?context=4.dH_sdZHoIvw.jybrJzb5wLsbwq0HoIEOnv4sbGe1zc5_nVL3vxbkBNruDT9MM76sA9hVQ_MFzFywpkcCbaWuBLxyQA&mlSearchSessionGuid=a3cd6718a5962abc2f653259f6a8f554;Санкт-Петербург;sale;flat;6;8;3;87.7;51436050;Петроградский;Ремесленная ;15;Спортивная;NEVA RESIDENCE
Ленстройтрест;developer;https://spb.cian.ru/sale/flat/334059645/?context=4.i3kGUdKH94s.VvVGqNr-KA7dRwXBaigu7kjJRaFeV9wk4xWkVTshsA3tjZo-E8v5P0S2O75fDTUlOBcBgekJOs9Q0A&mlSearchSessionGuid=a3cd6718a5962abc2f653259f6a8f554;Санкт-Петербург;sale;flat;2;17;1;38.55;16792380;Фрунзенский;Софийская ;61к2;Проспект Славы;ЛИГГАТ
КВС;developer;https://spb.cian.ru/sale/flat/319861231/?context=4.mp7JafOaidE.67rUZoQwlRxKY8QPMim8x1GRyblznvAsbFsoKn6V8wj19eZRpJ_R1JRC3kgiBILAbsS-qHeZhIRHAg&mlSearchSessionGuid=a3cd6718a5962abc2f653259f6a8f554;Санкт-Петербург;sale;flat;7;10;2;56.62;23712003;Фрунзенский;Волковское;;Обводный канал;Дом на Курской
Л1 строительная компания №1;developer;https://spb.cian.ru/sale/flat/330637296/?context=4.rlI23aJxIgA.kM-mmgELSKLvvoBi_lzu3ENpXa8jysuj1Lq-5ZgahNSjspDXVRMXGxLtjrQ5gSf5ngsNLuYzHgNUuw&mlSearchSessionGuid=a3cd6718a5962abc2f653259f6a8f554;Санкт-Петербург;sale;flat;7;13;2;63.6;23786307;Фрунзенский;Балканский;;Купчино;Антверпен
Группа Аквилон;developer;https://spb.cian.ru/sale/flat/333955081/?context=4.OYUqnH0QlP4.6PmaxPExO5SllchnQI7Ydh-SKHwgVS6atjuPq7zqs6oigXbnuw3AEUZ3lZuwi5RwIgT-qdNprLGzeg&mlSearchSessionGuid=a3cd6718a5962abc2f653259f6a8f554;Санкт-Петербург;sale;flat;9;12;3;61.25;12533121;Пушкинский;;;Звездная;Аквилон Солар ЖК
КВС;developer;https://spb.cian.ru/sale/flat/324614626/?context=4.KtkFPkXoNmc.oKXbfqHkJVbuAskeGN3wRriAxnP1Bda5R33w3_ZoTkE_xA9-az7vZ5tVLz5JxP78usYF64UPQSjTnw&mlSearchSessionGuid=a3cd6718a5962abc2f653259f6a8f554;Санкт-Петербург;sale;flat;3;4;3;76.18;;Пушкинский;;;Купчино;Дубровский ЖК
КВС;developer;https://spb.cian.ru/sale/flat/327397003/?context=4.64AF5ZFSNcI.8CGYMDE-UtV_WlChpS6DWjwguO9_PPMhs6Qs9h6VlWmb8bXyZWU0QjSBpNahZ-xT8bzRhY37cBpcxQ&mlSearchSessionGuid=a3cd6718a5962abc2f653259f6a8f554;Санкт-Петербург;sale;flat;6;13;3;82.7;;Московский;Московское шоссе;19к4Е;Звездная;Квартал бизнес-класса М36
ЛСР Санкт-Петербург;developer;https://spb.cian.ru/sale/flat/318140483/?context=4.Oy4erkNc7rE.fwzXyj1s_NrmADpCBMxHHd7gzJ93EhKXwwNdRxaeM0kSXK7PJZbC1AkwsECAT5IIpXC9fT8QxNILdQ&mlSearchSessionGuid=a3cd6718a5962abc2f653259f6a8f554;Санкт-Петербург;sale;flat;9;9;2;74.9;47127080;Петроградский;Петровский проспект;9к2;Крестовский остров;NEVA HAUS
Унистрой;developer;https://spb.cian.ru/sale/flat/323954870/?context=4.hstj-8t4fy0.3tZZhmGeu_Q1gFcPMZTecHBd_SufTv8wjWXeHAPb5hXgq8kVGFjnfgOaPmdupQvE4HDt1kMiFHNvug&mlSearchSessionGuid=a3cd6718a5962abc2f653259f6a8f554;Санкт-Петербург;sale;flat;4;5;2;58.02;18810000;Курортный;;;Зенит;Лисино
ЛСР Санкт-Петербург;developer;https://spb.cian.ru/sale/flat/318140364/?context=4.L35H709hPSU.CbNHRqrIiC5i4f4fapX42S2qckvL-ZEExeHyRvw-s_bZoPIJ9QQBcllE4XgxUZcrEbHw6SJugBtOzg&mlSearchSessionGuid=a3cd6718a5962abc2f653259f6a8f554;Санкт-Петербург;sale;flat;8;9;3;155.4;91375200;Петроградский;Петровский проспект;9к2;Крестовский остров;NEVA HAUS
ТРЕСТ;developer;https://spb.cian.ru/sale/flat/324423228/?context=4.xOHaEyFYz5U.yB-WODHzXH4vnc5ARegMfbC1tXqBoAPGrFd_0uhxDXdFne4HZl06ESBzJ70FSwpNpiQgNvnmY4fjNg&mlSearchSessionGuid=a3cd6718a5962abc2f653259f6a8f554;Санкт-Петербург;sale;flat;21;24;1;42.56;11241000;Невский;Народный;;Ломоносовская;Речной квартал ЖК
Росстройинвест;developer;https://spb.cian.ru/sale/flat/334465928/?context=4.AiTmDXLbWM8.1Lu3aR3fCvLHp5cv9_k0Nw7aL3hoN7hhS7yU9Gm1nsLH8Fl2rpFW_e3DPMrPeXSz50rCemV267LKxw&mlSearchSessionGuid=a3cd6718a5962abc2f653259f6a8f554;Санкт-Петербург;sale;flat;13;13;2;52.64;23788964;Фрунзенский;Волковское;;Бухарестская;Гранат ЖК
ЛСР Санкт-Петербург;developer;https://spb.cian.ru/sale/flat/318139960/?context=4.dmdRKai-_I8.fn_AHgWICrKJG4XYJoPZv9RcdAEsg3enB1KrWBpTKcLXajRoGg_-HLRdhXtQFJq7fsaf4b28yB5V7Q&mlSearchSessionGuid=a3cd6718a5962abc2f653259f6a8f554;Санкт-Петербург;sale;flat;15;18;3;83.52;28488672;Невский;;;Улица Дыбенко;Цивилизация на Неве
ЛСР Санкт-Петербург;developer;https://spb.cian.ru/sale/flat/325801281/?context=4.bqlUsRED3ac.gGwAPqPAdcyT2VNJOZb0t9Icw3rc5WW-s8MLhDLASGc0pXE-acOKc98uwRy0J_ju4F3HMkOby0lCYg&mlSearchSessionGuid=a3cd6718a5962abc2f653259f6a8f554;Санкт-Петербург;sale;flat;4;10;3;69.0;27460620;Красногвардейский;Большая Охта;;Ладожская;ЛСР Большая Охта ЖК
Унистрой;developer;https://spb.cian.ru/sale/flat/323954525/?context=4.DFCKFG-8krs.X6AZpsCybiqalmmaQFrP6uTTtygqbnMSd7JjL9lO1x3RGnolPxtcRUwD_FAnypZGYgBNaQGsDRDjZg&mlSearchSessionGuid=a3cd6718a5962abc2f653259f6a8f554;Санкт-Петербург;sale;flat;3;5;3;88.05;26816000;Курортный;;;Зенит;Лисино
Росстройинвест;developer;https://spb.cian.ru/sale/flat/334467625/?context=4.Q4xMbN1g2uU.Dwh7qlVnh4LMMgHzJ7wUinGTBErYCSrM9urGj40bUd4nlrVXYpKtQNKVXBVO5IAYKRNPnagcoHTb_w&mlSearchSessionGuid=a3cd6718a5962abc2f653259f6a8f554;Санкт-Петербург;sale;flat;8;13;3;79.12;32235591;Фрунзенский;Волковское;;Бухарестская;Гранат ЖК
ТРЕСТ;developer;https://spb.cian.ru/sale/flat/324422666/?context=4.mptKYEUYnmU.0me0ypA8gpbMXc1O0rnImI8CU0jsx-uuRYtOB3Cgh4uA30Oe72LHHggxSmcgW0Fu5lZnvxqA8npTTw&mlSearchSessionGuid=a3cd6718a5962abc2f653259f6a8f554;Санкт-Петербург;sale;flat;21;24;2;64.41;16234000;Невский;Народный;;Ломоносовская;Речной квартал ЖК
ГК ПСК;developer;https://spb.cian.ru/sale/flat/334434724/?context=4.eev5N1qDpn4.NryH_aG8zNfDSVMl2mtdiyNXtl3G4rVSpz0goQLVStQzYQ0J0D4jwEqeKP2xRYs8EnlbsPW6aGfxdQ&mlSearchSessionGuid=a3cd6718a5962abc2f653259f6a8f554;Санкт-Петербург;sale;flat;3;12;3;85.0;33273250;Василеостровский;Гавань;;Горный институт;Галерная гавань ЖК
ПИК;developer;https://spb.cian.ru/sale/flat/325352570/?context=4.TIYDq7ghgsM.0f8g3Ni_ajK265nhdKIrNcQtF_KgoBQVIA2FWM-DWf9aDwIRAD_gbn4TJF6VyampYE2AkiXrMClIug&mlSearchSessionGuid=a3cd6718a5962abc2f653259f6a8f554;Санкт-Петербург;sale;flat;7;9;2;55.1;34773610;Адмиралтейский;набережная Обводного Канала;169;Балтийская;Лермонтовский 54
ЛСР Санкт-Петербург;developer;https://spb.cian.ru/sale/flat/318141368/?context=4.NnXVosjNJ38.77yRV6T4qoLxNLZsJif59P4dXWedbrQtFEuS2NakuzIL9Ejxho92oD54bWOJJEvXj8YYCojWpWxpQw&mlSearchSessionGuid=a3cd6718a5962abc2f653259f6a8f554;Санкт-Петербург;sale;flat;18;23;1;35.74;11065104;Красносельский;Юго-Запад;;Юго-Западная;Морская миля ЖК
Адмирал;real_estate_agent;https://spb.cian.ru/sale/flat/334222425/?context=4.ZXX6Gd6bftQ.Z96S4p-vM79JiZ5dlHpk3bPY7LcgZkZbYL9U5XdNt28kqgzp72xzPj3YER3wXEqeG63I7i0ljFM02g&mlSearchSessionGuid=a3cd6718a5962abc2f653259f6a8f554;Санкт-Петербург;sale;flat;3;9;2;46.4;11800000;Фрунзенский;Альпийский переулок;4;Проспект Славы;
Константин Санаров;realtor;https://spb.cian.ru/sale/flat/333437775/?context=4.YXoTdaj6pPI.GjcAxKClYU1wD9gy0-ZzcEs7cTBAMTv3H7CUxw3hAJjkBTKJ3RM4AYKLCBW4fhYn48gOnXhq1vQLUA&mlSearchSessionGuid=a3cd6718a5962abc2f653259f6a8f554;Санкт-Петербург;sale;flat;4;7;3;116.5;42000000;Центральный;8-я Советская ;41;Площадь Восстания;
Golden Home;real_estate_agent;https://spb.cian.ru/sale/flat/332302238/?context=4.KbQHQbnn5OI.1L1ZZ2TrP-UH58Q6Bt1AzRfJyzOybfWIyi0Uqf2yOz5IY-oObU5Ih4Iia30DoUdWVfVMcbIL9QwNVA&mlSearchSessionGuid=a3cd6718a5962abc2f653259f6a8f554;Санкт-Петербург;sale;flat;22;25;1;40.0;12300000;Кировский;проспект Маршала Жукова;48к1;Юго-Западная;Полежаевские дома
Golden Home;real_estate_agent;https://spb.cian.ru/sale/flat/334487410/?context=4.3qvwpztugbQ.r_RHZ0yUU9BjX8waRbxfAR0cTixiMDivHMq74Bpw0nRBggQ5ZrCzU7CEpiMoPNRbyxq2oCRtvymbYg&mlSearchSessionGuid=a3cd6718a5962abc2f653259f6a8f554;Санкт-Петербург;sale;flat;8;9;2;100.0;76990000;Петроградский; Профессора Попова;47;Чкаловская;ЛДМ
Антонина Гаврилова;realtor;https://spb.cian.ru/sale/flat/334397426/?context=4.IJYov8_XArU.UcS4CDt4J1wVj7mAuAlPHG1M2CUOSY5vZ8Rjdrk28isvA7ewqeEItECQhOwVtWfemWPz6bE3ZgZjqA&mlSearchSessionGuid=a3cd6718a5962abc2f653259f6a8f554;Санкт-Петербург;sale;flat;2;5;1;32.0;10200000;Красногвардейский;проспект Шаумяна;42;Новочеркасская;
В ПИТЕРЕ - ЖИТЬ;real_estate_agent;https://spb.cian.ru/sale/flat/334224455/?context=4.snh_HwFbOOo.-yb8aOlU-kWw0osxJQRrXCH7jIL6U7j0TO_0_K7UHk8XPZ6jui6aith_2jLNUyaErA2wQm9d_k2VZw&mlSearchSessionGuid=a3cd6718a5962abc2f653259f6a8f554;Санкт-Петербург;sale;flat;6;21;1;35.1;7990000;Московский;Витебский проспект;101к1;Купчино;IN2IT
В ПИТЕРЕ - ЖИТЬ;real_estate_agent;https://spb.cian.ru/sale/flat/331073937/?context=4.qcEZ1PAhwno.nnernv2u1cXSdzKC6KM2hSnOCbHaeSyvahs7fKlCPcJPF1ECeVH1g9gAcJ3BG4LvK8-rI_HRVCyRYA&mlSearchSessionGuid=a3cd6718a5962abc2f653259f6a8f554;Санкт-Петербург;sale;flat;1;5;3;55.4;9900000;Калининский;проспект Металлистов;132;Выборгская;
СТАТУС;real_estate_agent;https://spb.cian.ru/sale/flat/327192515/?context=4.POLCBs3lpEo.1YGhv1w7jrVKBse6UPUmlAToF-BkL7gdj-TWOfJbac2PElWYyxHojY4V0fq-tac-Wb370agYfQ-uAA&mlSearchSessionGuid=a3cd6718a5962abc2f653259f6a8f554;Санкт-Петербург;sale;flat;8;8;2;65.27;59500000;Петроградский;Ремесленная ;17литЗ;Спортивная;17/33 Петровский остров
Константин Санаров;realtor;https://spb.cian.ru/sale/flat/333902873/?context=4.CFhuIg_cg_Y.vqFXGDcDVbIPvsJEAsJRh9xDsj8Ca5m_Qsy9XgIp4bDXk-RTNu8H_h_McDrTrT6YGclO1pIuENiS9g&mlSearchSessionGuid=a3cd6718a5962abc2f653259f6a8f554;Санкт-Петербург;sale;flat;4;9;2;57.0;29000000;Центральный;2-я Советская ;4б;Площадь Восстания;ArtStudio
Константин Санаров;realtor;https://spb.cian.ru/sale/flat/334051976/?context=4.BvnWA1jM1hw.B62JLg0rB3ajt-4CCaRE0Ah416kv51Ks43Q_wl_kVQDhLqyT8CA0RCjEenSf9NSKDP3nm9KPxTrlEA&mlSearchSessionGuid=a3cd6718a5962abc2f653259f6a8f554;Санкт-Петербург;sale;flat;4;9;2;56.8;29000000;Центральный;2-я Советская ;4б;Площадь Восстания;ArtStudio
Петербургская Недвижимость;real_estate_agent;https://spb.cian.ru/sale/flat/333255495/?context=4.WbPV2a2FUPg.E0T0hF82vrUIRx47k4LNCG2dL9elJKiCipDUWXYGmheCR4HxrbIsD9AbHvIEsZPIj7GCb8NDpeK74A&mlSearchSessionGuid=a3cd6718a5962abc2f653259f6a8f554;Санкт-Петербург;sale;flat;4;16;1;35.5;8600000;Выборгский;дорога Михайловская;14к1;Проспект Просвещения;Parkolovo
БАСТИОН;real_estate_agent;https://spb.cian.ru/sale/flat/331607947/?context=4.RPCT7gK2sJo.Vrp1nW4GmYxpZ_o6CcuIHPMoY8OZYSgK-QmDkqym1tt7nfFwIbuPshw9ic538M_MGg5W4alOuR2jsA&mlSearchSessionGuid=a3cd6718a5962abc2f653259f6a8f554;Санкт-Петербург;sale;flat;8;9;3;93.0;55000000;Выборгский; Александра Матросова;1;Выборгская;Притяжение
Мир Квартир Элит;real_estate_agent;https://spb.cian.ru/sale/flat/333427434/?context=4.meU0DRxXxB4.OG7TEI17rWihsQOhQiHVbG7bz5lUTqqXYc1xdHFpUpq5hwKBEQ0aGquMF_foZZs5DkxhbzVZbLkOxA&mlSearchSessionGuid=a3cd6718a5962abc2f653259f6a8f554;Санкт-Петербург;sale;flat;8;9;3;166.0;125000000;Петроградский;Ждановская ;45;Чкаловская;Леонтьевский мыс
БАСТИОН;real_estate_agent;https://spb.cian.ru/sale/flat/331607457/?context=4.T6sL8RM-hFE.qSlRqicYwjXtcGt9uVqj2jjWUnrAWfgoyt6X4B4CCSRecxPdRLONE9LXqjJw9I6msMW1IdEnUS_kDQ&mlSearchSessionGuid=a3cd6718a5962abc2f653259f6a8f554;Санкт-Петербург;sale;flat;8;9;2;84.4;55000000;Выборгский; Александра Матросова;1;Выборгская;Притяжение
Константин Михайловер;realtor;https://spb.cian.ru/sale/flat/331956957/?context=4.DFZ22DOXWBs.A4I6iOSNpVsnfEiuUB9vQ1lK4v0T0vJ0p_goMu5qPaEEemv0Dzz7qzHKR-L1QzxzIxQmmp_QX9bxTw&mlSearchSessionGuid=a3cd6718a5962abc2f653259f6a8f554;Санкт-Петербург;sale;flat;1;14;3;64.7;11990000;Красногвардейский;Хасанская ;18К2;Проспект Большевиков;
Мир Квартир Элит;real_estate_agent;https://spb.cian.ru/sale/flat/325982249/?context=4.OLBtxvIXZGc.7gqctvBHPyjKotzD3euxOMUpP-v4OPSD6RTABKu7UilxXUAqeWrn12Q2OFFS2pkbspK8KIbAJ7oVng&mlSearchSessionGuid=a3cd6718a5962abc2f653259f6a8f554;Санкт-Петербург;sale;flat;7;8;3;122.0;93800000;Петроградский;Петровский проспект;26к2;Василеостровская;The One
Мир Квартир Элит;real_estate_agent;https://spb.cian.ru/sale/flat/331087365/?context=4.n84vPAbs9j4.1kPb7d4BUjveahedtYSbv6IEiq0sFiq3Hgo4LxRZgYIv58utmvCWdyUMapi8nl_K7vDOfNvTAXX_sA&mlSearchSessionGuid=a3cd6718a5962abc2f653259f6a8f554;Санкт-Петербург;sale;flat;3;9;2;74.0;50855000;Петроградский;Петровский проспект;9к2;Крестовский остров;NEVA HAUS
Мир Квартир Элит;real_estate_agent;https://spb.cian.ru/sale/flat/334018066/?context=4.9JVAZtQw9ZI.ZQIQCanPaZBtYPK_NhDcYssI3sU3QFMYRzhLGVHLSLk_9JqQzBCBAB17E0pU8YvxMzMd_UnUxgPptg&mlSearchSessionGuid=a3cd6718a5962abc2f653259f6a8f554;Санкт-Петербург;sale;flat;3;9;2;80.2;42890000;Петроградский;Петровский проспект;24к3;Крестовский остров;Петровская ривьера
Мир Квартир Элит;real_estate_agent;https://spb.cian.ru/sale/flat/324034497/?context=4.sgGgDeDlKWM.K6Vf-ruh4THwkJRFGv-JYSnluccZDBCiQ--BmfIgWwf1jSDiMt0Gw2jK7szksMt6Fr25uxL6lE6Rrg&mlSearchSessionGuid=a3cd6718a5962abc2f653259f6a8f554;Санкт-Петербург;sale;flat;4;6;3;130.0;89990000;Петроградский;Чкаловское;;Чкаловская;ЛДМ ЖК
Мир Квартир Элит;real_estate_agent;https://spb.cian.ru/sale/flat/330139189/?context=4.QaCJA3ZCkyc._89IGzNQU5FRXBXWiGC_Z-cXz4-pkcxykbQhxAoN5WesaOgpKI1j8wxXuW_jgssPuz7AET-Br9p_yQ&mlSearchSessionGuid=a3cd6718a5962abc2f653259f6a8f554;Санкт-Петербург;sale;flat;5;7;3;123.4;40000000;Петроградский;Кронверкский проспект;27Б;Горьковская;
Константин Михайловер;realtor;https://spb.cian.ru/sale/flat/330145159/?context=4.SNXiUdDd-8k.JobQSABQ-XYSRppO8vQHOr3IMMCbHp7dLIMFCLclYo9TmbYSTB-4mbua09AFd_AM_7idBGw2Pdtjrg&mlSearchSessionGuid=a3cd6718a5962abc2f653259f6a8f554;Санкт-Петербург;sale;flat;2;7;2;70.5;20000000;Курортный; Воскова;12;Беговая;Водолей 2
NEXT;real_estate_agent;https://spb.cian.ru/sale/flat/334143154/?context=4.bynYF9nR04Q.OulwA7LMADQd-FWu2k7E3zr3JxOozmuvo20RWhIjW71-UeEQHNGlZ65ozA3QLKdE2WKvg9oja8RJrA&mlSearchSessionGuid=a3cd6718a5962abc2f653259f6a8f554;Санкт-Петербург;sale;flat;9;10;2;63.9;30490000;Выборгский;Большой Сампсониевский проспект;32;Выборгская;Сампсониевский 32
Ксения Жижикова;realtor;https://spb.cian.ru/sale/flat/334759211/?context=4.T8OOGIcMnWs.1MApG-TWbh91IuNrsNjsNFl0DvGme2Ckt-t3fDNVUbA5dY2V3hZYRzwgzqtzpGXg6dRtEdWls-XDMg&mlSearchSessionGuid=a3cd6718a5962abc2f653259f6a8f554;Санкт-Петербург;sale;flat;8;8;2;56.1;12699000;Красносельский;проспект Буденного;21к1;Юго-Западная;Солнечный город
БАЛТИЙСКИЙ -СЕРВИС;real_estate_agent;https://spb.cian.ru/sale/flat/331383451/?context=4.pLLifVgjXIE.B0BSHOwpEN4LKkve_1pE7p-CRP2EVZDnszoBDVyU_F_EteORUmD7TMLqBRo1kTdyfnCs_I8gou9OIA&mlSearchSessionGuid=a3cd6718a5962abc2f653259f6a8f554;Санкт-Петербург;sale;flat;1;5;3;77.0;10700000;Адмиралтейский;Садовая ;60Б;Садовая;
Оксана Соловьева;realtor;https://spb.cian.ru/sale/flat/333636494/?context=4.5cOX0c55e2k.vwbnWK8jNVsbsmPUJIEaKKJiHNyS1xng0Y6FVSMLp9tsIDVi15dYd_nj-tZ9k1CWwoXrwhwrN1269w&mlSearchSessionGuid=a3cd6718a5962abc2f653259f6a8f554;Санкт-Петербург;sale;flat;1;5;2;42.0;8300000;Невский;проспект Солидарности;7к4Х;Проспект Большевиков;
Антон Шепелев;realtor;https://spb.cian.ru/sale/flat/332620279/?context=4.YFvVjGsRMP0.aoUZb8zG6aKx7ku0LAJ_j3EWJMX0d4TUJpmD2YFZ_N-QUuQdZZob09BlWi7_V_9aB4loh31FDRpzqQ&mlSearchSessionGuid=a3cd6718a5962abc2f653259f6a8f554;Санкт-Петербург;sale;flat;4;4;3;73.5;11950000;Колпинский;Пушкинская ;6;Рыбацкое;
Николай Жданов;realtor;https://spb.cian.ru/sale/flat/334608187/?context=4.Js4UFT5ltpo.K8B2MKMlSUlJHVfuMg1BfRZtx7KxbPPyFKATOML0jB2q26V45PpuQHOs_wVH_7u2J8hqINKzZXAhvA&mlSearchSessionGuid=a3cd6718a5962abc2f653259f6a8f554;Санкт-Петербург;sale;flat;2;5;2;47.8;14199000;Кировский;бульвар Новаторов;25;Ленинский проспект;
Павел Лоскутов;realtor;https://spb.cian.ru/sale/flat/333433930/?context=4.W0L1P6q3H4o.MvczHZS8KVVuaMyIC83GS9NggOstaHA0Tm87CCW8ooFeWG692ZbPJYJXfHZ6uHx5X7o3qaiq67tlRA&mlSearchSessionGuid=a3cd6718a5962abc2f653259f6a8f554;Санкт-Петербург;sale;flat;1;20;2;61.6;14790000;Приморский;проспект Королева;73;Комендантский проспект;Каменка
Андрей Федоров;realtor;https://spb.cian.ru/sale/flat/334585109/?context=4.i0KGG1FIJG8.1OVSGZDQ3iVZzpKzBmQI42Gm5m6K_0tdmiyhO_wBTjPQHJv-hzAapMJ7akwd7NyriSwh7NTgOwIMYg&mlSearchSessionGuid=a3cd6718a5962abc2f653259f6a8f554;Санкт-Петербург;sale;flat;14;25;2;76.6;23950000;Приморский;Яхтенная ;3к2;Беговая;Золотая гавань
Елена Троянова;realtor;https://spb.cian.ru/sale/flat/334218548/?context=4.beWmW2UF0xQ.kwe3Sgn4ak1s7-_H4xPc3gxWeRvZwPzoOuajpu4Ofx3x_nyZGvULrpHsB1SDPSDkiGN3qlwiW4D4lA&mlSearchSessionGuid=a3cd6718a5962abc2f653259f6a8f554;Санкт-Петербург;sale;flat;9;23;1;47.9;14500000;Невский; Дыбенко;2;Улица Дыбенко;Цивилизация на Неве
Ирина Толгурова;realtor;https://spb.cian.ru/sale/flat/317319501/?context=4.QPmV8de2Ntc.FG-A7vkOhof7hKw0VTomjk5p1SKwJ5nq-af43aRLBY57XWLwjdDeillb8j6r-25ryhxQXnjwcL6nkw&mlSearchSessionGuid=a3cd6718a5962abc2f653259f6a8f554;Санкт-Петербург;sale;flat;5;6;2;60.0;33500000;Центральный;площадь Островского;5;Гостиный двор;
Юлия Спирина;realtor;https://spb.cian.ru/sale/flat/331621106/?context=4._HpyAs2Qeq4.VXyVuy6lV3BTPSjjwE3z0OXYCEF7_MocRWWz3lh6X02sAWlZBnyjNe54la1eIfmcboM-CIV9cKe_rA&mlSearchSessionGuid=a3cd6718a5962abc2f653259f6a8f554;Санкт-Петербург;sale;flat;10;10;1;48.2;22500000;Фрунзенский;Днепропетровская ;65;Обводный канал;Дом у Каретного
Олеся Зуева;realtor;https://spb.cian.ru/sale/flat/333288913/?context=4.wZyEvhAs41o.4AKL5pWxLUw3zBYrCj0h28A8oLNAE6MU2Qwg54-7GLs_GKqC4pPSZk6X0vZkerNjRmROPOozDVAsBA&mlSearchSessionGuid=a3cd6718a5962abc2f653259f6a8f554;Санкт-Петербург;sale;flat;1;5;3;77.1;13850000;Фрунзенский;Стрельбищенская ;30;Бухарестская;
Евгений Кремер;realtor;https://spb.cian.ru/sale/flat/334582440/?context=4.-VgbhDAPIM8.A-JkpS3mkccTZKLn5wL_KVi0AtMeo_qinGlqHK410faa9qSlHgeEkcRf5KR1Scoz6scWpRi7hhthnw&mlSearchSessionGuid=a3cd6718a5962abc2f653259f6a8f554;Санкт-Петербург;sale;flat;2;5;2;59.4;20500000;Московский;Бассейная ;51;Парк Победы;
PartneRS;real_estate_agent;https://spb.cian.ru/sale/flat/333510253/?context=4.yrYuxXuF2wc.v6qf45DXp50H7qEVdLkvHdAa-uQLuZxkEDTU_o451kZ9lyO0iaHeGmEvQRRHUUxG9y8nzOkULjs73Q&mlSearchSessionGuid=a3cd6718a5962abc2f653259f6a8f554;Санкт-Петербург;sale;flat;21;24;2;60.6;20800000;Московский; Среднерогатская;9;Звездная;Триумф Парк
Яков Ермошкевич;realtor;https://spb.cian.ru/sale/flat/330863640/?context=4.SGTaxlM7YdU.qIpTWTcBqXYwDb5aK_bUDuttbdoaUJNLFn0obM5WavGitnocfr1Ym6NrARY6UidCFmrs-i12kf1MuA&mlSearchSessionGuid=a3cd6718a5962abc2f653259f6a8f554;Санкт-Петербург;sale;flat;2;7;2;96.5;31000000;Адмиралтейский;Большая Морская ;36;Адмиралтейская;
Алексей Даранов;realtor;https://spb.cian.ru/sale/flat/327835283/?context=4.pnlYdnyvSXU.Fwh0lDI3bfO8UI1Vx2UTd2XgpExPL_uE5BQ__7xis7IH7zIrcXQN6i5teHcNQUtRkRwGSc9K7nCLYw&mlSearchSessionGuid=a3cd6718a5962abc2f653259f6a8f554;Санкт-Петербург;sale;flat;2;5;1;60.0;49500000;Петроградский;Барочная ;6;Чкаловская;Futurist
Ирина Степанова;realtor;https://spb.cian.ru/sale/flat/334508667/?context=4.KKPgjufU1n8.myWSLp-2KrmHYBY66o3Fn-mX4eucxpPKykJdtg6JPg3-cR927-eRL8yIr8jRMTnA5tInQrq3pD8evw&mlSearchSessionGuid=a3cd6718a5962abc2f653259f6a8f554;Санкт-Петербург;sale;flat;8;10;3;135.0;161000000;Петроградский;Вязовая ;8;Чкаловская;Привилегия
Екатерина Шевченко;realtor;https://spb.cian.ru/sale/flat/326207050/?context=4.ZGlmr0PUkG4.amIfqLP9RdJ8FCNOUoVg2AksIf3ICJDQM7Uxg-vKTgj9NjRH8z2PSutjM4Yx4PuRzYyim_csb16GnQ&mlSearchSessionGuid=a3cd6718a5962abc2f653259f6a8f554;Санкт-Петербург;sale;flat;4;8;3;149.2;64990000;Василеостровский;20-я Васильевского острова линия;5;Горный институт;Маленькая Франция
Этажи Санкт-Петербург;real_estate_agent;https://spb.cian.ru/sale/flat/334487385/?context=4.0uaXUXfF0t8.Q054BrNHJrvmfKgVbDMTANjnrr_sdo5Kap-bm2v2fPaWxYPQEUR2-P5MwV4UtjFH3jMffudknsXgpg&mlSearchSessionGuid=a3cd6718a5962abc2f653259f6a8f554;Санкт-Петербург;sale;flat;9;9;3;59.5;11000000;Фрунзенский;Будапештская ;10К2;Международная;
Мир Квартир Элит;real_estate_agent;https://spb.cian.ru/sale/flat/326280839/?context=4.uJkt1XYKyBY.PyKvF7q19tC2ReliSeOKDdb42V_0BeMIxF0JWyj7eayBvBzJbb8bxXO6OQfc9AlMw0b4yEFbl4Q-GQ&mlSearchSessionGuid=a3cd6718a5962abc2f653259f6a8f554;Санкт-Петербург;sale;flat;3;4;2;99.5;22500000;Центральный;Шпалерная ;26;Чернышевская;
АЛЕКСАНДР-НЕДВИЖИМОСТЬ;real_estate_agent;https://spb.cian.ru/sale/flat/333224430/?context=4.0gv0fU5jnlQ.yOayWI9rhol8ppMvwWy6z5N-X9FjN8UkYPsfMtdPbIWV9CIa97ZiHlz7yls9AeqT0LssyNeVIE5liQ&mlSearchSessionGuid=a3cd6718a5962abc2f653259f6a8f554;Санкт-Петербург;sale;flat;10;22;2;61.1;24800000;Красносельский;проспект Героев;35;Юго-Западная;Жемчужный Каскад
Владис Аврора;real_estate_agent;https://spb.cian.ru/sale/flat/332034636/?context=4.ZaFzvn6wSGA.tJRVA5amoVIVD_P6u5wPz_C85LHyDLUChXId4CH0uu0sLMYrk0vecxN7FhWJ0jaAo5BJyzpAEjSNDQ&mlSearchSessionGuid=a3cd6718a5962abc2f653259f6a8f554;Санкт-Петербург;sale;flat;2;5;2;56.2;17600000;Московский;Бассейная ;61;Парк Победы;
Владис Аврора;real_estate_agent;https://spb.cian.ru/sale/flat/333124132/?context=4.kPMk9hvmGbg.PQJZop0vZhbYkMOF4Q-UgFyytSdAQraW1uav7Eaa_8Oa26nPeKudPGqe5rFTd03TVMpuxttVRE16kw&mlSearchSessionGuid=a3cd6718a5962abc2f653259f6a8f554;Санкт-Петербург;sale;flat;9;13;3;73.1;28500000;Василеостровский;Железноводская ;32;Приморская;
Арго-недвижимость;real_estate_agent;https://spb.cian.ru/sale/flat/327074187/?context=4.mHyRuvop8W8.kWkC7MCb00oS1JpcV99XCXgSn2CwI0AShoGQklNDAf7OXE3vVqu_jgCDKLFYo7hImUgFSsDyOn9u2A&mlSearchSessionGuid=a3cd6718a5962abc2f653259f6a8f554;Санкт-Петербург;sale;flat;4;4;2;70.4;19200000;Центральный;Захарьевская ;13;Чернышевская;
Колвэй;real_estate_agent;https://spb.cian.ru/sale/flat/333223936/?context=4.55vFBf6hRAI.RCfC558EEwt78RcvM1FLklO_tZPfchl_ROiagUWQDsQyREYwnpeSilyOGqlWM5SoXiB3L9XH1UlgjA&mlSearchSessionGuid=a3cd6718a5962abc2f653259f6a8f554;Санкт-Петербург;sale;flat;4;5;1;49.5;12600000;Колпинский; Ремизова;15;Шушары;
МЕЙСОН;real_estate_agent;https://spb.cian.ru/sale/flat/334005046/?context=4.dyaS05JEdWY.y1jxSnvtSsjif1kVsv9r-5wATxOAf4dgSUKbeLDKjvVUfCDpSDEUVZStwck_pBzcC8AdVGwFtUeBSA&mlSearchSessionGuid=a3cd6718a5962abc2f653259f6a8f554;Санкт-Петербург;sale;flat;8;20;2;73.3;25500000;Московский;Киевская ;3;Фрунзенская;Империал
МЕЙСОН;real_estate_agent;https://spb.cian.ru/sale/flat/333978091/?context=4.FhMKvsOly50.rTazq6vSIiH7d0S-j6lEANgbZO6bE20P-KN0y9WejI2qCITi-qiPKtrUTjEyS3DwjucosU_w-JoYSQ&mlSearchSessionGuid=a3cd6718a5962abc2f653259f6a8f554;Санкт-Петербург;sale;flat;4;7;3;75.9;18860000;Невский;Ивановская ;7;Ломоносовская;
Аристократ;real_estate_agent;https://spb.cian.ru/sale/flat/266423733/?context=4.lJfSgrXu86o.hCZfngcxvskyDv1t-DljsqOOD6CoIQ5p8TB5Su8OkSmUld8eEQnV8x4aGTBXI2oMPEx_-N2ESca5uQ&mlSearchSessionGuid=a3cd6718a5962abc2f653259f6a8f554;Санкт-Петербург;sale;flat;1;11;1;33.0;12700000;Приморский;Озеро Долгое;15к1;Старая Деревня;ArtLine
Мир Квартир PREMIUM;real_estate_agent;https://spb.cian.ru/sale/flat/332513024/?context=4.hVhp4GjzY6w.gwT5anZJZkAYUdaAQSnPtW0mmGvSpm7Vwr5UZqcEc8X5SM8qo4F5zTclNCi8CZZ6unKWfiMqphJsHg&mlSearchSessionGuid=a3cd6718a5962abc2f653259f6a8f554;Санкт-Петербург;sale;flat;3;10;3;84.1;32500000;Василеостровский;26-я Васильевского острова линия;7;Горный институт;Палацио
Мир Квартир PREMIUM;real_estate_agent;https://spb.cian.ru/sale/flat/327651755/?context=4.RbHn0EQcMQg.nWeBgmYAI94hdWTZYIa-4AMKmq_CcMw8buay2mk25m9ARNLRvnipIkxVWcTWxuthm1jf60cZ1cHrgw&mlSearchSessionGuid=a3cd6718a5962abc2f653259f6a8f554;Санкт-Петербург;sale;flat;2;4;5;151.0;31100000;Адмиралтейский;Галерная ;48;Василеостровская;
Петербургская Недвижимость;real_estate_agent;https://spb.cian.ru/sale/flat/333742866/?context=4.5fS9CjlX8oU.yXVZscu6o1RoeXADPBtJqdN4ygPfVNoGrx8mzPXM-wae2e0tNUquI7HI-zMrBw6z2iC5hmTH-NoOVQ&mlSearchSessionGuid=a3cd6718a5962abc2f653259f6a8f554;Санкт-Петербург;sale;flat;17;18;1;41.0;13990000;Невский; Архивная;6;Проспект Большевиков;Пульс Премьер
Петербургская Недвижимость;real_estate_agent;https://spb.cian.ru/sale/flat/333094416/?context=4.rdCV8Av6oNE.N3KTNDaO3PD_ERkV_nHVMghfDkJTjpzgYlULf3CAP7-HsaYX0ch361e_WXv9PH3jxH-LVvOerNK3Xg&mlSearchSessionGuid=a3cd6718a5962abc2f653259f6a8f554;Санкт-Петербург;sale;flat;10;12;1;38.1;8500000;Красногвардейский;проспект Наставников;48;Ладожская;
Lange and Smith;real_estate_agent;https://spb.cian.ru/sale/flat/334378841/?context=4.eMB4uL7v1LE._a6dNro33JxCy-aFWUiRdCOk2yCn3oogNy5TKuxF7plxbFCACh3LqIClqkVfwzO3KQJHhiFloUJXGA&mlSearchSessionGuid=a3cd6718a5962abc2f653259f6a8f554;Санкт-Петербург;sale;flat;7;10;1;37.4;16650000;Выборгский;Манчестерская ;5к1;Удельная;Svetlana Park
Мир Квартир PREMIUM;real_estate_agent;https://spb.cian.ru/sale/flat/332885164/?context=4.2pzyyN0BCKE.dltVdmvqKyWOLHyzF5DP_16kfBb0Ipunk-_rS5Y3F6N6th0euM85eVNoOt5BT68cVXoUWxxjgkcdyA&mlSearchSessionGuid=a3cd6718a5962abc2f653259f6a8f554;Санкт-Петербург;sale;flat;14;25;3;99.7;30500000;Приморский;Приморский проспект;137к1;Беговая;Золотая гавань
Мир Квартир PREMIUM;real_estate_agent;https://spb.cian.ru/sale/flat/329105987/?context=4.pQfSsRr1iSg.Q-9NVhHJ70ABgTFWY30wyEK1kYyteVOCK2uMCViJsuCAchQo07i35UsJNjvLqwLKLxflqCUYV05Hbw&mlSearchSessionGuid=a3cd6718a5962abc2f653259f6a8f554;Санкт-Петербург;sale;flat;7;25;3;110.8;30200000;Приморский;Яхтенная ;3к1;Беговая;Золотая гавань
Весь Петербург;real_estate_agent;https://spb.cian.ru/sale/flat/333708075/?context=4.lpp3PCu-fK0.EVbOFDnqG2JzRBxNSOHO_4fIQx29-nwzmFpNG1Dr4tjygn13eWyj8Yzt9soNZeFzg7ISD1m4XCT0pA&mlSearchSessionGuid=a3cd6718a5962abc2f653259f6a8f554;Санкт-Петербург;sale;flat;8;13;1;34.1;13550000;Василеостровский; Чирикова;5;Приморская;Аквилон ZALIVE
Мир Квартир Элит;real_estate_agent;https://spb.cian.ru/sale/flat/333700152/?context=4.y8iCzSMmyN8.DW5l92XIjQoQdzZ9LyKCqvq9hEpCa-r1cSnakbQqiKLzs9LuxvoR64z_VWyubRIK4GwfIC3PXe431Q&mlSearchSessionGuid=a3cd6718a5962abc2f653259f6a8f554;Санкт-Петербург;sale;flat;7;8;3;118.0;39900000;Калининский; Комсомола;14к2;Площадь Ленина;
Адмирал;real_estate_agent;https://spb.cian.ru/sale/flat/330573931/?context=4.dobb067qciU.00rbI5VLD2WAq3cWgXMVrhtL_IWUk6LN1nNK0p4a3djRhIAUD1UDvlTXu7u84vJy3N372eIf5JYjfw&mlSearchSessionGuid=a3cd6718a5962abc2f653259f6a8f554;Санкт-Петербург;sale;flat;1;24;3;75.8;17500000;Приморский; Плесецкая;20к1;Комендантский проспект;Чистое небо
Мир Квартир Элит;real_estate_agent;https://spb.cian.ru/sale/flat/333684918/?context=4.8pHVMm19OPg.Dqe0ZpdOSEtBhHwuPklr9uhg130hHX1ICgAqvW2FDlVx4oAqU6Oe_Efo6jc3ZhedFw2sEq4u69RYmg&mlSearchSessionGuid=a3cd6718a5962abc2f653259f6a8f554;Санкт-Петербург;sale;flat;3;5;5;231.6;105000000;Центральный;Шпалерная ;34;Чернышевская;
Адмирал;real_estate_agent;https://spb.cian.ru/sale/flat/334688090/?context=4.aLwggkVdF0o.75G81_fJYd4XoHQ2G_wywqznfumAqRlVFt2pEoT0N1Jn_M9I0aC11uAkOPJpNo9mfmkVm2OuW1M8Ng&mlSearchSessionGuid=a3cd6718a5962abc2f653259f6a8f554;Санкт-Петербург;sale;flat;15;28;1;31.4;8950000;Невский;Караваевская ;28к1;Рыбацкое;ЦДС Караваевская, 26
MANAKOVA. real estate;real_estate_agent;https://spb.cian.ru/sale/flat/333681038/?context=4.MJQS2L3S9l8.ba4mmo-fmeeMknfO1r1nK_aHG8waXysgedPSIXLezVP1_-VfDJkNXDv9JDDmMmOX3_BSh1ZolhApEg&mlSearchSessionGuid=a3cd6718a5962abc2f653259f6a8f554;Санкт-Петербург;sale;flat;7;8;4;175.5;59000000;Василеостровский;16-я Васильевского острова линия;37;Василеостровская;
Lange and Smith;real_estate_agent;https://spb.cian.ru/sale/flat/333754015/?context=4.EQAe3GfodMA.5euuOvpwOlazdrLHPt6g7c4MguUkESgSDsH8uLH-D1PunEKrq5Omv9Wvon2FhIWDYd2fxu_zYhRA7w&mlSearchSessionGuid=a3cd6718a5962abc2f653259f6a8f554;Санкт-Петербург;sale;flat;7;10;2;91.7;17920000;Выборгский;Светлановский проспект;45;Политехническая;Дом-бутик Светлановский, 45
Lange and Smith;real_estate_agent;https://spb.cian.ru/sale/flat/334610442/?context=4.Vyfv0QPO0bo.0a6nLVXWncxD5pfI616_EiNlqYTEMj5D6aJIy9EmUPYxODH2ulMyv3lxx3qZvlU1bQ1GUvO1FPkVKA&mlSearchSessionGuid=a3cd6718a5962abc2f653259f6a8f554;Санкт-Петербург;sale;flat;5;12;2;109.6;23950000;Приморский;проспект Авиаконструкторов;54;Комендантский проспект;Modum
Lange and Smith;real_estate_agent;https://spb.cian.ru/sale/flat/334610906/?context=4.xPCOIdVRBaE.Ge8SDzhUITJ1wTMHeanpe-cIUvgC4ONAhYc4rg-AHaf_McweBRfMB_R0DfJ0vXs1JOPhLE6vOvnhOQ&mlSearchSessionGuid=a3cd6718a5962abc2f653259f6a8f554;Санкт-Петербург;sale;flat;7;12;2;99.9;20580000;Приморский;проспект Авиаконструкторов;54;Комендантский проспект;Modum
Петербургская Недвижимость;real_estate_agent;https://spb.cian.ru/sale/flat/333177677/?context=4.5fA6YH0LX-8.FpQiRQ-0UUazLzOkjk0t4PdPXnFENnNs0Pi1jfLWmYD4OVvDNP8jHiPvzNxAWxAkYulrgA8trEs2mA&mlSearchSessionGuid=a3cd6718a5962abc2f653259f6a8f554;Санкт-Петербург;sale;flat;7;13;1;32.6;8800000;Красносельский;проспект Ветеранов;175к4;Юго-Западная;Солнечный город
Петербургская Недвижимость;real_estate_agent;https://spb.cian.ru/sale/flat/333005280/?context=4.HMIN2B9PBfE.FkiciUAs1XX9U5jVjiIYBToR04P1sQOuqEb6-z2fzYD5I5PiB-3adh0VwBSzpxgAWx7vS82MaixJXg&mlSearchSessionGuid=a3cd6718a5962abc2f653259f6a8f554;Санкт-Петербург;sale;flat;8;8;1;31.7;8500000;Красносельский;проспект Ветеранов;179;Юго-Западная;Солнечный город
Петербургская Недвижимость;real_estate_agent;https://spb.cian.ru/sale/flat/332585683/?context=4.Wv1Hw7Wthck.qgkBmgDeSn4EKojAodbo__vUuOJYjbSMKLy5u-2R5Tm22X24VYIiMeEjdyEIVEqj3Ulfad69CBtlFg&mlSearchSessionGuid=a3cd6718a5962abc2f653259f6a8f554;Санкт-Петербург;sale;flat;2;5;1;31.5;8200000;Пушкинский; Нины Петровой;6к4;Купчино;ЮгТаун. Олимпийские кварталы
Lange and Smith;real_estate_agent;https://spb.cian.ru/sale/flat/334035330/?context=4.KPo9Gg50e48.R-hdjkHc3V2UrT71tfzkwaYYHKuYR5f2Gu0d5euXzid-aZEi7g_CcgQYzxFX73PvkN8oPs-PZ7R8sg&mlSearchSessionGuid=a3cd6718a5962abc2f653259f6a8f554;Санкт-Петербург;sale;flat;7;12;1;51.5;14160000;Московский;Кубинская ;76к1;Ленинский проспект;Сенат в Московском
MANAKOVA. real estate;real_estate_agent;https://spb.cian.ru/sale/flat/326656515/?context=4.809ntu-7aZU.uwnwfgf-nRgxchpsWUIVVE9ZM8I5FSEg6Z2ZTaixe-3fkhoIuLcuPlNYTzz1vLxEajdNXw8ygfQM3A&mlSearchSessionGuid=a3cd6718a5962abc2f653259f6a8f554;Санкт-Петербург;sale;flat;7;7;3;130.0;40500000;Московский;Бассейная ;27;Парк Победы;
Lange and Smith;real_estate_agent;https://spb.cian.ru/sale/flat/334034706/?context=4.6Iw6tZvyXwY.k7AhT860FdMGfQjvIgfIXq2sgsx3NaR5qIrwal2BtmBD0GdtTcT42vGsUUDo8_9EZugiBKdMl4S-Fw&mlSearchSessionGuid=a3cd6718a5962abc2f653259f6a8f554;Санкт-Петербург;sale;flat;6;12;2;65.8;19030000;Московский;1-й Предпортовый проезд;1;Ленинский проспект;Сенат в Московском
Адмирал;real_estate_agent;https://spb.cian.ru/sale/flat/333196349/?context=4.IsRtVkNk0ow.ODmFEzv_ppJtpmDqE88FmLdIi7j7Ez6bN2MK8Eh9yzokLNuhnpEH_hX3x1RUfL7F3KSB2r4qRgv32w&mlSearchSessionGuid=a3cd6718a5962abc2f653259f6a8f554;Санкт-Петербург;sale;flat;1;4;1;56.0;13900000;Центральный;Шпалерная ;26;Чернышевская;
MANAKOVA. real estate;real_estate_agent;https://spb.cian.ru/sale/flat/334518276/?context=4.C3GZIiZMjPk.BEhs87Lx_SDJPJnufvo1JuKDw6CrtSNLlqm_zc6z5lLEANGNaGwbbJ1ghFCAOI-SfqtjSx4-2zRK_Q&mlSearchSessionGuid=a3cd6718a5962abc2f653259f6a8f554;Санкт-Петербург;sale;flat;13;18;1;57.2;25250000;Московский;проспект Юрия Гагарина;7;Парк Победы;Космос
MANAKOVA. real estate;real_estate_agent;https://spb.cian.ru/sale/flat/328166661/?context=4.Ivo0fzECoM4.YIRlDulRCQcLRMrAubDtddf9YtkhrS0wHuIOuD99bXdNr2Oezh5mWlquJGYHGG-_tFsp5wYvsljgkg&mlSearchSessionGuid=a3cd6718a5962abc2f653259f6a8f554;Санкт-Петербург;sale;flat;4;16;4;115.0;28500000;Невский; Латышских Стрелков;15к3;Ладожская;Ладожский парк
MANAKOVA. real estate;real_estate_agent;https://spb.cian.ru/sale/flat/322842545/?context=4.ErwCTUA_utk.LR2__gjVy4n_dFZ-WrdwkPbh1B-L-WHtwNaGIRSM23LQWkLZbh7S24AX_Q5FrUR4rk80DZVy4CzTig&mlSearchSessionGuid=a3cd6718a5962abc2f653259f6a8f554;Санкт-Петербург;sale;flat;4;24;1;49.0;20800000;Московский; Типанова;22;Московская;Дефанс Премиум
MANAKOVA. real estate;real_estate_agent;https://spb.cian.ru/sale/flat/328568166/?context=4.kAxvRXKSQ88.OlQy0hS3Or2-cwh7-UAZelp5avPVM-wxgaxHFfafSg36ZQq96S6K4uDvteSgbVthV4n5SOu-0OwwyA&mlSearchSessionGuid=a3cd6718a5962abc2f653259f6a8f554;Санкт-Петербург;sale;flat;10;10;2;65.0;33693369;Приморский;Приморский проспект;54к2;Старая Деревня;Life Приморский
MANAKOVA. real estate;real_estate_agent;https://spb.cian.ru/sale/flat/330045517/?context=4.Gx5oOLd5hm4.0__iqBt3kllt7xNkg9jA27TC2HCQt7rMtqVovhfZjzMSUwmov2L_pphSn8Y2nlSlu2rURt4qvwAa5A&mlSearchSessionGuid=a3cd6718a5962abc2f653259f6a8f554;Санкт-Петербург;sale;flat;1;5;1;31.0;12499000;Курортный; Инструментальщиков;18;Беговая;BEREG.Курортный
ВЕСТА;real_estate_agent;https://spb.cian.ru/sale/flat/333757817/?context=4.Uz7YZCTvWVM.mzrHmSE1gpnPuvoR0TCqWRwUEfvgrskiazgfDNH7qFLJbSJDcnk5X3r0g9oblhs0PAP0Jt7gJntsMg&mlSearchSessionGuid=a3cd6718a5962abc2f653259f6a8f554;Санкт-Петербург;sale;flat;3;4;2;69.6;18500000;Адмиралтейский;Казанская ;39;Садовая;
Lange and Smith;real_estate_agent;https://spb.cian.ru/sale/flat/334611027/?context=4.-dpp_7hmR8o.ESqifbEiT60BbuSmCWnrxmTtZorS2FwnqV6fr5-QDeQ3eHlgrKNZbuhKCUi-NXsMRQ0oQl0Snpt5bg&mlSearchSessionGuid=a3cd6718a5962abc2f653259f6a8f554;Санкт-Петербург;sale;flat;9;12;2;90.5;22070000;Приморский;проспект Авиаконструкторов;54;Комендантский проспект;Modum
Lange and Smith;real_estate_agent;https://spb.cian.ru/sale/flat/334618490/?context=4.CHt-5cG7prk.Dd4OJKQm96xD8PZYfu-0tTUXSBY3w2otSW2_KSvWINoboDH-WJaPxLNbfzeINGKGg6e1nylIJ6mf3Q&mlSearchSessionGuid=a3cd6718a5962abc2f653259f6a8f554;Санкт-Петербург;sale;flat;4;9;1;43.8;16888000;Адмиралтейский;Бронницкая ;11;Технологический институт;Дом на Бронницкой
Lange and Smith;real_estate_agent;https://spb.cian.ru/sale/flat/334618598/?context=4.wLsU3z3qfB4.xaFqGc6tJzmTy6aRTDH1ObiWRXCJsVSnXLcMbFGNQHlo-W7yEBOcOMeCTpnkozWSJROLeadSQxqRyQ&mlSearchSessionGuid=a3cd6718a5962abc2f653259f6a8f554;Санкт-Петербург;sale;flat;4;7;2;85.4;31940000;Адмиралтейский;Бронницкая ;7;Технологический институт;
MANAKOVA. real estate;real_estate_agent;https://spb.cian.ru/sale/flat/318002569/?context=4.6WjKXTNjNzA.B5HVQKo0eX50pab6XzEDK8uPvh4_a10dR-yIFP1ZOPARYcZszXoOCFIuQzZSMLs6fmP-iyUc0U_J9Q&mlSearchSessionGuid=a3cd6718a5962abc2f653259f6a8f554;Санкт-Петербург;sale;flat;4;5;4;88.4;27450000;Выборгский;1-й Муринский проспект;19;Лесная;
MANAKOVA. real estate;real_estate_agent;https://spb.cian.ru/sale/flat/327191462/?context=4.agNApUZdrvs.XYPdjP4vILHjyTgwwnQE6uFkmgTSV6L-hXa_COpQE_-f-zOPnOSGFelA1ZQL5V3S4RsaKwyk7KxfFg&mlSearchSessionGuid=a3cd6718a5962abc2f653259f6a8f554;Санкт-Петербург;sale;flat;5;5;2;80.4;38300000;Приморский;Нижне-Каменская ;7к1;Комендантский проспект;Дом на улице Нижне-Каменская
MANAKOVA. real estate;real_estate_agent;https://spb.cian.ru/sale/flat/323771758/?context=4.U4FBTySINyY.YzeDJ74oQvJ3xrAwcWxrK8ePcSYa5NTam5upQfEXEhvaHUXQiM0Wd9bMCscrM3HEBS4bP8-SwqRTWg&mlSearchSessionGuid=a3cd6718a5962abc2f653259f6a8f554;Санкт-Петербург;sale;flat;5;7;4;176.9;133000000;Петроградский;Динамовская ;2;Крестовский остров;
MANAKOVA. real estate;real_estate_agent;https://spb.cian.ru/sale/flat/320960362/?context=4.zLkkY409XKs.46PrITzMWvcvGMKd-8woOzHYyR1RFPL9UcwxlBMrAreV501yODXx89RUKTLAs9n0BZlWIwZDpCUusQ&mlSearchSessionGuid=a3cd6718a5962abc2f653259f6a8f554;Санкт-Петербург;sale;flat;7;7;3;111.0;39500000;Кировский;проспект Стачек;67К2;Автово;
MANAKOVA. real estate;real_estate_agent;https://spb.cian.ru/sale/flat/329463487/?context=4.daJou7bfd5I.h8T513Sna96ao7JLlsaZXPWRCtkeuQxac8KH1m1t5LQkEyVyj6BAJsLTQto2aCi0dIHM1pDbGEeohQ&mlSearchSessionGuid=a3cd6718a5962abc2f653259f6a8f554;Санкт-Петербург;sale;flat;2;4;3;206.0;49900000;Василеостровский;4-я Васильевского острова линия;5;Василеостровская;
Петербургская Недвижимость;real_estate_agent;https://spb.cian.ru/sale/flat/333097396/?context=4.bbXXwe_J8Po.0W-1nOp_SHynmvy34K0999hcPv2-YMlT4mvWuz0s6Ma0JpeVu4kOLVUkaC0VXIhUKAcWaigNOF95TA&mlSearchSessionGuid=a3cd6718a5962abc2f653259f6a8f554;Санкт-Петербург;sale;flat;6;9;1;34.6;10000000;Красносельский;проспект Ветеранов;185к3;Юго-Западная;Солнечный город
CENTURY 21 Capital Petersburg;real_estate_agent;https://spb.cian.ru/sale/flat/333945205/?context=4.Sr979jQaTzU.ahWzdIZ7OdsqMj10mIW0IbBbf3zNM7MjrbIZ3p2tBSLg5q67KubQINPtEoaqZMPdsO0pibv-Pye6Nw&mlSearchSessionGuid=a3cd6718a5962abc2f653259f6a8f554;Санкт-Петербург;sale;flat;1;9;4;76.0;12500000;Невский; Подвойского;36к1;Улица Дыбенко;
CENTURY 21 Capital Petersburg;real_estate_agent;https://spb.cian.ru/sale/flat/331898387/?context=4.Kxz7nGYHTfc.pxjDry7I3T1oR_7mmb-jCkTicP8yJzZkGYZ4SvTJa3PCReKIX2RQd3jpxCkRme7XSZXYaE-T8cV-og&mlSearchSessionGuid=a3cd6718a5962abc2f653259f6a8f554;Санкт-Петербург;sale;flat;1;19;2;58.8;23990000;Московский;Киевская ;3;Фрунзенская;Империал
CENTURY 21 Capital Petersburg;real_estate_agent;https://spb.cian.ru/sale/flat/321970449/?context=4.rDoLuneQ4DM.zl_uhkSPlcQQBJ7lhGzsHUAh8CRfXQr5C1MQBCUKK3FFblBJntwoP4HWTMPI0BDcIxKxsCZo1PcUEg&mlSearchSessionGuid=a3cd6718a5962abc2f653259f6a8f554;Санкт-Петербург;sale;flat;3;5;2;75.0;17000000;Пушкинский; Анциферовская;11к1;Купчино;Александровский
CENTURY 21 Capital Petersburg;real_estate_agent;https://spb.cian.ru/sale/flat/334576479/?context=4.RDUXmIMJLO8.f1mGLyc9YiygWu-nNczuKQ4Kt_yD3p1yzHZXh7q1fY2txxZh2pOh6ZjC8l3AintcydYOBIiKAfl85g&mlSearchSessionGuid=a3cd6718a5962abc2f653259f6a8f554;Санкт-Петербург;sale;flat;17;25;2;54.5;21999000;Московский;проспект Космонавтов;102к1;Купчино;BauHaus
CENTURY 21 Capital Petersburg;real_estate_agent;https://spb.cian.ru/sale/flat/334297244/?context=4.jO5FiG-JXdI.zml-W-dPhHTQVkd9ipSYzShPMN2pkojoM5Vhbf2VLNXL9Au_Ko6GY1FeVHyDa6764pR_PLShZIPSmA&mlSearchSessionGuid=a3cd6718a5962abc2f653259f6a8f554;Санкт-Петербург;sale;flat;4;6;3;69.8;21950000;Адмиралтейский;Серпуховская ;48;Технологический институт;
CENTURY 21 Capital Petersburg;real_estate_agent;https://spb.cian.ru/sale/flat/334520669/?context=4.Mtqsj1HpkUg.XLfhSI8TONxKPKAxkQfO2QPi821KOvnnbEDBNcldzsxK2w4p5-_vqvxPw0hSRNgA2UniFt5npUZv9g&mlSearchSessionGuid=a3cd6718a5962abc2f653259f6a8f554;Санкт-Петербург;sale;flat;2;8;1;38.9;15999999;Петроградский;Ремесленная ;15;Спортивная;NEVA RESIDENCE
CENTURY 21 Capital Petersburg;real_estate_agent;https://spb.cian.ru/sale/flat/331312121/?context=4.zVJSz6NW6pk.0XqaJPzslNcvLaKoD03432CQecw-50W9hAGwNPUOhMOaKXTaKQK1uttFBIEelMfBeVopYtr9Jw59Dw&mlSearchSessionGuid=a3cd6718a5962abc2f653259f6a8f554;Санкт-Петербург;sale;flat;5;6;5;152.4;62500000;Петроградский;Каменноостровский проспект;57;Петроградская;
ВАРИАНТ;real_estate_agent;https://spb.cian.ru/sale/flat/334644344/?context=4._-R9WbUpoYM.6uFrbVy_4npT_qPHvH-mgnRHtCrY-wEBG3i9oUfKvo4Ac0b4-xp1GC9Vn-lHN8qQXgs18CM_EOzmCw&mlSearchSessionGuid=a3cd6718a5962abc2f653259f6a8f554;Санкт-Петербург;sale;flat;4;13;1;40.0;11350000;Московский;Заозерная ;3к3;Фрунзенская;Апарт-отель ARTSTUDIO Moskovsky
Петербургская Недвижимость;real_estate_agent;https://spb.cian.ru/sale/flat/333321307/?context=4.hjw2u3qUQcs.4sCCdHaFm4BGEjGNG-PGZICwZcmV2FaEbXAhEVLLKVE1otzzOlCIVeZlJT7BpS4GbSVJ4MLHrzo7TA&mlSearchSessionGuid=a3cd6718a5962abc2f653259f6a8f554;Санкт-Петербург;sale;flat;3;18;1;33.3;8300000;Красносельский; Маршала Казакова;44к2;Юго-Западная;Южный
8 ЭТАЖ;real_estate_agent;https://spb.cian.ru/sale/flat/314973114/?context=4.x0_CsNmi8-I.Y-vxHBCzttyMFAP6RUGz74ykP7JUhmHwtIxmReu6t5ZDJ5tw2fvIEAB8GYBFW_EVhxj8no1CFPWBCw&mlSearchSessionGuid=a3cd6718a5962abc2f653259f6a8f554;Санкт-Петербург;sale;flat;1;3;1;49.6;10300000;Приморский; Новая;51к1;Беговая;Квартал Лахта Парк
СТАТУС;real_estate_agent;https://spb.cian.ru/sale/flat/334208994/?context=4.BlDSf7y6PDA.sy8nXGxWGHPRofKxlxLlefBlln6XzenOCHw0V9TfQPsT08AVsJPYhTXtXZPNVdNTQa1jiYzbrTEQsA&mlSearchSessionGuid=a3cd6718a5962abc2f653259f6a8f554;Санкт-Петербург;sale;flat;5;12;3;73.0;38500000;Фрунзенский;Лиговский проспект;244;Обводный канал;Витебский парк
Самолет ПЛЮС;real_estate_agent;https://spb.cian.ru/sale/flat/333864354/?context=4.kba_av1mZdo.yC0IhlKdTpBhmsYblWTkRaZegwbJdAsPgjjv9ZIRkFhMt6H093nqVgnA8Ym-_ecS_t6iLdoSiNKMTw&mlSearchSessionGuid=a3cd6718a5962abc2f653259f6a8f554;Санкт-Петербург;sale;flat;1;5;4;91.2;17940000;Калининский;Северный проспект;63К4;Академическая;
Самолет ПЛЮС;real_estate_agent;https://spb.cian.ru/sale/flat/334259585/?context=4.4vBZ5mxNGiI.nBZ_mzHhOc8ABANn7bwm8A9Vfgl-ITL1MVkbNn0q5p6z9NGKE8v4MS4LU0ok-jTEVjWWlu2HWGPMCw&mlSearchSessionGuid=a3cd6718a5962abc2f653259f6a8f554;Санкт-Петербург;sale;flat;2;9;3;74.2;15350000;Невский; Дыбенко;12к1Ж;Улица Дыбенко;
Lange and Smith;real_estate_agent;https://spb.cian.ru/sale/flat/334259976/?context=4.w4fAghj8r2g.vfqWonlK40j3n1hIqthlgFZDsV_AI1nz-GkGxlfMIETmI_cQKgIlCjKSLvLhNIaoE2GzCTdFILsbBQ&mlSearchSessionGuid=a3cd6718a5962abc2f653259f6a8f554;Санкт-Петербург;sale;flat;2;4;2;62.1;16240000;Курортный;Авиационная ;5к1;Беговая;Лисино
Lange and Smith;real_estate_agent;https://spb.cian.ru/sale/flat/334258564/?context=4.UpYgTmhzVvE.76N8NJO5zaTWNE7FtbjSyKjIW9vhWsCsEIrsfX8Gl4JT-PoBIeLowWCDqomQMl0Wi_cJzJHRMSA9sA&mlSearchSessionGuid=a3cd6718a5962abc2f653259f6a8f554;Санкт-Петербург;sale;flat;6;9;2;57.8;30250000;Адмиралтейский;набережная Обводного Канала;169;Балтийская;Лермонтовский 54
Lange and Smith;real_estate_agent;https://spb.cian.ru/sale/flat/334388281/?context=4.vUBLVhCZa6o.yaJ_NTzFWcJtbwY-CK8cOqgry_mGNDY86SyEzapghMODVcC2d44YO_X-jrymzV1BgSduO4ThBRC-1w&mlSearchSessionGuid=a3cd6718a5962abc2f653259f6a8f554;Санкт-Петербург;sale;flat;8;21;2;55.7;18450000;Невский; Ультрамариновая;5;Проспект Большевиков;Пульс Премьер
АУРУМ;real_estate_agent;https://spb.cian.ru/sale/flat/334408365/?context=4.4UNL7Jcagko.rfcDx2rKNyP9fONB7dCUWBDtzCy5mYpwmts8um35eciFN7tgoI2mfrUXocW_6ycIP0leWjIIgnNllQ&mlSearchSessionGuid=a3cd6718a5962abc2f653259f6a8f554;Санкт-Петербург;sale;flat;3;4;1;44.5;13700000;Пушкинский;Октябрьский бульвар;7/29;Купчино;
Lange and Smith;real_estate_agent;https://spb.cian.ru/sale/flat/334258860/?context=4.M-A505kl3FM.HptLmks0tp359ClHWNX07isGCKODVmJt2-kfSEiIddq5gk_RHE_UX7wHDjFOU8vhfRL23KUrnJE_PA&mlSearchSessionGuid=a3cd6718a5962abc2f653259f6a8f554;Санкт-Петербург;sale;flat;5;9;2;60.0;30810000;Адмиралтейский;набережная Обводного Канала;169;Балтийская;Лермонтовский 54
Lange and Smith;real_estate_agent;https://spb.cian.ru/sale/flat/334379177/?context=4.ZGtgXyOPy5s.cY7ZIuS4fJp_JGgkRQRYFMR6-VrhrDK263deZxVuTlSRa3cJOH2yEIkHEGACJzixM-PYxRPLfBbv_w&mlSearchSessionGuid=a3cd6718a5962abc2f653259f6a8f554;Санкт-Петербург;sale;flat;4;10;2;74.1;24020000;Выборгский;Манчестерская ;3;Удельная;Svetlana Park
Lange and Smith;real_estate_agent;https://spb.cian.ru/sale/flat/334038438/?context=4.Ri7a6AASDRU.ei6U-Ho6E619l5uaoev3EF29Gn-TTrmDzndgKO0lhowuCUCiO1FWdbwuhcLuSdX2hcBZDbBX-HOUrA&mlSearchSessionGuid=a3cd6718a5962abc2f653259f6a8f554;Санкт-Петербург;sale;flat;11;13;3;99.7;27890000;Василеостровский; Чирикова;5;Приморская;Аквилон ZALIVE
Lange and Smith;real_estate_agent;https://spb.cian.ru/sale/flat/334163140/?context=4.g7TYX5UY_k0.Y-5g0ic_Q_rcdSJr2il1IjxjD0DyOsDwu58LYjG1u-xqLbCPzuvZmoJoXUkDlggRCOIUBPQTd8nMQw&mlSearchSessionGuid=a3cd6718a5962abc2f653259f6a8f554;Санкт-Петербург;sale;flat;5;12;3;81.5;27840000;Василеостровский;Галерный проезд;1К2;Приморская;Шкиперский 19
Мир Квартир PREMIUM;real_estate_agent;https://spb.cian.ru/sale/flat/327267730/?context=4.kDh2qNIoTz4.lFDwc_DrlI5gmVOjNQk4MUl2ylezWUPsTVCCeh8DB2oNVbPewZHUozkjynZq5O23Qm9UcIxkaDKDTg&mlSearchSessionGuid=a3cd6718a5962abc2f653259f6a8f554;Санкт-Петербург;sale;flat;2;12;5;128.8;37700000;Василеостровский;Уральская ;6;Спортивная;Самоцветы
Мир Квартир PREMIUM;real_estate_agent;https://spb.cian.ru/sale/flat/334344519/?context=4.5mTR4tFGetM.DU2QZkOgPybeIHPKWx140iXfOjADa7XYK_m61DjgcLriaoPMf5MY9Zpvh5HoxMkK2vYyVUZ3KCz1ig&mlSearchSessionGuid=a3cd6718a5962abc2f653259f6a8f554;Санкт-Петербург;sale;flat;7;7;4;100.4;35700000;Петроградский;Лахтинская ;22;Чкаловская;
Lange and Smith;real_estate_agent;https://spb.cian.ru/sale/flat/334162948/?context=4.hbZ9Z-gc-q8.LDqEymqKP169cSrG5gY5fa4zm8D1K6IlXeQLjImQMaDg217-Me5U78XmijLLdSw_sAdYk3NyM2unrA&mlSearchSessionGuid=a3cd6718a5962abc2f653259f6a8f554;Санкт-Петербург;sale;flat;9;12;2;78.2;21610000;Василеостровский;Галерный проезд;1К2;Приморская;Шкиперский 19
Lange and Smith;real_estate_agent;https://spb.cian.ru/sale/flat/334034302/?context=4.AeDtA53HdTI.FcDbLJhSSi8n2f8gRBTeAsNXtOSNi5TII3VUL_bxRbMViXi5XzaanjXqKq-uv997knuFCQlVOTzDzg&mlSearchSessionGuid=a3cd6718a5962abc2f653259f6a8f554;Санкт-Петербург;sale;flat;8;12;1;37.5;12450000;Московский;1-й Предпортовый проезд;1;Ленинский проспект;Сенат в Московском
Lange and Smith;real_estate_agent;https://spb.cian.ru/sale/flat/334034180/?context=4.NQncQKy5-Mg.lEKglBtI3pIyX76uTGVIp3QUQS0t_x4IQXwpC1EnnXoFIHbdUqAcy7OQ9DQlXn2VOt15PkHaCZh_jw&mlSearchSessionGuid=a3cd6718a5962abc2f653259f6a8f554;Санкт-Петербург;sale;flat;5;12;1;37.5;12280000;Московский;1-й Предпортовый проезд;1;Ленинский проспект;Сенат в Московском
Lange and Smith;real_estate_agent;https://spb.cian.ru/sale/flat/334162773/?context=4.z6A9hPUT-Hk.go2ShqUdgqDjWX-U7zQ3q6VOv1oINOgqvU6qGmQdeJEdfaQQkWFF7mIj2eDO0AxG2a4x_DrYpL0vuQ&mlSearchSessionGuid=a3cd6718a5962abc2f653259f6a8f554;Санкт-Петербург;sale;flat;4;12;2;65.1;20410000;Василеостровский;Галерный проезд;1К2;Приморская;Шкиперский 19
СТАТУС;real_estate_agent;https://spb.cian.ru/sale/flat/334560134/?context=4.-BYwQc3vzsM.O3ikFYRB1_Ee1ZyRx4vdX8MK_rSKPWX0g1baZvLyWyA-psIzqMlObqC4bkT9mrSIQku5-i_6p-ucLQ&mlSearchSessionGuid=a3cd6718a5962abc2f653259f6a8f554;Санкт-Петербург;sale;flat;6;9;2;78.1;36000000;Петроградский;Петровский проспект;9к2;Крестовский остров;NEVA HAUS
Колвэй;real_estate_agent;https://spb.cian.ru/sale/flat/326582647/?context=4.AM5nya78H_w.aWaxCYuSWswrnuUCWQ0MiYGKtPIV3FcvtC8XbdA-lsNfQlRuAGgV20w93VzXBD6X7z_bbUIEcZigcA&mlSearchSessionGuid=a3cd6718a5962abc2f653259f6a8f554;Санкт-Петербург;sale;flat;10;15;3;74.0;14500000;Кировский;проспект Стачек;105к2Б;Юго-Западная;
Петербургская Недвижимость;real_estate_agent;https://spb.cian.ru/sale/flat/333438319/?context=4.UDEQZK5e6WE.vIKtim6eESumGPsIcEmofAs64eYzzZbcQ-P-XD1sgKIk0PvYghTTomDTGVTsrf69NvaRJLzLy_5hgQ&mlSearchSessionGuid=a3cd6718a5962abc2f653259f6a8f554;Санкт-Петербург;sale;flat;1;5;1;30.9;8200000;Московский;Звездная ;18;Звездная;
Адмирал;real_estate_agent;https://spb.cian.ru/sale/flat/332307830/?context=4.moa2X5f24mo.vhqhSd1WOSaUHOmk37N2ZYNaKAfifk_Ui4An1HY6AeZSB-6XWhijPMrFPfsNFdbvMeZGMIArNPKC-Q&mlSearchSessionGuid=a3cd6718a5962abc2f653259f6a8f554;Санкт-Петербург;sale;flat;3;8;2;63.9;20850000;Московский;Черниговская ;13к2;Московские ворота;Квартал Che
Самолет ПЛЮС;real_estate_agent;https://spb.cian.ru/sale/flat/333979632/?context=4.u7hUjWr3k-4.2mb2azv4ZKscqRU62nOyF00hDhmBXmphSbTa4pYEdfyLWDyiZY2plFaF-_PeWtkeuqtSmhWG3Uvb8A&mlSearchSessionGuid=a3cd6718a5962abc2f653259f6a8f554;Санкт-Петербург;sale;flat;16;16;2;55.0;17850000;Невский;Складская ;5;Проспект Большевиков;Союзный
Самолет ПЛЮС;real_estate_agent;https://spb.cian.ru/sale/flat/333885611/?context=4.LNDxF_xn0F4.Kmi1rtphdvG9IaStCXDF4ECXsiEfQYU-1iGZtCkrcmz1b57aw3tGTJvGYsedHeV8ny6DScVf2W9Ajg&mlSearchSessionGuid=a3cd6718a5962abc2f653259f6a8f554;Санкт-Петербург;sale;flat;5;15;1;44.1;11300000;Невский;Дальневосточный проспект;10к1;Проспект Большевиков;
Самолет ПЛЮС;real_estate_agent;https://spb.cian.ru/sale/flat/333864353/?context=4.V0uBGgqjDjE.Wsp2djrk70QEKhpvYXwQZrx8aj3IwVItN1RIi-9aphFGdiqe0vSlDFUtDXoJNLBOhrB8hYWsqW9OTA&mlSearchSessionGuid=a3cd6718a5962abc2f653259f6a8f554;Санкт-Петербург;sale;flat;8;9;2;70.0;45490000;Центральный;Исполкомская ;17;Площадь Александра Невского;Дипломат
Мир Квартир Элит;real_estate_agent;https://spb.cian.ru/sale/flat/329050582/?context=4.QU4ZNq336lE.xflLfTDzGqdkb2zcdwKgi5Q_l9VaJtV-ztz2tnS9N8pOt-inQ7LCqgmrfQv3XTEUiwJ7YDK-K5tI_A&mlSearchSessionGuid=a3cd6718a5962abc2f653259f6a8f554;Санкт-Петербург;sale;flat;14;25;2;59.7;28500000;Приморский;Богатырский проспект;2А;Пионерская;Приморский квартал
Сергей Тарасов;realtor;https://spb.cian.ru/sale/flat/333430902/?context=4.ggoYPqDlhIY.RUGrVC2ugWGRvI0MUmUWGAHnDpVOFzES6qLdA-YIj6DmOlWK-qx_WONSKDF566SFLe87zqtvkCYPhg&mlSearchSessionGuid=a3cd6718a5962abc2f653259f6a8f554;Санкт-Петербург;sale;flat;9;10;1;42.0;33000000;Петроградский;Пионерская ;32;Чкаловская;Дом Керстена
Колвэй;real_estate_agent;https://spb.cian.ru/sale/flat/332782558/?context=4.H_72mQFRNYo.FrvIg2uStzaE1bMOakkf8kSvYnBVSZFxL7KEZur_lwa-AB_F_4J0bZrq0iOh6GUr9u9g5jQbFfA2-A&mlSearchSessionGuid=a3cd6718a5962abc2f653259f6a8f554;Санкт-Петербург;sale;flat;11;12;1;37.6;6000000;Колпинский; Ижорского Батальона;23;Шушары;
ВАРИАНТ;real_estate_agent;https://spb.cian.ru/sale/flat/333997768/?context=4.CBfYAVaofwY.4LxLEHw8fNI-qFnUh4bwqcR59ZMdEjSC8sHPEqzBZJF6bRymz9M802zrIXclYQtbcEV62DJqFakn1A&mlSearchSessionGuid=a3cd6718a5962abc2f653259f6a8f554;Санкт-Петербург;sale;flat;11;16;1;34.7;8500000;Выборгский; Новокузнецкая;8;Проспект Просвещения;Parkolovo
Колвэй;real_estate_agent;https://spb.cian.ru/sale/flat/332268336/?context=4.hBvDAmAYri0.dYXkFZgQ3zPWMKpl0LZstdy5Z2i7Vs5x03FRUfuc-0p4C6zASZjXwA9LmLDLIV2B0jv3_Dm6YKMVCw&mlSearchSessionGuid=a3cd6718a5962abc2f653259f6a8f554;Санкт-Петербург;sale;flat;11;14;2;55.0;7500000;Колпинский; Металлургов;15;Шушары;
BEYOND. ex-Engel Volkers;real_estate_agent;https://spb.cian.ru/sale/flat/304437618/?context=4.Qj6dq2wUkrw.vJYBQZpeTeLZkUS8EBA-KeivfcxQf5Ng6hHeDAYvHwdyMGrggWjB3T7AeobG-4PvsjBra__JWO9IkQ&mlSearchSessionGuid=a3cd6718a5962abc2f653259f6a8f554;Санкт-Петербург;sale;flat;6;6;3;210.0;135000000;Центральный;Миллионная ;12;Гостиный двор;
Колвэй;real_estate_agent;https://spb.cian.ru/sale/flat/333301665/?context=4.V9PJXkdWERU.x7_WZWaIOEfVURHD3Aotfjd42tXxi-yf3ryHuOtDNneImrq0JqLbIm5zbI7zjo8kfSQgh-cc8a3Q6Q&mlSearchSessionGuid=a3cd6718a5962abc2f653259f6a8f554;Санкт-Петербург;sale;flat;1;19;2;52.6;13550000;Красносельский; Адмирала Черокова;20;Юго-Западная;
Колвэй;real_estate_agent;https://spb.cian.ru/sale/flat/328515967/?context=4.WNGKTUXsFys.PpsXz0OtriBAnVmD-khKnpzA7-AAm32V27RlT0f7fMb1cFpQiIguwMmEKqVenzfYzhYB8y7PaGtofQ&mlSearchSessionGuid=a3cd6718a5962abc2f653259f6a8f554;Санкт-Петербург;sale;flat;10;17;2;64.4;17900000;Приморский;Туристская ;24/42;Беговая;Якорь
Колвэй;real_estate_agent;https://spb.cian.ru/sale/flat/333128129/?context=4.EExZ5GcjMrw.WEGmYcDkzvlIBdVeSyUp54hzJNlE14haL0rgOdGdK1hMyO-eVJLBwKOyPRJDnkgN8IfwC-ORGo2mMw&mlSearchSessionGuid=a3cd6718a5962abc2f653259f6a8f554;Санкт-Петербург;sale;flat;1;9;3;79.2;14200000;Пушкинский;шоссе Колпинское;34к1;Шушары;
MegaAgent;real_estate_agent;https://spb.cian.ru/sale/flat/332838725/?context=4.cHyiziaRmPM.mKXDWFIWmYZEACZ5SHj_WMJed_FLg4_3xvlfXxk5Jk2tI6_15XgEyd2SE-5LsUoo34NERldQsxzPQQ&mlSearchSessionGuid=a3cd6718a5962abc2f653259f6a8f554;Санкт-Петербург;sale;flat;3;3;1;45.9;15000000;Центральный;проспект Бакунина;17;Площадь Александра Невского;
MegaAgent;real_estate_agent;https://spb.cian.ru/sale/flat/332439605/?context=4.WdCWyt-pzNc.ohJnbK09HcYaMzrSx8jJ0tt6jZ9yRzGLoZHSyv8S7Iggx4Wqkab0-J1-E33N3F2qu8GDcdWCCH4hDA&mlSearchSessionGuid=a3cd6718a5962abc2f653259f6a8f554;Санкт-Петербург;sale;flat;7;17;1;45.9;13500000;Приморский;Парашютная ;23к1;Комендантский проспект;Комендантский квартал
Колвэй;real_estate_agent;https://spb.cian.ru/sale/flat/318372197/?context=4.DF27Wbydkz4.nmgRzF_fgzhGJ7GpMBz6z68KYQAZUpGMmHFZ_3f1SU1-3IipB_USQIgbLiOBRqPjzaBVAxMQho5YkQ&mlSearchSessionGuid=a3cd6718a5962abc2f653259f6a8f554;Санкт-Петербург;sale;flat;3;4;3;99.7;13990000;Колпинский;Октябрьская ;17/3;Шушары;
Колвэй;real_estate_agent;https://spb.cian.ru/sale/flat/322436516/?context=4.iOwo5-ABfqg.GqzmFEeJ5IuzIO2DCecC1IuIZW1pss7Jwl_EbAtPsbwSUHgbRylsS79KXqvIKqVTQghHSvlRhCFZlA&mlSearchSessionGuid=a3cd6718a5962abc2f653259f6a8f554;Санкт-Петербург;sale;flat;2;10;1;46.7;20200000;Выборгский;Большой Сампсониевский проспект;32уч10;Выборгская;Сампсониевский 32
Мир Квартир Элит;real_estate_agent;https://spb.cian.ru/sale/flat/314196605/?context=4.O0GSW0mwW14.TTaEQLwlyJmq6AO8Q4WncHUdT_iGTbNTVutiNeHWCgbFOl0VAxeuMksUg5EeTiSpAVi8kmOojnDrNA&mlSearchSessionGuid=a3cd6718a5962abc2f653259f6a8f554;Санкт-Петербург;sale;flat;6;7;3;132.0;120000000;Московский; Гастелло;7;Московская;Victory Plaza
Мир Квартир Элит;real_estate_agent;https://spb.cian.ru/sale/flat/328983450/?context=4.jrsQGlXl5Gc.A9CAbB9sPyCqadmD0CZ5LuI5xES7Cbr46Bf_sgI7VKEg22bDYp3Wr1CmE7siMAZH7AObBAvC2qmd9g&mlSearchSessionGuid=a3cd6718a5962abc2f653259f6a8f554;Санкт-Петербург;sale;flat;5;6;3;66.6;17100000;Петроградский;проспект Малый Петроградской стороны;1Б;Спортивная;
Мир Квартир Элит;real_estate_agent;https://spb.cian.ru/sale/flat/324367077/?context=4._voMzzA6owU.7ZRW7qzZZYDDbUsSFF-7L7FuK81mvDor1RcJQuG9UVYMDtDP0vaNI71LQio19BIHYjVtauqnLSCrQQ&mlSearchSessionGuid=a3cd6718a5962abc2f653259f6a8f554;Санкт-Петербург;sale;flat;2;5;3;75.1;37500000;Василеостровский;набережная Лейтенанта Шмидта;21;Горный институт;Гранвиль
Мир Квартир Элит;real_estate_agent;https://spb.cian.ru/sale/flat/327049926/?context=4.TkXSAo12k-Y.uDBPHg3ExHgBckGQEH3riyBo87TpHdqNFen0FP4OmPKPdD7IMs-hI4QDzaCFxa_ffgwP1XlZDPdYwg&mlSearchSessionGuid=a3cd6718a5962abc2f653259f6a8f554;Санкт-Петербург;sale;flat;3;5;3;82.2;33000000;Центральный;6-я Советская ;14;Площадь Восстания;
Мир Квартир Элит;real_estate_agent;https://spb.cian.ru/sale/flat/327012091/?context=4.EoL4A9-vj-I.nn6oQT-cbrbbBklC-le0osSjCBoVGlnIR7XsPjUX201bhCGkjg5vbsOdpip94KgkwqzSoPTVIyeH0g&mlSearchSessionGuid=a3cd6718a5962abc2f653259f6a8f554;Санкт-Петербург;sale;flat;5;7;3;172.0;103000000;Петроградский;Кемская ;1;Крестовский остров;
Атлантида Недвижимость;real_estate_agent;https://spb.cian.ru/sale/flat/332360330/?context=4.AOG8TWEWTcE.GtEQpM0mIyz-eU7ZzKs-8h3vGNZmpI4AcVDIQEYgTqMad6Wp2iufjQqqumP6JFsPmWsnZ3tcLPb7YA&mlSearchSessionGuid=a3cd6718a5962abc2f653259f6a8f554;Санкт-Петербург;sale;flat;12;12;1;39.6;10745000;Приморский; Савушкина;115К3;Старая Деревня;
MegaAgent;real_estate_agent;https://spb.cian.ru/sale/flat/328826557/?context=4.oPg1lpKCGNw.cBFm7p4yj1DmaRZlH7ImIDfTZyWO4NQqeQq4PpPtAzOelBmo68u99WXh_pw3EtzwPF96lkzJNAD6Lg&mlSearchSessionGuid=a3cd6718a5962abc2f653259f6a8f554;Санкт-Петербург;sale;flat;4;6;4;157.1;69900000;Центральный;4-я Советская ;37а;Площадь Восстания;
Колвэй;real_estate_agent;https://spb.cian.ru/sale/flat/322366739/?context=4.k7hS1gI3OTk.sq3yC00pwuzCCbx5-W3UOP6Wpzm0pRYoQTIVynu3p2MgW8H2CXzxuYi1L8T_drs15qF7QMHR8YwbqA&mlSearchSessionGuid=a3cd6718a5962abc2f653259f6a8f554;Санкт-Петербург;sale;flat;2;12;1;37.0;16000000;Василеостровский;Уральская ;25;Приморская;Amber Club
Колвэй;real_estate_agent;https://spb.cian.ru/sale/flat/333238791/?context=4.o92eL4Zk_F4.nCjNUyKiOXOrxwq9SDbpK378NzicS-F_mpRD9cVdTtZs7O-nWE1I5jxemBCB0MBUR_F3KvHZiwaMXA&mlSearchSessionGuid=a3cd6718a5962abc2f653259f6a8f554;Санкт-Петербург;sale;flat;2;16;1;34.0;9800000;Красносельский; Адмирала Черокова;18к1;Юго-Западная;More
Колвэй;real_estate_agent;https://spb.cian.ru/sale/flat/328295934/?context=4.SEIDry4lqVc.RWOcFQB6z5KgioX8nGn1_QkPdcouk0zMkcuu9qumyDXtCAUjXc-Pcu3ISbHjBXU_5lLTlBuTgiC4OA&mlSearchSessionGuid=a3cd6718a5962abc2f653259f6a8f554;Санкт-Петербург;sale;flat;1;9;3;57.0;8500000;Колпинский;Тверская ;44;Шушары;
Колвэй;real_estate_agent;https://spb.cian.ru/sale/flat/333228665/?context=4.GYNJepQkk6M.F6I48mBD9xJJZLQM_wVhRwEYyQUDPXS-gTFg9-_X8rsBRgyjXmXhaPkp-7XyNjA3h4X4kOiSFd2QJQ&mlSearchSessionGuid=a3cd6718a5962abc2f653259f6a8f554;Санкт-Петербург;sale;flat;3;4;2;85.5;28000000;Пушкинский; Луначарского;16к2;Купчино;
Колвэй;real_estate_agent;https://spb.cian.ru/sale/flat/300013482/?context=4.FeV5J-6QYes.k7l_GDvwHEAatcm7mvBEMNDDU6X1WMjUD1IqMmTr0Mu3gACpwDawhIL-QlqEfZy0IM_Pg4RljG9DMg&mlSearchSessionGuid=a3cd6718a5962abc2f653259f6a8f554;Санкт-Петербург;sale;flat;5;7;3;81.0;19950000;Красногвардейский;Новочеркасский проспект;41/14;Новочеркасская;
Колвэй;real_estate_agent;https://spb.cian.ru/sale/flat/333979665/?context=4.7g9DQBvqoIo.000AHD2swTrhf_5P4C6RlHReDPANeScK03le78-afhlka7WQKZC17n1Z5_6xf7OYW1bUW3XTq0vybw&mlSearchSessionGuid=a3cd6718a5962abc2f653259f6a8f554;Санкт-Петербург;sale;flat;15;19;2;58.0;15500000;Выборгский;Заречная ;19к1;Парнас;Паркола
Time RieltoRs;real_estate_agent;https://spb.cian.ru/sale/flat/328229036/?context=4.7NS3wph_Mn8.VLpHRZgMag8joBe7psgKWyrYeK24-m1uxftFNgiHvUhJx9lbThr1m6ejmfWOVoYfkpn7cmWKErQjgw&mlSearchSessionGuid=a3cd6718a5962abc2f653259f6a8f554;Санкт-Петербург;sale;flat;2;3;4;260.0;55000000;Выборгский; Береговая;18к1;Проспект Просвещения;Новая Скандинавия
Колвэй;real_estate_agent;https://spb.cian.ru/sale/flat/332264003/?context=4.jWjn_LqwLa0.LkYwWLS2mXFK80ye3hrDh9F2E5LgLuYC1JQBoIuMOQRaZcbukTknFCiu6kSS4PVt9IsyZYdHbdt3tw&mlSearchSessionGuid=a3cd6718a5962abc2f653259f6a8f554;Санкт-Петербург;sale;flat;5;5;3;42.2;5750000;Колпинский; Танкистов;30;Шушары;
Колвэй;real_estate_agent;https://spb.cian.ru/sale/flat/321845674/?context=4.F3pNj5BBMds.m1_7RIl1j9MgxoTLM3c0YJzs0gBfAJgeIhGpLEHkPtQVgTBNGvOflVZO5JH8-pTQW4-jnVamwbbCIQ&mlSearchSessionGuid=a3cd6718a5962abc2f653259f6a8f554;Санкт-Петербург;sale;flat;9;9;2;58.8;11500000;Пушкинский;Красносельское шоссе;55;Купчино;Идеал
Колвэй;real_estate_agent;https://spb.cian.ru/sale/flat/328955419/?context=4.TaDkWUVU0xE.IYx6nZzSUUpUnPoYsUioLGwnoE2ItHa15FMqmMt79It3fx37MJ1CLbrtVi21wx4A21KzMjw3_0TwSg&mlSearchSessionGuid=a3cd6718a5962abc2f653259f6a8f554;Санкт-Петербург;sale;flat;6;9;3;65.0;13100000;Невский;Народная ;1;Ломоносовская;
Колвэй;real_estate_agent;https://spb.cian.ru/sale/flat/321903948/?context=4.461QwUaG88I.N7jqgNjNMkY15aYepvUIjJctRrYk1CA1Hp6qHMWaLhYSqwDFGen8ZLNHDvmQbac2dX5AruO8xErZiA&mlSearchSessionGuid=a3cd6718a5962abc2f653259f6a8f554;Санкт-Петербург;sale;flat;2;6;3;128.4;26000000;Центральный;Невский проспект;119;Площадь Александра Невского;
Колвэй;real_estate_agent;https://spb.cian.ru/sale/flat/325142033/?context=4.5qYUDsHMJIw.c5OieS1WBIo_Jfzhc8ycR8XpoFTrhAhfVDGYXkirsAR7_s4KZ_J9PsVgvjkupRJuEzre9GrNOg7CmQ&mlSearchSessionGuid=a3cd6718a5962abc2f653259f6a8f554;Санкт-Петербург;sale;flat;4;6;4;101.0;15000000;Адмиралтейский;Подольская ;39;Технологический институт;
Колвэй;real_estate_agent;https://spb.cian.ru/sale/flat/330169719/?context=4.GQZnIDWmNNU.Kgl57gY2gPGjVU1QJ_fitNZkhMJFhzIphrQCji3nXGOPiEtvFA0RF-gA07pZVzREwdc0kWOVgvGbLg&mlSearchSessionGuid=a3cd6718a5962abc2f653259f6a8f554;Санкт-Петербург;sale;flat;5;5;2;51.8;9590000;Пушкинский; Галицкая;6к1;Шушары;
ID 27815782;realtor;https://spb.cian.ru/sale/flat/334225439/?context=4.uy5TtXG_lTk.WzKVY47P1UzyUIO_e9hhvrPiDFiziBACMQlh6WFEtoy6V3FebA3ATRbmhoSRJm3pb9RvJ-MEGv97cQ&mlSearchSessionGuid=a3cd6718a5962abc2f653259f6a8f554;Санкт-Петербург;sale;flat;6;16;3;85.0;30900000;Московский;Варшавская ;69к3;Московская;
Анастасия Перепелкина;realtor;https://spb.cian.ru/sale/flat/334596809/?context=4.V17d991HiuA.crFuQX2jeLAppg5oVMNduWD9zMHKrHJIEbmyGg0Yhz0ZO0qSy4BKD17S-mr85p6CQvhJ4I5lXGLHIQ&mlSearchSessionGuid=a3cd6718a5962abc2f653259f6a8f554;Санкт-Петербург;sale;flat;5;20;1;33.8;12400000;Василеостровский;бульвар Головнина;10;Приморская;"Светлый мир ""Я-романтик"""
ID 52112381;official_representative;https://spb.cian.ru/sale/flat/333416086/?context=4.0BbPvlRGVIw.QcYgTabY8tTBPRuOXW3VT9lKPf-RBBRpdBc-Cp1l_NwrwFXuiN7zAC-r_NoRvZeyzUD57MGHbR-o2g&mlSearchSessionGuid=a3cd6718a5962abc2f653259f6a8f554;Санкт-Петербург;sale;flat;21;23;1;35.0;12100000;Красногвардейский;Екатерининский проспект;2;Ладожская;Екатерининский
ID 61218257;unknown;https://spb.cian.ru/sale/flat/333689879/?context=4.OsRQaZZTTTc.WCOmMBkPBt2fn8y_MKx1UTfstgxXg5dZhghREgT8ZHUTMpisxxUP7c_fSd1EzMDmpkcifVbaBNrQ8A&mlSearchSessionGuid=a3cd6718a5962abc2f653259f6a8f554;Санкт-Петербург;sale;flat;13;14;2;59.8;22000000;Василеостровский;набережная Миклухо-Маклая;3к1;Приморская;Морская набережная.СиВью
ID 136999567;realtor;https://spb.cian.ru/sale/flat/332450366/?context=4.P8d9O-bBmTA.GR2JXh6r7eVi7gexNQe2YlRoa3COWlfrgqBIvewVHYPV-u_0QXKPx0Op3LomfI5F7en6J-LuJfWgcQ&mlSearchSessionGuid=a3cd6718a5962abc2f653259f6a8f554;Санкт-Петербург;sale;flat;3;10;2;57.0;14990000;Выборгский;проспект Художников;30К1;Проспект Просвещения;
ID 224393;unknown;https://spb.cian.ru/sale/flat/334671022/?context=4.OZggL0PEvig.HE8GG2E2Aewz3N-pWmzbInh44G8Q5aDlThiXiBlCAEkGeMjYj4quc0Wt13_FaaBGdynIa1RodZaRTQ&mlSearchSessionGuid=a3cd6718a5962abc2f653259f6a8f554;Санкт-Петербург;sale;flat;1;5;2;58.0;17500000;Центральный;Коломенская ;42;Лиговский проспект;
ID 15884072;realtor;https://spb.cian.ru/sale/flat/332178001/?context=4.5nbui_Wz5qU.UWiB3pbeXm4WOVIToyb6ngUFNIeVQH6KuHtfzhpJs2veBLHRRTpXnSvIDXsB5CW2LRvUaPZteKBDuw&mlSearchSessionGuid=a3cd6718a5962abc2f653259f6a8f554;Санкт-Петербург;sale;flat;3;9;1;37.9;23500000;Адмиралтейский;набережная Обводного Канала;169;Балтийская;Лермонтовский 54
ID 104503323;realtor;https://spb.cian.ru/sale/flat/329188727/?context=4.3gi1XS17kc0.o1feEgG1GlKvXlHMHOqB6oLvEjvSle9QBrmSx1R6eaXfvxY7MbD_05A2suS8xLj23OTOMtEkLFJOAg&mlSearchSessionGuid=a3cd6718a5962abc2f653259f6a8f554;Санкт-Петербург;sale;flat;1;13;2;60.0;12200000;Красносельский;проспект Ветеранов;169к3;Юго-Западная;Солнечный город
Вячеслав Кравченко;realtor;https://spb.cian.ru/sale/flat/332549413/?context=4.YfB-43gFC0E.Ui-ZtykRoEN-1qBESiDlPFNqkCOVo34XyQO3QPi5u3ZgPg2TW6bEAE1u7RRNrmAuhuiFq9YOgsX8Kw&mlSearchSessionGuid=a3cd6718a5962abc2f653259f6a8f554;Санкт-Петербург;sale;flat;5;7;4;124.9;89000000;Приморский;Приморский проспект;46;Старая Деревня;Stockholm
ID 73480897;realtor;https://spb.cian.ru/sale/flat/327854611/?context=4.ArfOmilnbhs.iBgQ5wTCbiQVvKSacAWB9kOtSxZMIwMQuyOiHSp12DeolTRntdLu8o2wkXI41CwKpQ1Oud9-iGj-vA&mlSearchSessionGuid=a3cd6718a5962abc2f653259f6a8f554;Санкт-Петербург;sale;flat;9;9;3;60.1;13400000;Приморский;аллея Поликарпова;3к1;Пионерская;
ID 6892654;unknown;https://spb.cian.ru/sale/flat/328424141/?context=4.s0ogTCaHSVw.5C95AYdlA9wh7FB3XiMEEXGY2fE9QI4h6TYkpJ0PPms7mmNeKjyZGL8Zwf_9FlyjnACcL-y9ZCpbag&mlSearchSessionGuid=a3cd6718a5962abc2f653259f6a8f554;Санкт-Петербург;sale;flat;3;5;3;84.0;27500000;Петроградский;Ропшинская ;11;Чкаловская;
ID 124954521;realtor;https://spb.cian.ru/sale/flat/332967652/?context=4.DeUoImGQ_J4.nxGkkAZYq34qzttiX-U64OExXOBYWBZ67RoAzpRE8yT8FlwtrnAKwUiGOOcUHNo8lMuuJiv1vPyr4g&mlSearchSessionGuid=a3cd6718a5962abc2f653259f6a8f554;Санкт-Петербург;sale;flat;3;5;2;44.8;9150000;Московский;Новоизмайловский проспект;39К1;Парк Победы;
ID 46934238;realtor;https://spb.cian.ru/sale/flat/334577744/?context=4.O-KTu6Vh9sQ.wKTDoSvriqmB79TNLyWFII04CWKGs2o4pAfYDUL-y79Z2ppX0EcHz1V-saP_ayJ458Ng2ZG24BlWSw&mlSearchSessionGuid=a3cd6718a5962abc2f653259f6a8f554;Санкт-Петербург;sale;flat;6;24;2;59.0;12200000;Невский; Русановская;18к8;;ЦДС Приневский
ID 5630494;realtor;https://spb.cian.ru/sale/flat/334573581/?context=4.0lnM1pQ_nUs.KD9qHDXbuBgQGIHY-vDFAKbzSFCRene_bvRDwCkSdKZ9KYnse0DsBFPVCqsJdYGl1lxy16ja9dWj9g&mlSearchSessionGuid=a3cd6718a5962abc2f653259f6a8f554;Санкт-Петербург;sale;flat;9;10;3;63.1;19685000;Приморский;Торжковская ;11;Черная речка;
ID 119105765;realtor;https://spb.cian.ru/sale/flat/333415549/?context=4.M4iGzp9we_g.WFwpgUmUZDBrPjpSbL9RkZizlzn4DaF_GAYe2UU4oGsWPOvrXH7TSrZy3r3lvSx3nERJmfTBUvuprg&mlSearchSessionGuid=a3cd6718a5962abc2f653259f6a8f554;Санкт-Петербург;sale;flat;15;19;1;38.1;18800000;Адмиралтейский;Московский проспект;73к5;Фрунзенская;Времена года
ID 80664411;realtor;https://spb.cian.ru/sale/flat/332834036/?context=4.-MEVoj_uGbU.Y8BhmBLjnaMGo407eRndd42CDwG95svZNgSvtmv9epMCr6PkkyTUFoD1IAlZYlazBOCGw6SsIt2mQQ&mlSearchSessionGuid=a3cd6718a5962abc2f653259f6a8f554;Санкт-Петербург;sale;flat;6;16;2;63.45;29000000;Адмиралтейский;Московский проспект;71к2;Фрунзенская;Promenade
ID 10339338;realtor;https://spb.cian.ru/sale/flat/333470228/?context=4.5jlpjZ-y_ks.Sg36M70SKMTbUE7jInhoMyNZRqYk0JOMh2DDA_a85i96R-CjXsd6zzGzcxMlrPTOADr_woZy4yQvGA&mlSearchSessionGuid=a3cd6718a5962abc2f653259f6a8f554;Санкт-Петербург;sale;flat;10;12;2;45.0;11900000;Выборгский;проспект Энгельса;141/36;Проспект Просвещения;
ID 88587089;realtor;https://spb.cian.ru/sale/flat/333363327/?context=4.mXigHJRd38Q.Rv_sIa-Qfi5rag8cOiWWBUh3LhstcbUnWFF5tHPMPTWRgZ64Vwubcb1M86mSnJ7A8-Z4MMWTEAaE4A&mlSearchSessionGuid=a3cd6718a5962abc2f653259f6a8f554;Санкт-Петербург;sale;flat;2;13;2;71.3;26750000;Выборгский; Грибалевой;7к3;Лесная;Life Лесная
ID 135619418;realtor;https://spb.cian.ru/sale/flat/323375955/?context=4.G_1rsUfAT8A.NYGYnd2fWhINsh6Gq3QULaajo0-auVb_LKk_RvrJ3wZy29WiweeRRbvJ2Qr1yFYFTgL480rnVcstrg&mlSearchSessionGuid=a3cd6718a5962abc2f653259f6a8f554;Санкт-Петербург;sale;flat;3;10;1;89.0;99900000;Петроградский;Вязовая ;8;Чкаловская;Привилегия
ID 13055306;realtor;https://spb.cian.ru/sale/flat/329741141/?context=4.Htn_nCFVths.kQc_eFfOw2PR4HN4ZHyAEcNb6o7BCOEWzklSoHFtrBvbMCv1FHqsf1StfMJQm270F8gw0V0kmtYUYQ&mlSearchSessionGuid=a3cd6718a5962abc2f653259f6a8f554;Санкт-Петербург;sale;flat;2;5;1;56.0;15000000;Петродворцовый;Санкт-Петербургское шоссе;108;Юго-Западная;
ID 19016532;realtor;https://spb.cian.ru/sale/flat/331364394/?context=4.JX1h5txrH28.yAmllzzrBfBbmtkFfqvDkzgXaEpQEPbUUjnoGBzOHnR-e1W6CDM_7H73obDhsatnBc38nxolhb30_Q&mlSearchSessionGuid=a3cd6718a5962abc2f653259f6a8f554;Санкт-Петербург;sale;flat;4;4;2;76.2;19800000;Пушкинский;Захаржевская ;14;Купчино;Дворянское сословие
ID 39734195;realtor;https://spb.cian.ru/sale/flat/332149603/?context=4.XDAfVGXuz0M.iefx2KPiejBIUGVF16Nl6N0V1q56zw8eNMHUJindJADc6w1WORsRD3BhUwg7Mryqkc5E8mvXV8Wx8w&mlSearchSessionGuid=a3cd6718a5962abc2f653259f6a8f554;Санкт-Петербург;sale;flat;1;6;2;76.7;37900000;Петроградский;Петровский проспект;28к2;Крестовский остров;Grand View
ID 39734195;realtor;https://spb.cian.ru/sale/flat/331227462/?context=4.NtvSrns-zOc.Wn8zX-DZWGLyJlLU8IPGxG_ZSvKsRr2AqNU5EPRD4P3sKmRSDAWJOzQ2ifoK6eKBkYQbFhzzmMu4SA&mlSearchSessionGuid=a3cd6718a5962abc2f653259f6a8f554;Санкт-Петербург;sale;flat;2;9;2;58.3;25900000;Выборгский;Светлановский проспект;45;Политехническая;Дом-бутик Светлановский, 45
ID 78365218;unknown;https://spb.cian.ru/sale/flat/332978792/?context=4.ExZ0iIrOfns.0LuGhYSeo2GZT-_FRp1jPbTKK0C1sTn9RE5oZu-Evi81MiOdZFBRqNh8lYIKlQqeSV1FTFjNPVdXlQ&mlSearchSessionGuid=a3cd6718a5962abc2f653259f6a8f554;Санкт-Петербург;sale;flat;4;12;2;54.4;24900000;Приморский;Белоостровская ;10к2;Лесная;ЦДС Черная речка
ID 14141940;realtor;https://spb.cian.ru/sale/flat/310045562/?context=4.iwXnH_jaWOc.IiDxuyoXmO2exR4m2JSYn8XBk9zKPLl6QbB3eo6yEhrIg56No2e9cwVh11_4em8b8017fCg4Hn50Hw&mlSearchSessionGuid=a3cd6718a5962abc2f653259f6a8f554;Санкт-Петербург;sale;flat;2;4;4;93.0;38500000;Василеостровский;проспект Большой Васильевского острова;4/19;Василеостровская;
ID 80353511;unknown;https://spb.cian.ru/sale/flat/334153699/?context=4.27Digw8fP1A.R5r9gWzEvcbV_n3uA1wsewPQ5p3nB5ahC_qbveVX9OocWxxBYx5iAaly_yEokyi8zcZToIxg6DrimA&mlSearchSessionGuid=a3cd6718a5962abc2f653259f6a8f554;Санкт-Петербург;sale;flat;4;12;1;49.4;24156600;Московский;Заставская ;30;Московские ворота;Клубный дом TALENTO
ID 80353511;unknown;https://spb.cian.ru/sale/flat/334158266/?context=4.SNsfHDRjw1U.Vi3pwYUbeAmEysnbNebpbURbcRxjuoSmB7TvOxm1g1foA8RITfuZE0jP9bmFms9C01k0b2y33_ENWA&mlSearchSessionGuid=a3cd6718a5962abc2f653259f6a8f554;Санкт-Петербург;sale;flat;5;12;3;94.6;43324908;Московский;Заставская ;30;Московские ворота;Клубный дом TALENTO
Этажи Санкт-Петербург;real_estate_agent;https://spb.cian.ru/sale/flat/328906684/?context=4.PQEMzQJeW2E.EILenc39QTnoWBSHzQuIY9u4nvJTNi1yqXnK816ah_lcesFA3u1v8oomFBWIW8c5KxCPyndMDBKxJQ&mlSearchSessionGuid=a3cd6718a5962abc2f653259f6a8f554;Санкт-Петербург;sale;flat;2;4;4;127.0;24300000;Красносельский;Петергофское шоссе;76к13;Юго-Западная;
Петербургская Недвижимость;real_estate_agent;https://spb.cian.ru/sale/flat/333724912/?context=4.r1uLJwPHVgU.RgrhztXDp1rmYz5OkdITZiivKKMCkEy-MbWnqPve5dfyw9Lwv6zNjI3vyeQzfUawdtEQnVU1qM0ShA&mlSearchSessionGuid=a3cd6718a5962abc2f653259f6a8f554;Санкт-Петербург;sale;flat;11;23;2;72.1;19950000;Невский; Дыбенко;3;Улица Дыбенко;Цивилизация на Неве
Петербургская Недвижимость;real_estate_agent;https://spb.cian.ru/sale/flat/334706543/?context=4.Ma1S0KWbUT4.CsT3GxbEcWZVHr9nYTjAoK73k-qDWEHz8qBugsk9oH1tiaaE8c9CM5KE6IdFEBfP5oa1LxXQfGEE3Q&mlSearchSessionGuid=a3cd6718a5962abc2f653259f6a8f554;Санкт-Петербург;sale;flat;4;4;1;35.5;10300000;Пушкинский;Московское шоссе;34;Купчино;
Петербургская Недвижимость;real_estate_agent;https://spb.cian.ru/sale/flat/334706554/?context=4.ASBL3zRUmYo.TChTuYUT5GWwpPf-PSqjjklDRMkibJWCewTUbFeEsQ6YSgQ_ieZetjsEFB6FlHa4Wk-S1ZZQIILYGA&mlSearchSessionGuid=a3cd6718a5962abc2f653259f6a8f554;Санкт-Петербург;sale;flat;10;12;3;56.3;12500000;Калининский;проспект Мечникова;21;Лесная;
СТАТУС;real_estate_agent;https://spb.cian.ru/sale/flat/318562648/?context=4.bs5R5FSDIUg.Akug8ktYj_K9sH71euKCPXljzPA1kBddFRCOcsdP8YRz8tkTG-doSGj_hAAjet2IZEryN3GjeppD2g&mlSearchSessionGuid=a3cd6718a5962abc2f653259f6a8f554;Санкт-Петербург;sale;flat;2;5;4;143.0;60990000;Петроградский;проезд Петровская коса;6к1;Крестовский остров;Петровская Доминанта
Поиск Метров;real_estate_agent;https://spb.cian.ru/sale/flat/334392817/?context=4.3vOMdx0zOUE.bsTVlH6v3MEWLLzyU56T-e-m3A0YIvRtvQUvpfJJ6hnR7PzamV9vaWSyGRfry1VLki-KQuHYeRdFGw&mlSearchSessionGuid=a3cd6718a5962abc2f653259f6a8f554;Санкт-Петербург;sale;flat;3;3;-1;56.3;10500000;Петроградский; Куйбышева;33/8;Горьковская;
ПИА Недвижимость;real_estate_agent;https://spb.cian.ru/sale/flat/329480949/?context=4.R1I6LaVjyn4.Sjg3qlNy0HzOmucurykolcC4v25tinOMGEw32-X5GPLY_n1H5zsCebRv01oPfjeItGFVh5t0U1Queg&mlSearchSessionGuid=a3cd6718a5962abc2f653259f6a8f554;Санкт-Петербург;sale;flat;14;18;4;107.3;16800000;Выборгский; Тихоокеанская;1к1;Проспект Просвещения;в Парголово
Петербургская Недвижимость;real_estate_agent;https://spb.cian.ru/sale/flat/333659078/?context=4.Or8E784P-do.1BIWexOW3JVA6HKK_y-trvWAhYTpHMl3BkvtBL19sKzNH6RoZQHpMwCTtW_BkMw6X7xsWlKjmz1djw&mlSearchSessionGuid=a3cd6718a5962abc2f653259f6a8f554;Санкт-Петербург;sale;flat;7;9;2;44.6;10500000;Фрунзенский;Купчинская ;19К2;Купчино;
Самолет ПЛЮС;real_estate_agent;https://spb.cian.ru/sale/flat/332700603/?context=4.pWzenrD6i6Q.XI3qGtb2f6ZLRDJblGVdU2weQFMpUKzBSS_jgJ6GGkQ5eC7VZg9wIarVNOSQBLbyIYRUkd_1T1NS9Q&mlSearchSessionGuid=a3cd6718a5962abc2f653259f6a8f554;Санкт-Петербург;sale;flat;12;14;2;48.8;15600000;Василеостровский;Морская набережная;41К1;Приморская;
Экспонента недвижимость;real_estate_agent;https://spb.cian.ru/sale/flat/333632337/?context=4.j1U5Jrv2Mgo.eoNfupA8bwgOkS43ioAMhVl4SeGzC-ZWXlhaYft2iznOzvvneR5pvDQ2Me82e7oBd9-LvKY91hX8Jg&mlSearchSessionGuid=a3cd6718a5962abc2f653259f6a8f554;Санкт-Петербург;sale;flat;3;5;3;77.4;18990000;Невский;проспект Обуховской обороны;17;Площадь Александра Невского;
Самолет ПЛЮС Дальневосточный;real_estate_agent;https://spb.cian.ru/sale/flat/329242434/?context=4.i8OA6Tc7s-8.05cOtWFpaTo-2oNmaVo7mSE6Nu2RJXbvi8g_hkmBZ7xNFNxNZ-SZCWCaI2XfOBBVwfjkIgyO6Mju5w&mlSearchSessionGuid=a3cd6718a5962abc2f653259f6a8f554;Санкт-Петербург;sale;flat;7;12;2;49.0;10800000;Фрунзенский;Малая Карпатская ;15;Дунайская;
Ставръ-недвижимость;real_estate_agent;https://spb.cian.ru/sale/flat/331580484/?context=4.-aOpwgQCYqI.5ivk7slnVy5MR-zGuudUtmPXWW6c66LSc0_-NFf9EbFhxEZIkL8QajG4MymcDE3ePu-kDc98vB8t-A&mlSearchSessionGuid=a3cd6718a5962abc2f653259f6a8f554;Санкт-Петербург;sale;flat;14;16;3;124.2;42000000;Василеостровский;Морская набережная;17к3;Приморская;
Петербургская Недвижимость;real_estate_agent;https://spb.cian.ru/sale/flat/333386574/?context=4.3wQNzI-ZAso.SUUgK6GOw7_xK6rnrE9zUoD29mkpQ8SM7UHmJIf1We73kQjtkYowvhMsaB3SQpRWd6fCUj9ZYSlJvA&mlSearchSessionGuid=a3cd6718a5962abc2f653259f6a8f554;Санкт-Петербург;sale;flat;4;5;1;37.8;9900000;Московский;Пулковское шоссе;95к4;Московская;Парадный ансамбль
Самолет ПЛЮС;real_estate_agent;https://spb.cian.ru/sale/flat/333979629/?context=4.pcJDjn7O8dk.sDOhJs5ZjDlnzNNvrvPiWrXVb-Aj7vLBs29tFqfT4YGNYok3yFp7JuRCuRMOOE0ffR8KtgfJpvgr_g&mlSearchSessionGuid=a3cd6718a5962abc2f653259f6a8f554;Санкт-Петербург;sale;flat;11;16;1;44.8;14700000;Кировский;проспект Ветеранов;75к1;Проспект Ветеранов;Чистые пруды
Прогаль;real_estate_agent;https://spb.cian.ru/sale/flat/328059693/?context=4.vI3mFqM1Qqo.E8M0Pp__GIxBE08s4MFImkUEYayYSg_UhUZ79Kx8CpFg4mXPetabXfGRLTjYCt2tJfrHKrGyW2L-5g&mlSearchSessionGuid=a3cd6718a5962abc2f653259f6a8f554;Санкт-Петербург;sale;flat;3;4;3;55.3;7189000;Петродворцовый;Александровская ;40;;
АУРУМ;real_estate_agent;https://spb.cian.ru/sale/flat/333151569/?context=4.UFTvxlopWNo.86ow7qofQ-0FH3vhr8JAkdJU4yHYAuWHMkogs4Cj8nkeh_rxO2B9kvc3Oc7dCRl3Qn7Yc6euZtpLqw&mlSearchSessionGuid=a3cd6718a5962abc2f653259f6a8f554;Санкт-Петербург;sale;flat;7;7;3;90.3;23500000;Московский; Типанова;4;Московская;
Инд. Предприниматели;real_estate_agent;https://spb.cian.ru/sale/flat/334331169/?context=4.grzO397_PM0.0jZOr3phyEcZlJmYrDjyneJyC5kIuLYp0BVQlRYjwE8LYPH3Ghz6V-I4wvvHD01IM069PnXFauIMyQ&mlSearchSessionGuid=a3cd6718a5962abc2f653259f6a8f554;Санкт-Петербург;sale;flat;4;9;4;159.0;92590000;Петроградский;Петровский проспект;11к3;Крестовский остров;NEVA HAUS
Гюльнара Лазарева;realtor;https://spb.cian.ru/sale/flat/334441003/?context=4.Zi4hXIcynb0.29cjeK0VgfUUqgCMZp59auwMq1m_0SThwzXX_VlQpqDtEsM9Z4V0djFCBjsYlLhSwNNZZ_piia8exw&mlSearchSessionGuid=a3cd6718a5962abc2f653259f6a8f554;Санкт-Петербург;sale;flat;4;10;2;65.2;29000000;Адмиралтейский; Парфеновская;9к1;Фрунзенская;Квартал Галактика
ID 111342497;realtor;https://spb.cian.ru/sale/flat/329976128/?context=4.nxqu1pMeiHY.XDfB-9Xzy2LgM6hs5FhdVFdah1wDwSlqmBGyQHJlQuk3ObDM-mOG9XkVGeb88Qn86IDSRbxYSdW94g&mlSearchSessionGuid=a3cd6718a5962abc2f653259f6a8f554;Санкт-Петербург;sale;flat;14;14;3;84.0;34700000;Адмиралтейский; Парфеновская;7к3;Фрунзенская;Квартал Галактика
ID 12621399;unknown;https://spb.cian.ru/sale/flat/333640568/?context=4.cpNA5M0Uqc4.73KSUKgSt6qiyZUS0bfh-rqnFQlVI2GJLX44dYqg1UJQm1QkfvV2QrbudFLwSoK37w812alXXbbubA&mlSearchSessionGuid=a3cd6718a5962abc2f653259f6a8f554;Санкт-Петербург;sale;flat;5;5;2;47.6;18500000;Красногвардейский;Среднеохтинский проспект;40;Новочеркасская;
ID 97068974;realtor;https://spb.cian.ru/sale/flat/329309021/?context=4.Jjg9a4zpsIs.2yBOfTHVVHFrynd9kJZ_GzECL8NnFTEOkVDLQlRC2VCa-srsXG-49hSNcCy1525GK9DiMNXaWkW1RQ&mlSearchSessionGuid=a3cd6718a5962abc2f653259f6a8f554;Санкт-Петербург;sale;flat;7;21;1;42.0;9990000;Приморский;Парашютная ;58;Комендантский проспект;Каменка
ID 61213329;realtor;https://spb.cian.ru/sale/flat/334671405/?context=4.oZ_AWQXixvY.uD8gAEeuufA8Vxqab669Ntf2btPAlZMHD9Wx4vsCX2TmWm8wqKxlu3YjYw-TeeTTmXDwh-8MDUcVyQ&mlSearchSessionGuid=a3cd6718a5962abc2f653259f6a8f554;Санкт-Петербург;sale;flat;3;9;1;61.6;18700000;Калининский;Гражданский проспект;107к4;Гражданский проспект;Main House
ID 134473988;realtor;https://spb.cian.ru/sale/flat/334656820/?context=4.r0oDuilKJl0.VB94Wi4tWUh64WUAxbd3nhcb3Cl0g3-_6aM8A-b7t21t1igHVIl8xHllP1hxq_zH6m28Tr6nbJSUHg&mlSearchSessionGuid=a3cd6718a5962abc2f653259f6a8f554;Санкт-Петербург;sale;flat;5;5;2;43.7;8800000;Невский; Цимбалина;34;Ломоносовская;
ID 672304;realtor;https://spb.cian.ru/sale/flat/334444678/?context=4.GHdgisWl8L4.WWFBzStQXcCML57bVppYi2MKEcyueOozV2bD6AIuT85Orw4pu6NjUmqyXRjw802AMryIqS4ExxnoZw&mlSearchSessionGuid=a3cd6718a5962abc2f653259f6a8f554;Санкт-Петербург;sale;flat;12;25;1;36.0;9800000;Выборгский; Валерия Гаврилина;13к1;Парнас;Северная долина
ID 86142557;unknown;https://spb.cian.ru/sale/flat/324326446/?context=4.SrWAkjofmpA.P_vxytqyLZPDtIJvurItkuENypmVg0HUS3aEGOd9SwUdxWcbYOJx4wg9gqSmWbUzHDZh7wdg_PXI5A&mlSearchSessionGuid=a3cd6718a5962abc2f653259f6a8f554;Санкт-Петербург;sale;flat;3;3;2;71.0;18750000;Василеостровский;20-я Васильевского острова линия;1;Горный институт;
ID 97068974;realtor;https://spb.cian.ru/sale/flat/330536470/?context=4.A4EKu2DWb7Q.iFOrYi5mak3aCdkecy2nIwa3UzbjxEaoCx1NeDB9bQSI9OeUotyNln3LCDsqjdGUX7OQF0_ZzwplIA&mlSearchSessionGuid=a3cd6718a5962abc2f653259f6a8f554;Санкт-Петербург;sale;flat;4;21;2;62.0;14300000;Приморский;Парашютная ;58;Комендантский проспект;Каменка
ID 17834058;unknown;https://spb.cian.ru/sale/flat/334557555/?context=4.mNw1aphgQcA.BmEp1KG26tBZbFX2_k7tyNVX0PfHldVn5xEXCnjI255me9RJVKiv2yauerFGO5GHSCj9yLZW-ZGp5A&mlSearchSessionGuid=a3cd6718a5962abc2f653259f6a8f554;Санкт-Петербург;sale;flat;3;4;1;47.8;15490000;Курортный;Авиационная ;5к1;Беговая;Лисино
ID 75466353;realtor;https://spb.cian.ru/sale/flat/334486820/?context=4.nmRkn7dGQ7Y.FX1a6X-M19LmfnRljSA6X5hG3lF3XAMGNEZXhgfU5JMWkR-R5a6R2hu2ZLtXQHSbjseEotC-sZPfHg&mlSearchSessionGuid=a3cd6718a5962abc2f653259f6a8f554;Санкт-Петербург;sale;flat;4;9;2;47.0;13650000;Выборгский;Сиреневый бульвар;7К1;Проспект Просвещения;
ID 119222393;realtor;https://spb.cian.ru/sale/flat/334462793/?context=4.ptk6pLoQpLU.BnvNF320ar-R6XlGUAPxhsxhaOSehvgjea8ndPsCbEFsaCqBgaJnnqcDqbBHqTUxuaW4aAn6gWF7vw&mlSearchSessionGuid=a3cd6718a5962abc2f653259f6a8f554;Санкт-Петербург;sale;flat;5;12;3;104.0;47500000;Выборгский;Светлановский проспект;14к1;Политехническая;Панорама парк Сосновка
ID 80380553;realtor;https://spb.cian.ru/sale/flat/326710619/?context=4._5qvmkNoY5U.byDkSzkddO4R9S8d3LeRFNkVo9tyT8y99uEG3ULh0sTEbnBr3mvfVaasyWRxGAtelfTT5nJkjrMFpw&mlSearchSessionGuid=a3cd6718a5962abc2f653259f6a8f554;Санкт-Петербург;sale;flat;4;11;4;110.0;88950000;Петроградский;Петровский проспект;11к3;Спортивная;NEVA HAUS
Агентство недвижимости Сергея Галлера;real_estate_agent;https://spb.cian.ru/sale/flat/320976344/?context=4.HjhUiPXIMDA.P3Jb6SvYR6v8v92j6EHHlijrsVve8RhnvoXB5ckF9BOgbza6BZ0VdmsPlP4nydNKVIceAcycO5nDoQ&mlSearchSessionGuid=a3cd6718a5962abc2f653259f6a8f554;Санкт-Петербург;sale;flat;7;9;2;65.8;37300000;Центральный;Кременчугская ;11к3;Площадь Александра Невского;Николаевский ансамбль
Агентство недвижимости Сергея Галлера;real_estate_agent;https://spb.cian.ru/sale/flat/301452158/?context=4.EVMoefM04S0.afWEH38LSPi_uZa_HPOvfBH3GMmGaEP-R11ceS8suYkII8xbxWLwMY9mxi6Bx08CykFhe8xSKWU4ug&mlSearchSessionGuid=a3cd6718a5962abc2f653259f6a8f554;Санкт-Петербург;sale;flat;5;5;2;64.4;20200000;Центральный;Невский проспект;53;Маяковская;
Агентство недвижимости Сергея Галлера;real_estate_agent;https://spb.cian.ru/sale/flat/319643523/?context=4.i59cnI1OQAI.obIL1xGs1NnWVUx5c1mXABHBSz31sWZaEptk8EIM9YUaPk8UH2L7-noivYXgOdJkpux3VHQnNUpROA&mlSearchSessionGuid=a3cd6718a5962abc2f653259f6a8f554;Санкт-Петербург;sale;flat;6;13;2;46.1;10500000;Невский;Варфоломеевская ;6;Ломоносовская;Апарт-отель Начало
Самолет ПЛЮС;real_estate_agent;https://spb.cian.ru/sale/flat/332643114/?context=4.Uasp4fNhAAk.s7aVx-cqQfdR5c6XNrBg4xb5rjPh3aFKpI0soKjPqwKGGicWz-QXiQdXOWju4Jr9WR0YD_7u9J21sw&mlSearchSessionGuid=a3cd6718a5962abc2f653259f6a8f554;Санкт-Петербург;sale;flat;10;14;1;40.6;9690000;Приморский; Матроса Железняка;1А;Черная речка;
Балтийская Коммерция;real_estate_agent;https://spb.cian.ru/sale/flat/316379160/?context=4.FV0BoPuFX8E.XdRSvwEsH2V6HWfh9AGE3p6Doi8XGFhap7AxUVy6ZIR7wCbn82tM3hx4-v8nx8PptiCoOuOUOki5dA&mlSearchSessionGuid=a3cd6718a5962abc2f653259f6a8f554;Санкт-Петербург;sale;flat;2;9;2;91.0;37765000;Петроградский; Чапаева;17к2;Петроградская;Мануфактура
Балтийская Коммерция;real_estate_agent;https://spb.cian.ru/sale/flat/316364133/?context=4.QmUiRu_6bwE.RStmxqtEPXOUI2vdvEEVdqhO8py8QNXjyzxUpCRtAywmHZsm7dlgGccweN82QLO8yPW6PiRqzHOPQg&mlSearchSessionGuid=a3cd6718a5962abc2f653259f6a8f554;Санкт-Петербург;sale;flat;1;9;2;113.4;45927000;Петроградский; Чапаева;17к2;Петроградская;Мануфактура
Зинаида Ефимова;realtor;https://spb.cian.ru/sale/flat/334003748/?context=4.5ykr80pl_Xs.TuxmVTkUJY39GH-SNCnTdZRsgKj4TYisE85u-VvUJpyxDhVvC6_4ohrJIl7WJiyS3eT8iZnYtuJy3w&mlSearchSessionGuid=a3cd6718a5962abc2f653259f6a8f554;Санкт-Петербург;sale;flat;10;12;2;54.0;11790000;Фрунзенский; Олеко Дундича;35К3;Дунайская;
ID 10883969;homeowner;https://spb.cian.ru/sale/flat/332376161/?context=4.K7H93lpMZ4w.-_AWNf4iJX13fiScIv2ssksTAr3QroLiaoQeAz7nkFXVfIasvjHr5YyNG2VDI8QClcD_76x2hHQmgQ&mlSearchSessionGuid=a3cd6718a5962abc2f653259f6a8f554;Санкт-Петербург;sale;flat;23;25;1;33.0;11700000;Выборгский; Руднева;14к2;Проспект Просвещения;Поэт
Самолет ПЛЮС;real_estate_agent;https://spb.cian.ru/sale/flat/332927203/?context=4.LLPUDmiG53Y.emlNTmOBahe939EfJvxbLuLEOp4sZ0qwgiA2j6VofHn-3BeReVf2TnJjglpcFkkS7IYFfW3MwOWRRw&mlSearchSessionGuid=a3cd6718a5962abc2f653259f6a8f554;Санкт-Петербург;sale;flat;2;6;4;186.8;49800000;Петроградский;Кронверкская ;12;Петроградская;
ID 13112850;homeowner;https://spb.cian.ru/sale/flat/334754357/?context=4.wNrZIQJa8UY.2Ojt5H2gL9-dQr04xo3dUSHjOzjU3KjjzMbKh1mLsRtZV9P8snezG30pqln88EeI-G00-Lz89vu-kw&mlSearchSessionGuid=a3cd6718a5962abc2f653259f6a8f554;Санкт-Петербург;sale;flat;1;8;4;83.4;15550000;Василеостровский;12-я Васильевского острова линия;13;Василеостровская;
ID 125084103;homeowner;https://spb.cian.ru/sale/flat/334169320/?context=4.YkxEBlSAjzw.iV8CDLpdfnnsErq1Zlc53wnZ5iUFqbmZU8lnrUPGDZ7cx8LDgGfHaerexgMgUEIMmq_CTLlrdw1hEw&mlSearchSessionGuid=a3cd6718a5962abc2f653259f6a8f554;Санкт-Петербург;sale;flat;18;24;1;34.0;11000000;Выборгский; Валерия Гаврилина;3к1;Парнас;Северная долина
ID 128497042;homeowner;https://spb.cian.ru/sale/flat/334310599/?context=4.XWWZnUef1XE.tD-UfXSghDhngCP72QR889j5ev846kvR023KZCMT_aGIiGDlIZk1rt7oLf11hnRtxMy8J-qy1hGebQ&mlSearchSessionGuid=a3cd6718a5962abc2f653259f6a8f554;Санкт-Петербург;sale;flat;15;25;1;35.8;10100000;Невский;проспект Большевиков;66к5;Ломоносовская;Октябрьская набережная
ID 142590030;homeowner;https://spb.cian.ru/sale/flat/332922755/?context=4.QSXb6AO7gQs.UKhS1_C6Tl0iZ8beRGo3IMG3dW6Y95Y4xqSmhe5wmWV0xo7is5b3WXax4YrioswhKOOtFhzZXNLS4Q&mlSearchSessionGuid=a3cd6718a5962abc2f653259f6a8f554;Санкт-Петербург;sale;flat;11;13;1;34.3;9000000;Приморский;Планерная ;89;Комендантский проспект;New Time
ID 117033394;homeowner;https://spb.cian.ru/sale/flat/332328983/?context=4.mwopXHM0gHQ.7G5-H9OEoG7AxbFxc2XHxGgPyVqd2bPoRq3ajjMBfkp9RBGQzzlk03Eig5hY7T5NbSg7xZ9tnuusWw&mlSearchSessionGuid=a3cd6718a5962abc2f653259f6a8f554;Санкт-Петербург;sale;flat;3;9;2;46.0;7590000;Колпинский; Адмиралтейская;21;Шушары;
ID 138478918;homeowner;https://spb.cian.ru/sale/flat/334532637/?context=4.XKyKQ1fdR4c.4Tuloiy9mpWL4-kuNQvJWKEwpjoa0SMdSTxb4sD4WYiIk5pjUvR5QleN5YVcQe7z7WBv4D9jjGQO6w&mlSearchSessionGuid=a3cd6718a5962abc2f653259f6a8f554;Санкт-Петербург;sale;flat;5;12;1;35.47;13800000;Московский;Кубинская ;80к2;Ленинский проспект;Титул в Московском
ID 98117841;homeowner;https://spb.cian.ru/sale/flat/334639407/?context=4._5D_RhX1X3A.pfnXw0DmZN_TOnUa50mYxWedYBnrPWrpa2nGmauw7J6m5DyBe8VkAK-E9tXixqDeKkMsnmkJgrWiew&mlSearchSessionGuid=a3cd6718a5962abc2f653259f6a8f554;Санкт-Петербург;sale;flat;15;17;1;39.8;13000000;Приморский;Туристская ;24/42;Беговая;Якорь
Татьяна Баранова;realtor;https://spb.cian.ru/sale/flat/333699107/?context=4.489HJcazexc.I7NwDFOIZdn9grfI4jcsoKstJHCdaSZXpIywB_epmoTz-mCu3Py1dzIYXoiJdRs0P_eQ4rybaXlLzA&mlSearchSessionGuid=a3cd6718a5962abc2f653259f6a8f554;Санкт-Петербург;sale;flat;5;16;2;65.3;11700000;Красносельский; Коммунаров;188к1;Юго-Западная;Дудергофская линия 3
ID 142934690;homeowner;https://spb.cian.ru/sale/flat/333813918/?context=4.g9N9dOPFXk8.16w-nGvXmfPy3ewXxbKPzxJgpNYpMmKHVF-uDOsXo9Yon_x2dRCNHa6oWjvi-DbVC8DtbPzOXRMFNA&mlSearchSessionGuid=a3cd6718a5962abc2f653259f6a8f554;Санкт-Петербург;sale;flat;1;5;2;42.9;6500000;Колпинский; Варвары Петровой;;Рыбацкое;
ID 140268434;realtor;https://spb.cian.ru/sale/flat/333994064/?context=4.obJTKVA8nSU.QbyRWEebOTn2djpLzahori4cS19t2PRfIUnHsmjrE7Vx_s6nC0XWHPEDbYQX5jq6munSsyD-N3gUpg&mlSearchSessionGuid=a3cd6718a5962abc2f653259f6a8f554;Санкт-Петербург;sale;flat;20;21;1;37.4;10000000;Красносельский;Ленинский проспект;43;Юго-Западная;Огни Залива
ID 71338788;homeowner;https://spb.cian.ru/sale/flat/332937124/?context=4.lvwtyURBXIU.GTVQKH2E52EGbFLWpTfU2gQZ8J9sodKKBSuOJ9QUWNE9Ge4ZM4aMtn2pTPVsOQQyJ_UsJ8fNtKgnGg&mlSearchSessionGuid=a3cd6718a5962abc2f653259f6a8f554;Санкт-Петербург;sale;flat;6;10;1;40.0;21000000;Василеостровский;26-я Васильевского острова линия;7;Горный институт;Палацио
ID 97875084;homeowner;https://spb.cian.ru/sale/flat/334700049/?context=4._hTsbIrWO2I.ckeea6wgU6XD4a0h7x_XFy3QyItdneiUqSdBHN5fr4781V3ZGFMuvoMfLkgHt7L1Jv4DEDvCh5ct_w&mlSearchSessionGuid=a3cd6718a5962abc2f653259f6a8f554;Санкт-Петербург;sale;flat;3;12;1;35.0;15490000;Фрунзенский; Тосина;1к1;Обводный канал;Аэронавт
ID 110438435;homeowner;https://spb.cian.ru/sale/flat/334376900/?context=4.jgNWaeIF6JA.-tzvwCradhl7RRyTqN0AjVitumtQRk-VgkqPs43D4EpjFf2_Ciafh6V4mXRzGOwWxL1gMJz6UsN3wA&mlSearchSessionGuid=a3cd6718a5962abc2f653259f6a8f554;Санкт-Петербург;sale;flat;5;9;1;33.0;20500000;Московский;Московский проспект;72к2;Фрунзенская;ID Moskovskiy
ID 76493276;homeowner;https://spb.cian.ru/sale/flat/333387360/?context=4.SJvjN4zExxE.nR3_TPx2K7JxkA2_dXsnxAmluo7OSwp78CzYCoLk-RItOdgromJ5DDrDJ827o2IxjgJhE3RzSWfWMQ&mlSearchSessionGuid=a3cd6718a5962abc2f653259f6a8f554;Санкт-Петербург;sale;flat;5;25;1;37.1;10700000;Приморский; Лидии Зверевой;5к1;Комендантский проспект;Шуваловский
ID 21719680;homeowner;https://spb.cian.ru/sale/flat/334373896/?context=4.NT_V_CFyvi0.of1cTanamSYokCBbuXY8w0XjTIDXXGMTSBR8wfeNZUf7xHelZpFYwWyAKzTn5rTuSV74-BbZz_geTg&mlSearchSessionGuid=a3cd6718a5962abc2f653259f6a8f554;Санкт-Петербург;sale;flat;3;7;2;60.3;22950000;Василеостровский;проспект Средний Васильевского острова;28/29;Василеостровская;
Павел Молчанов;realtor;https://spb.cian.ru/sale/flat/334343127/?context=4.gmRYSxj6u38._WRpvgNfAm6jo5g_TTQRSxQMHFrtt0FKpoXCYvPRXOyAGcRRG2Wt2SluPS7WNUPxlEO2FFD0N6yJDA&mlSearchSessionGuid=a3cd6718a5962abc2f653259f6a8f554;Санкт-Петербург;sale;flat;19;25;1;30.5;10500000;Выборгский; Кустодиева;5к1;Проспект Просвещения;Байрон
ID 94375122;homeowner;https://spb.cian.ru/sale/flat/334490433/?context=4.5B2MpSLQC84.wKtJs3I_c9ls8IdmlsMOmwZPY-rR0eEULy9aUxc0Jy0Yxwnr1VQ-IgRqdQLkgkI_k0lzrLew_-WIqQ&mlSearchSessionGuid=a3cd6718a5962abc2f653259f6a8f554;Санкт-Петербург;sale;flat;4;5;2;45.4;9000000;Невский; Цимбалина;54;Ломоносовская;
ID 12527140;homeowner;https://spb.cian.ru/sale/flat/257446641/?context=4.mXH9R8rTWkY.ILx5oxsIZz6gI6o0s3Wjys_a_lsE4gmEMe1nUmBZBS4Qg4oZ6tmWYQeuqk2tOOogr7vbxSpn8ipZWg&mlSearchSessionGuid=a3cd6718a5962abc2f653259f6a8f554;Санкт-Петербург;sale;flat;3;12;2;52.3;14490000;Приморский; Маршала Новикова;1К1;Комендантский проспект;
ID 135713635;homeowner;https://spb.cian.ru/sale/flat/334093488/?context=4.SPs6Xc4j6po.ijnGC9q6KEe3pFwUj2SI7ICdXa8yw6odbvtHutysLvNkrirgqsBAspZYrdokXHUghvKMuPzxAes0Kg&mlSearchSessionGuid=a3cd6718a5962abc2f653259f6a8f554;Санкт-Петербург;sale;flat;5;24;3;76.0;17500000;Красносельский;Ленинский проспект;68;Юго-Западная;
ID 140816120;homeowner;https://spb.cian.ru/sale/flat/329833254/?context=4.H37pvveqJ2k.5WTso2LM4uOOT537CJKiA52nZzj4faiBeMd7hVT0TDcN6txlhInh6zMbdYT-QkhYteNYliVeDqgatA&mlSearchSessionGuid=a3cd6718a5962abc2f653259f6a8f554;Санкт-Петербург;sale;flat;3;5;3;57.4;10900000;Московский;Варшавская ;39К1;Московская;
ID 110124633;homeowner;https://spb.cian.ru/sale/flat/332557488/?context=4.Qd8kICWSf1Q.F-ywwAgGntFObXOflCMcopwWs4Yu0Je-ymtHf7XImbYzmR-5Yk_LAh8gnVbl_rsLVs2f85h1slVz2A&mlSearchSessionGuid=a3cd6718a5962abc2f653259f6a8f554;Санкт-Петербург;sale;flat;2;5;2;42.0;8399000;Пушкинский;Московское шоссе;4;Купчино;
ID 97145718;homeowner;https://spb.cian.ru/sale/flat/334692790/?context=4.MnthWMUTwVw.8yxFJMMsAFQieJzpZpeK5jyAsriks_3hVi_i9q8IZegZm-HtZyvC0-szgmBd9MF_dVM8XYyjsv1HyA&mlSearchSessionGuid=a3cd6718a5962abc2f653259f6a8f554;Санкт-Петербург;sale;flat;6;9;1;39.2;15800000;Выборгский;Светлановский проспект;8;Удельная;Панорама парк Сосновка
ID 106302572;homeowner;https://spb.cian.ru/sale/flat/334413790/?context=4.SO6fBuXVrX8.tUFeJTUxahZQCwlHidIhNP12DsZuQsI2PqphgPvASCSoPCPTvl1EEXVOH4KnX-zlroBVsjHWb_lstQ&mlSearchSessionGuid=a3cd6718a5962abc2f653259f6a8f554;Санкт-Петербург;sale;flat;8;25;1;38.0;11200000;Московский;Витебский проспект;99к2;Купчино;Квартет
ID 12748878;homeowner;https://spb.cian.ru/sale/flat/333249708/?context=4.vDnNuT2fOS4.xjV9c9dDCod8NEX6u6ilnpB8S2v4uJlPbE-8hXehY0kctL42wKflPkULcntKMYUg4F4qm6-I3mFUxQ&mlSearchSessionGuid=a3cd6718a5962abc2f653259f6a8f554;Санкт-Петербург;sale;flat;4;5;2;68.1;29990000;Центральный;Загородный проспект;6;Достоевская;
ID 17980235;homeowner;https://spb.cian.ru/sale/flat/334246337/?context=4.oVZR6et1aZo.tJtVjgXx8J_Plt7ak2I8aoGNPG6ckxkpw8x3-s23xzSP3y9sd8iZyIqdzoZW2t-rf89JOMKjZFp3vQ&mlSearchSessionGuid=a3cd6718a5962abc2f653259f6a8f554;Санкт-Петербург;sale;flat;4;4;1;35.1;10880000;Петродворцовый;проспект Буденного;26к7;Юго-Западная;Любоград
ID 12727424;homeowner;https://spb.cian.ru/sale/flat/334242539/?context=4.wJdkW8R9iCo.cl9PeiatqZ3oWA4XgH6kzI2EmDpDbDN9OYqw_SMMxjkh6Ee6edoJnT42iyqT9sZGjSQd3L5C-CMTIQ&mlSearchSessionGuid=a3cd6718a5962abc2f653259f6a8f554;Санкт-Петербург;sale;flat;6;9;2;49.5;12200000;Калининский; Академика Байкова;5К1;Политехническая;
ID 144305974;homeowner;https://spb.cian.ru/sale/flat/333701709/?context=4.nmpmK8n9boM.InR2DstUqivxDgPDjg4CSH6ALEPcmSf9puK3pIvNNgApfxHjqPvAsYwxeE2_YGgnF1J_dcffdU067A&mlSearchSessionGuid=a3cd6718a5962abc2f653259f6a8f554;Санкт-Петербург;sale;flat;3;18;1;47.0;19800000;Приморский; Оптиков;51к1;Старая Деревня;Атмосфера
ID 49984667;homeowner;https://spb.cian.ru/sale/flat/333795791/?context=4.8Z1hB7UYJsk.NuApYVgwHxYGMNuIOvigNODQxFD2thuka1JPKiD-eOYMz3E5MKCMv8NgcBYDeGZxSK6cB2Xa3RxEOg&mlSearchSessionGuid=a3cd6718a5962abc2f653259f6a8f554;Санкт-Петербург;sale;flat;9;24;2;51.0;13300000;Приморский; Плесецкая;10;Комендантский проспект;Полис на Комендантском
ID 60574930;homeowner;https://spb.cian.ru/sale/flat/323096187/?context=4.TGqZ0H3KrUU.NTFHzMXbXPjgBqllwlIPQPi8CJGCM77TF_epYdHin7jdHncw0bn226pBzTgdSYYp0ZaQO6zkoFMTKQ&mlSearchSessionGuid=a3cd6718a5962abc2f653259f6a8f554;Санкт-Петербург;sale;flat;5;5;3;58.0;12800000;Московский;Кубинская ;54;Московская;
ID 68468929;homeowner;https://spb.cian.ru/sale/flat/334372535/?context=4.DobjCE1BAZo.-3XoggDcu5ejXYe7Pv6K-pG8bpW3WxGC-sOds0rJ799vF1gwZO6DDjb9UlsCgogS_ijgfRhd4xzlOw&mlSearchSessionGuid=a3cd6718a5962abc2f653259f6a8f554;Санкт-Петербург;sale;flat;3;6;5;148.4;42000000;Петроградский; Профессора Попова;41/5;Петроградская;
ID 48310829;homeowner;https://spb.cian.ru/sale/flat/334574527/?context=4.X0oQ6d0_qXA.3u3l5pk0S-IQtUNxXvwpkTdsCHEM-jjlW1LUGo63tEd1Bd9VbURsmQ4k4vEHk0OPWQc4_01dj_NGfg&mlSearchSessionGuid=a3cd6718a5962abc2f653259f6a8f554;Санкт-Петербург;sale;flat;2;12;1;41.7;16590000;Московский;Кузнецовская ;58к3;Парк Победы;Статус у Парка Победы
ID 144650369;homeowner;https://spb.cian.ru/sale/flat/334654806/?context=4.n19mA3HoUBk.dImPdPiYAkhAX-VUioGllak8-FtU9eHSTlfNdxDCs59_M3WvIiyUwcgK5KsTm9_KT8j9LaXVFaK2dw&mlSearchSessionGuid=a3cd6718a5962abc2f653259f6a8f554;Санкт-Петербург;sale;flat;9;12;2;48.0;10999999;Фрунзенский; Олеко Дундича;35К1;Дунайская;
ID 79037950;homeowner;https://spb.cian.ru/sale/flat/333947542/?context=4.clmps4_gO8M.7ONNqQ3zmr0jELrIvQIW2rvKAuSHLj1yDViHLlyGtUm2wxSdEeQPb3uBWvo2ubmjWqFk3fbqs-SDrw&mlSearchSessionGuid=a3cd6718a5962abc2f653259f6a8f554;Санкт-Петербург;sale;flat;15;16;3;82.0;23990000;Приморский;Новоколомяжский проспект;8/10;Озерки;
ID 142898265;homeowner;https://spb.cian.ru/sale/flat/331932996/?context=4.0kQ-Nyraq9I.C_mk3FiBaKixo2YIMmaDGvFlqH2Im4djYtFabyFgoEtEqEqu5QncEs7Krl3RGTxG0jY7-lSzpHYFcw&mlSearchSessionGuid=a3cd6718a5962abc2f653259f6a8f554;Санкт-Петербург;sale;flat;25;25;2;63.8;20650000;Калининский;Пискарёвка;3к11;Лесная;Калина-Парк II
ID 138378120;homeowner;https://spb.cian.ru/sale/flat/330563237/?context=4.Mxv2IuRC4zE.vBwSBvuUcU4_cMrRSjx-IcGHFCIxyAhZeqy_hfxxdwFWFi0y3dCF0Mewx9OSIx4NqG8Svm5SxhUqQg&mlSearchSessionGuid=a3cd6718a5962abc2f653259f6a8f554;Санкт-Петербург;sale;flat;2;6;4;186.8;49800000;Петроградский;Кронверкская ;12;Петроградская;
ID 48850171;homeowner;https://spb.cian.ru/sale/flat/330944210/?context=4.FFJnH-ApIEE.Io6jjr6675ke3SryvTUC8hdfP16t5KQelsgpWE6r-0hdavViZvGrM3AO3H1FBWMpRbX98-WBWADuRQ&mlSearchSessionGuid=a3cd6718a5962abc2f653259f6a8f554;Санкт-Петербург;sale;flat;3;5;2;47.8;6900000;Колпинский; Александра Товпеко;19;Рыбацкое;
ID 122283102;homeowner;https://spb.cian.ru/sale/flat/334073846/?context=4.JVZbIJTlEao.AT3Uu1JIazEoPEwJWsg1bYxEEtzkwOwlTVncTuDml6LsHrPlquoWpQkgiTnIUVIhDMl57SS6FjMT7A&mlSearchSessionGuid=a3cd6718a5962abc2f653259f6a8f554;Санкт-Петербург;sale;flat;13;17;2;72.0;26580000;Выборгский;проспект Пархоменко;19к1;Площадь Мужества;
ID 115709794;homeowner;https://spb.cian.ru/sale/flat/334642361/?context=4.N0tKq70aKyo.6PdtasbjVbTp1smNQr8bSBrdLAMLzCuIW3xxCbadGWMFQwTqrU6kt49SRIbh3w8BKM4BeXBOQlV9VQ&mlSearchSessionGuid=a3cd6718a5962abc2f653259f6a8f554;Санкт-Петербург;sale;flat;9;12;2;45.0;13500000;Калининский;Северный проспект;83;Академическая;
ID 111677659;homeowner;https://spb.cian.ru/sale/flat/334284635/?context=4.mMA-rfnjFMs.6URoX9RipSPzGJ1JJaf1gOqicKtWWRrVraEECbC9irDrehKMXSKvnTRFbIYTAUwFqZjn84_BO22Q5w&mlSearchSessionGuid=a3cd6718a5962abc2f653259f6a8f554;Санкт-Петербург;sale;flat;1;7;1;30.8;7300000;Калининский; Карпинского;22;Академическая;
ID 77978074;homeowner;https://spb.cian.ru/sale/flat/331653900/?context=4.DLoa1nvPBNI.xYNRWu9ziO-cqfRnjlEENrFdJ18ICglzVBeGCNm95pRapi3vFdaWP4JmfY7EAECwYZD9PuilPCsxUA&mlSearchSessionGuid=a3cd6718a5962abc2f653259f6a8f554;Санкт-Петербург;sale;flat;4;8;3;92.2;54900000;Петроградский;Ремесленная ;15;Спортивная;NEVA RESIDENCE
ID 142923434;homeowner;https://spb.cian.ru/sale/flat/331964425/?context=4.4ooKPmgHhEE.zhCY7xH0iqUEYX4j0KVnv3HoGeB3RqyHOomS1eNlQ87qbcTYG_FIs34jW-hhMT1gvcR5-Ruk1E9U1w&mlSearchSessionGuid=a3cd6718a5962abc2f653259f6a8f554;Санкт-Петербург;sale;flat;2;11;2;72.7;37750000;Адмиралтейский;бульвар Измайловский;4к1;Фрунзенская;Галактика Pro
ID 125485467;homeowner;https://spb.cian.ru/sale/flat/328996749/?context=4.bPwjhOEVjdw.-zzjxNMgE5HkoD4jlHMnSWk-4V_c2kgDb-P-k2vhOzPv4NQiJrlHp5EdFhHFQGSo-j32wSyUFif5mg&mlSearchSessionGuid=a3cd6718a5962abc2f653259f6a8f554;Санкт-Петербург;sale;flat;9;10;2;69.41;34700000;Выборгский;Большой Сампсониевский проспект;32;Выборгская;Сампсониевский 32
ID 143235191;homeowner;https://spb.cian.ru/sale/flat/332414827/?context=4.LwcJKTlI59s.wnaluw7Yx_ECp6xbWRV-DLBiMdzJrlwX8Xu8cQETbgQTIi_r6zZ3DDFEV2Pds6xNQP-PkJt1eXO-TA&mlSearchSessionGuid=a3cd6718a5962abc2f653259f6a8f554;Санкт-Петербург;sale;flat;5;9;2;47.6;8300000;Пушкинский;Московское шоссе;268;Шушары;
ID 91539562;homeowner;https://spb.cian.ru/sale/flat/334620298/?context=4.qm8T5C8cXFM.0ZvbMvo3QsMC1d8qXlEVKIxHmit-RlYsJymHF-QJ2giccuTsTckhz6Vzi3xbru1CGYsWBq390YhW4A&mlSearchSessionGuid=a3cd6718a5962abc2f653259f6a8f554;Санкт-Петербург;sale;flat;7;24;1;42.0;12500000;Фрунзенский;Малая Балканская ;20;Купчино;
ID 70367525;homeowner;https://spb.cian.ru/sale/flat/333873321/?context=4.9chD6H2aIhQ.rEK4qetBEicpcwHeqmd9Fw51Y-NMHpll0aNHB-uvCNemF0SmAJjiwCCmviwuXVvipEyiTfjlyWWYyg&mlSearchSessionGuid=a3cd6718a5962abc2f653259f6a8f554;Санкт-Петербург;sale;flat;5;19;1;32.0;12350000;Приморский;Комендантский проспект;60к3;Комендантский проспект;Ultra City 2
ID 95192631;homeowner;https://spb.cian.ru/sale/flat/333230335/?context=4.G9GzR2qT7Ac.8zsM4Jh-gXm7yLbtAA7dKLlQfnvP7SSetRmbBj_e8ya_OCIq5_Yb95KAEyeRmNmgW7RDr6nB8JADIw&mlSearchSessionGuid=a3cd6718a5962abc2f653259f6a8f554;Санкт-Петербург;sale;flat;16;17;1;35.9;11950000;Московский; Среднерогатская;20;Звездная;Две столицы
ID 46671433;homeowner;https://spb.cian.ru/sale/flat/334205189/?context=4.awa2hVptFJc.6C7nTReU7eRS5xI0axG_rehPTbB6c_h98yX_sWrnJe-p24qUbYZmxWdhVBJEJBBVG_OFzBppCLv8Vg&mlSearchSessionGuid=a3cd6718a5962abc2f653259f6a8f554;Санкт-Петербург;sale;flat;2;8;2;82.6;57000000;Петроградский;Малая Разночинная ;10;Чкаловская;Биография
ID 129772435;homeowner;https://spb.cian.ru/sale/flat/333510649/?context=4.27Q-b7M2xXA.GTmmT9g_MToFRER5o4nsjcKUAwwoeiQGKxuM2S2xKTGkwtkqy5FqXKi8lxQVtl-FIQxKcHw-epoGXg&mlSearchSessionGuid=a3cd6718a5962abc2f653259f6a8f554;Санкт-Петербург;sale;flat;4;6;3;69.3;21000000;Кировский; Ивана Черных;3;Нарвская;
ID 81468235;homeowner;https://spb.cian.ru/sale/flat/333702189/?context=4.6iZgnCguZBs.lDzxOMHmNURjFy6lT7jL-iGmPStbt33R1ftJhSTKaQ5KIwW2E1YI5lrtGG8K02KjV2GVmscjnmn6lg&mlSearchSessionGuid=a3cd6718a5962abc2f653259f6a8f554;Санкт-Петербург;sale;flat;5;25;2;57.3;18250000;Московский;проспект Космонавтов;65к2;Звездная;Антей
ID 118901826;homeowner;https://spb.cian.ru/sale/flat/319737242/?context=4.giuJ7uuHz60.PFUuXSXWSff8zwP-PCTLNY6VZI7DoiATtOmBSdQzEZhG0Cbh2VEyiW_KmBB5fmXq_5cAekjZ74OYPQ&mlSearchSessionGuid=a3cd6718a5962abc2f653259f6a8f554;Санкт-Петербург;sale;flat;11;14;2;58.2;11600000;Невский; Архивная;3к1;Улица Дыбенко;Апарт-комплекс Зум на Неве
ID 101676476;homeowner;https://spb.cian.ru/sale/flat/334588397/?context=4.n4oU7rJPqcE.s_MIR11VZe2Nebc5pIIGBnKfjrWNUFEs-dz2tqHAx-8pskkS-eG93iTTRGLREpBifxwfCEyl6tA5hw&mlSearchSessionGuid=a3cd6718a5962abc2f653259f6a8f554;Санкт-Петербург;sale;flat;7;14;1;37.8;22900000;Московский;Московский проспект;;Московская;Граф Орлов
ID 14066298;homeowner;https://spb.cian.ru/sale/flat/327808392/?context=4.mFGds4ZSZjE.F4bKVUbs7q2oJ4tG0ZVB-0VujuIOTZZhbBTdjUy4f1cHHnggZo87dwHkD4Sg-iqM6_-oNllNMyX2Gw&mlSearchSessionGuid=a3cd6718a5962abc2f653259f6a8f554;Санкт-Петербург;sale;flat;20;24;2;54.2;20800000;Калининский;Пискарёвка;7к1;Лесная;Суворов
ID 144953415;homeowner;https://spb.cian.ru/sale/flat/334528398/?context=4.ZvVDur5lFHk._uv8ntUcSRsPUIrudBCGP4XeentQEk25sNPjjsw1LnhnzCiyfhNCtUTN3YErBcvhH2rMCr10C7y5Cg&mlSearchSessionGuid=a3cd6718a5962abc2f653259f6a8f554;Санкт-Петербург;sale;flat;4;13;2;76.9;43500000;Петроградский;Барочная ;12;Чкаловская;Ориенталь
ID 144601601;homeowner;https://spb.cian.ru/sale/flat/334575488/?context=4.ChXgjpciQ8w.hEHvG_H0GggrFh9jIo4H474bq8qX1XO6XgLXz9TPxuq2quaJtgbXGQtjKY1CksSx0gvkeqqOJHSPjg&mlSearchSessionGuid=a3cd6718a5962abc2f653259f6a8f554;Санкт-Петербург;sale;flat;17;24;1;42.8;25000000;Московский;проспект Космонавтов;63к1;Звездная;Гранд Фамилия
ID 77131566;homeowner;https://spb.cian.ru/sale/flat/331735820/?context=4.megbw4fR6f4.QfgPonfpuvL9TRk_5B_KA3yqh4JMHmRHgzAEhx14FwmdRpYtavp_qNnfi7meDaFuOHxOUeqqg-ULqA&mlSearchSessionGuid=a3cd6718a5962abc2f653259f6a8f554;Санкт-Петербург;sale;flat;7;9;2;46.2;7500000;Красносельский; Партизана Германа;22К2;Юго-Западная;
ID 48315169;homeowner;https://spb.cian.ru/sale/flat/334119080/?context=4.LRt-H-C54aQ.LhIDNo3t4r7np_B9fz5Z-h6n8UUSaodOYwgsCXjlI1J9bQalb-W_PZlCRG_OY65dQvpalI15dS2Khg&mlSearchSessionGuid=a3cd6718a5962abc2f653259f6a8f554;Санкт-Петербург;sale;flat;10;10;1;32.5;8500000;Невский;Октябрьская набережная;122к1;Ломоносовская;
ID 71423810;homeowner;https://spb.cian.ru/sale/flat/332789110/?context=4.C6-2orDA0kI.bEs-V6WswoAsdj2h8a5ordeqwoF6t-2IHfcb5xrtxKz_LXXf602N5PuHNUffXRmMOZ08xLznCW96TQ&mlSearchSessionGuid=a3cd6718a5962abc2f653259f6a8f554;Санкт-Петербург;sale;flat;3;24;2;68.0;27150000;Красносельский;проспект Героев;31;Юго-Западная;Legenda Героев
ID 140273620;homeowner;https://spb.cian.ru/sale/flat/332838749/?context=4.ix2Ls3VY4x4.HpVfLQlAafFX0mqaVqyvBRSaINGnAqM5LEsS7xCJtbZTl-_YmakcZces5mHhX_13tnao66NUUGpTLQ&mlSearchSessionGuid=a3cd6718a5962abc2f653259f6a8f554;Санкт-Петербург;sale;flat;10;10;1;38.3;15950000;Василеостровский; Беринга;5;Горный институт;Suomi
ID 143648282;homeowner;https://spb.cian.ru/sale/flat/334203585/?context=4.q98yfU6UTp8.ODsYVH-Ro7JCcvb1_hoRAHs8dSrAlgkbs1NRYi-pxrasUaYiuzMgfyrZh0cU9_CZFwyr3Ihi43JpkQ&mlSearchSessionGuid=a3cd6718a5962abc2f653259f6a8f554;Санкт-Петербург;sale;flat;16;20;1;41.0;11500000;Невский;проспект Уездный;11;Елизаровская;ЦДС Елизаровский
ID 113748171;homeowner;https://spb.cian.ru/sale/flat/330848519/?context=4.oFr9c0IB2sc.Qrq_wqtY2Q4jtVNzh9DMnR2RosSrNQBuyk7fN8hhCnHBeaWhKWu4bPGFf-h9Rs78zAu7KvJOMqGuCg&mlSearchSessionGuid=a3cd6718a5962abc2f653259f6a8f554;Санкт-Петербург;sale;flat;4;8;2;57.0;29000000;Центральный;2-я Советская ;4б;Площадь Восстания;ArtStudio
ID 128989951;homeowner;https://spb.cian.ru/sale/flat/333305289/?context=4.yAq6hnD8qVo.TU0JOuEm62y_9m6VmccsEfqFDsDEOfFdR0TjSu6lF9--UqR9zzfvxeAECeldn55zLUEtmvrVCicLjQ&mlSearchSessionGuid=a3cd6718a5962abc2f653259f6a8f554;Санкт-Петербург;sale;flat;5;13;1;32.4;10100000;Приморский;Планерная ;95к1;Комендантский проспект;New Time
ID 144448259;homeowner;https://spb.cian.ru/sale/flat/334169714/?context=4.7KQiucKzaYw.GkFGzTzP-PKg_VIdkruB1KBz4E1IK1KU74pkE9ngRoJy9idQJRiFOG_H4xLayCZRRolzi30FWTYDNQ&mlSearchSessionGuid=a3cd6718a5962abc2f653259f6a8f554;Санкт-Петербург;sale;flat;8;13;1;38.0;16900000;Выборгский;Лиственная ;20к2;Озерки;Листва
ID 141929219;homeowner;https://spb.cian.ru/sale/flat/333747348/?context=4.EWPsU2pREdc.VrEWfGevbwlDgow56noYSd3sVnokDvIzGawTeUhHtrAQpdqDxwgYmLtnU3EsEht1o1ZQAZIrZj0-0w&mlSearchSessionGuid=a3cd6718a5962abc2f653259f6a8f554;Санкт-Петербург;sale;flat;15;26;1;32.0;7450000;Пушкинский;проспект Новгородский;4;Купчино;Шушары
ID 142238609;homeowner;https://spb.cian.ru/sale/flat/333905148/?context=4.9jX_lSMePwM.-wfOWIJwP16aLDBk0dbHIzVxDxkEO9HqsLG0sRbLaHNiUStEXjYOc4B_OdCA7S9WUk7t_y9PM_m7Dg&mlSearchSessionGuid=a3cd6718a5962abc2f653259f6a8f554;Санкт-Петербург;sale;flat;4;5;4;108.9;19250000;Адмиралтейский; Декабристов;11;Садовая;
ID 12707358;homeowner;https://spb.cian.ru/sale/flat/334517951/?context=4.MZ-NjjoBcdU.cXwjUg97XH05LT8Si6iZ90vLtpH76EYeV3uEwVHBkhni2Jh9BxgAD0xgYcCf8jwutpY-86se7z54eA&mlSearchSessionGuid=a3cd6718a5962abc2f653259f6a8f554;Санкт-Петербург;sale;flat;2;3;3;72.0;24000000;Центральный;набережная Реки Фонтанки;84;Звенигородская;
ID 133580213;homeowner;https://spb.cian.ru/sale/flat/333196072/?context=4.ch5K9VOi4NY.sazAUxK2Zw6gN9KOMY0ztJ2pPllDmG-_oGw0UwstZW59BqPeX7YQ6MC9PJlFqVlYDxefPwGzWvdsRQ&mlSearchSessionGuid=a3cd6718a5962abc2f653259f6a8f554;Санкт-Петербург;sale;flat;8;9;3;61.1;11200000;Невский;Искровский проспект;4К3;Проспект Большевиков;
ID 136078316;homeowner;https://spb.cian.ru/sale/flat/328603741/?context=4.Jv8pxmPrm1w.GovxzL7UbiyFzpHc2Gf2TWGxzjhNRBuW8io4MzJU5iIAfVq1eWcWKyUg2a0GMZbtypteJUWBMH53Dg&mlSearchSessionGuid=a3cd6718a5962abc2f653259f6a8f554;Санкт-Петербург;sale;flat;6;13;1;38.2;10000000;Выборгский;проспект Просвещения;46К1;Проспект Просвещения;
ID 143605087;homeowner;https://spb.cian.ru/sale/flat/332841976/?context=4.4DqEjcL_2Kk.mPRNqScVJIGAmHWsc-E3v81DftnoA5D3W2k8dX0d-9l0wadV4s2the25a6njAEwwCcneywFOhgv21w&mlSearchSessionGuid=a3cd6718a5962abc2f653259f6a8f554;Санкт-Петербург;sale;flat;2;19;2;51.6;13350000;Кировский;Двинская ;10к5;Нарвская;
ID 138383220;homeowner;https://spb.cian.ru/sale/flat/334098921/?context=4.fIDWBMH1-ts.gXq0yu5A_6pYs34gTMucxsw0EWiRcbr0JRTfX5ClGRNQr2jMLpOz8ynn-2G2JGq44ycqb35xj6RLpQ&mlSearchSessionGuid=a3cd6718a5962abc2f653259f6a8f554;Санкт-Петербург;sale;flat;3;12;2;50.0;15000000;Выборгский;проспект Энгельса;143К3;Проспект Просвещения;
ID 115060741;homeowner;https://spb.cian.ru/sale/flat/334296880/?context=4.Mu9aR1vcJu4.KPCdFCTls_F7g9nM79-v2hQyS0QvYfb1g-nJCXnQnDxTqZfKO-yDNYKDjKHhIym_yPeiX5D4FAOo6A&mlSearchSessionGuid=a3cd6718a5962abc2f653259f6a8f554;Санкт-Петербург;sale;flat;16;17;1;39.0;13990000;Красносельский; Адмирала Черокова;20;Юго-Западная;
ID 108249364;homeowner;https://spb.cian.ru/sale/flat/334400635/?context=4.AY3lpQCw3aE.GSL1aT_Jy0qf77miryhxnrUSjzzv5CA1AiXROAKmWYSBtgVNngutvcaevm1Uq_9iCKL628XZhgqu4Q&mlSearchSessionGuid=a3cd6718a5962abc2f653259f6a8f554;Санкт-Петербург;sale;flat;6;10;1;44.1;19600000;Адмиралтейский; Егорова;25;Фрунзенская;
ID 118901826;homeowner;https://spb.cian.ru/sale/flat/324926520/?context=4.DpeGIQT3tCw.AkZ0gMtApsuLQn63lIWWfr1-CW_83BpdR9ys62hBr-7ImXdv-B8daibcfNOSBe_s8dFUZYM4XbEmeQ&mlSearchSessionGuid=a3cd6718a5962abc2f653259f6a8f554;Санкт-Петербург;sale;flat;9;22;2;57.5;24000000;Василеостровский;Морской;;Приморская;Башни Элемент ЖК
ID 144923483;homeowner;https://spb.cian.ru/sale/flat/334488234/?context=4.LPFFGPACgY0.BMHURoWAihlrgw_GUak3fOzqzarfxo_RABKrHhKV8l0znzf3UMVRpMrFLQLOkc3uUyZ5zDOXkJxIRg&mlSearchSessionGuid=a3cd6718a5962abc2f653259f6a8f554;Санкт-Петербург;sale;flat;9;13;2;39.2;12000000;Василеостровский; Чирикова;5;Приморская;Аквилон ZALIVE
ID 58025523;homeowner;https://spb.cian.ru/sale/flat/332454134/?context=4.JRf7FfL88gw.uuVTHRInfZ6dQfpQ5dZuaYOT4Dgg9mclDzm3CsvyAqegQYZFzrhEgmCYnqbzDDxg8F1Fp6MFFQiYPw&mlSearchSessionGuid=a3cd6718a5962abc2f653259f6a8f554;Санкт-Петербург;sale;flat;2;6;2;52.8;23500000;Московский;Московский проспект;216;Московская;
ID 106542912;homeowner;https://spb.cian.ru/sale/flat/333477021/?context=4.3lAqrLtwe6c.YapjcqZjDOM4GEa2Xu2UBzEF0DQUBQRSLhKlNqniZAeu1Fn9PYfD5HVbdyQIHKWueWqC6MFbye33tg&mlSearchSessionGuid=a3cd6718a5962abc2f653259f6a8f554;Санкт-Петербург;sale;flat;5;8;1;35.89;24400000;Василеостровский;Кожевенная линия;1-3;Горный институт;Аристократ
ID 16631139;homeowner;https://spb.cian.ru/sale/flat/333414198/?context=4.6sRhPCnuE6w.Wm-WovgvCiWn3Vy42VrYGeocXxG4klFTSshG6t27bSrpp41wMaaA5WlotPzDAzjoqoiUavp0P9Ag-w&mlSearchSessionGuid=a3cd6718a5962abc2f653259f6a8f554;Санкт-Петербург;sale;flat;9;9;4;120.8;49600000;Адмиралтейский;набережная Обводного Канала;108;Фрунзенская;Тапиола
ID 45358881;homeowner;https://spb.cian.ru/sale/flat/319237088/?context=4.Lv0Cx34ZC_g.tcZe1aQ9OROSGaPNOxmMDpEfPKEaoUeu5017m4fY-WxjzwqH187F8EjwUjelTcbdF8qQ0sUR_X3zTw&mlSearchSessionGuid=a3cd6718a5962abc2f653259f6a8f554;Санкт-Петербург;sale;flat;10;14;1;41.0;10800000;Приморский;Коломяжский проспект;4;Черная речка;Апарт-комплекс Зум Черная Речка
ID 80776284;homeowner;https://spb.cian.ru/sale/flat/334220858/?context=4.6WKM8BwJqWc.uL6yHq-B5oe14m-FcOA254818GT6tOBlLRY-ep_W9sydK_TI10ayyYyztvR5Xl97cqyG-DS1vrC-jA&mlSearchSessionGuid=a3cd6718a5962abc2f653259f6a8f554;Санкт-Петербург;sale;flat;15;26;1;37.2;12790000;Калининский;Пискарёвка;5к3;Лесная;ЦДС Кантемировский
ID 144817981;homeowner;https://spb.cian.ru/sale/flat/334338427/?context=4.nAWESgQ-BpE.Dx8Pq72N4UlCEvha590JTAcXGiGKkAyIgoC5_IhVderhkERXRzGrCs_eq7l59WyFP7cHn8jmV9RXew&mlSearchSessionGuid=a3cd6718a5962abc2f653259f6a8f554;Санкт-Петербург;sale;flat;19;26;2;65.6;19900000;Калининский; Богословская;4к4;Лесная;Калейдоскоп
ID 142237649;homeowner;https://spb.cian.ru/sale/flat/331681082/?context=4.an0J7Tl3bqE.MvlniLRlWbikxL75_rV3K2q7fvHXQvbYbnXeZZmveEOhVtu2J_PEt8wUXCo3XOuTg29PjF3RbQWKbg&mlSearchSessionGuid=a3cd6718a5962abc2f653259f6a8f554;Санкт-Петербург;sale;flat;13;18;1;37.7;15500000;Василеостровский; Вадима Шефнера;4;Приморская;Магеллан (Гавань Капитанов)
ID 19977896;homeowner;https://spb.cian.ru/sale/flat/334134680/?context=4.fvttVqGa1Hw.B4u0JZX3ykogiQlEvz7h6a6oUOAQSnHND7v0muuBuS5LbXvnlAaPw83R-EQpzXirQpgIo-ibBSCAcw&mlSearchSessionGuid=a3cd6718a5962abc2f653259f6a8f554;Санкт-Петербург;sale;flat;17;17;2;71.3;23529000;Приморский;Приморский проспект;137к1;Беговая;Золотая гавань
ID 78446335;homeowner;https://spb.cian.ru/sale/flat/334028520/?context=4.fa3MSYwHXMY.o-qjeA3YWVYcResaD-2Xvgy6tUUTYjtGnpbQKXNKbPnhwOtHVR3bx8XnCwo6WpFfXbQ1Du6744zj3w&mlSearchSessionGuid=a3cd6718a5962abc2f653259f6a8f554;Санкт-Петербург;sale;flat;3;18;2;73.5;25800000;Василеостровский;бульвар Головнина;3к1;Приморская;Колумб (Гавань Капитанов)
ID 15766762;homeowner;https://spb.cian.ru/sale/flat/299978807/?context=4._ZlfQ-bkvCI.gmaru252kpPT0jkyNAZvYG1Lf1LxF8Tki1sHeqEt4usfoNclO1mH6QOWSMiLyW5aKdV6d1X08vsz4A&mlSearchSessionGuid=a3cd6718a5962abc2f653259f6a8f554;Санкт-Петербург;sale;flat;3;6;2;47.0;18750000;Центральный;Невский проспект;97;Площадь Восстания;
ID 281206;homeowner;https://spb.cian.ru/sale/flat/331338590/?context=4.51a0DvmkhMc.9bNz8sAqaExJ6elv-b0VegZFcamzmsvJKXGrHhs-adVstcUSYTEeOb6JdXWrT4u5ct1obgjndFVhQw&mlSearchSessionGuid=a3cd6718a5962abc2f653259f6a8f554;Санкт-Петербург;sale;flat;3;5;3;96.0;24900000;Адмиралтейский;Спасский переулок;3;Сенная площадь;
ID 109150741;homeowner;https://spb.cian.ru/sale/flat/327616606/?context=4.Yn4A9yZkPFE.y7b_OE6rF9QS3NYEpaYziFYfkkeKOv_wP7zf1peWFkJFtlTcxmUMwxMWNXGiT2HmO3OXHISYfq48FQ&mlSearchSessionGuid=a3cd6718a5962abc2f653259f6a8f554;Санкт-Петербург;sale;flat;4;9;1;33.0;17850000;Невский;проспект Обуховской обороны;36;Елизаровская;Astra Marine на набережной
ID 144352197;homeowner;https://spb.cian.ru/sale/flat/333777489/?context=4.HAVW-qr0lFs.IeCfmG69NKiKsE4OI8tyF58XhlC7N6FrE-smY75KSgl4vOu4jqSJaAbQTlTKNbb0hKmBMbbblNAb9A&mlSearchSessionGuid=a3cd6718a5962abc2f653259f6a8f554;Санкт-Петербург;sale;flat;5;12;1;34.4;8000000;Кронштадтский;Цитадельское шоссе;41;;
ID 138622278;homeowner;https://spb.cian.ru/sale/flat/325990784/?context=4.UQLMYPdxMQ0.MYxeckLp8okcJ4NIGEenpP_eNtwhtDEpkUmnAleYZKoT9wzOs0pW-oyTOMXXIYF-BWITzC2UZo3Ulg&mlSearchSessionGuid=a3cd6718a5962abc2f653259f6a8f554;Санкт-Петербург;sale;flat;5;7;3;71.3;18500000;Пушкинский; Генерала Хазова;13;Купчино;
ЮСОН;real_estate_agent;https://spb.cian.ru/sale/flat/321042293/?context=4.4sKPhjouzrI.x6StyzFs6tjHlWfDp3DulaGArjfXo0pWBpDEp3SjJdpw6g61y9wFx44UGK4TB_rH8U_mIa01eAQGQw&mlSearchSessionGuid=a3cd6718a5962abc2f653259f6a8f554;Санкт-Петербург;sale;flat;5;9;3;99.1;66900000;Центральный;Миргородская ;20;Площадь Александра Невского;Grand House
Твёрдый знак;real_estate_agent;https://spb.cian.ru/sale/flat/334672257/?context=4.p2QB0xHsw6E.eMMkfPZyevxiDgx_MIDp3jtu4Lm_EVfC-qw-JAjPr5jx5o_z3rC40_UdqdnD3q5-RTITDlEAwlO3SA&mlSearchSessionGuid=a3cd6718a5962abc2f653259f6a8f554;Санкт-Петербург;sale;flat;5;7;2;89.9;29950000;Центральный; Белинского;11;Гостиный двор;
Роман Корякин;realtor;https://spb.cian.ru/sale/flat/321023795/?context=4.mkGc3sMVcvI.PhFYwUoML2nG6yACR32cWbN2pNhdh9xeKMt3vu1Dx9RF5a2erkkkCr-zrb2GfHAKT_S3Wr089Wt0IQ&mlSearchSessionGuid=a3cd6718a5962abc2f653259f6a8f554;Санкт-Петербург;sale;flat;9;18;1;32.12;10890000;Василеостровский; Вадима Шефнера;4;Приморская;Магеллан (Гавань Капитанов)
Роман Корякин;realtor;https://spb.cian.ru/sale/flat/329188348/?context=4.IUMXFlMEup8.s8VlshF4qRZj9p-KfLzu9eHwHObz9UZ3X6gJrAO6y73H07nIh3hzKngZbYLgZWDmbmxNpfNhsvl9jw&mlSearchSessionGuid=a3cd6718a5962abc2f653259f6a8f554;Санкт-Петербург;sale;flat;9;19;1;43.0;17990000;Василеостровский; Челюскина;10;Приморская;GloraX Premium Василеостровский
Роман Корякин;realtor;https://spb.cian.ru/sale/flat/322210491/?context=4.6V0cfrrvDm0.65p9UF53Ooe9Z93AKRjFq6OlK_4xvZdM71g_2FfE3RaawCU5R3QL4B5S6sZcLKbCv1oCpMsTdeenDg&mlSearchSessionGuid=a3cd6718a5962abc2f653259f6a8f554;Санкт-Петербург;sale;flat;9;12;3;83.61;28990000;Московский;Кубинская ;80к1;Ленинский проспект;Титул в Московском
Роман Корякин;realtor;https://spb.cian.ru/sale/flat/330742469/?context=4.tBZSFrpP7DY.lNKGR4GqyLTjoGOQnYdlMmdgXFsxDjSMq6mmb69NvZAmEo_0-zkECF88YT25flUvZgSaVicbKJ8opw&mlSearchSessionGuid=a3cd6718a5962abc2f653259f6a8f554;Санкт-Петербург;sale;flat;3;14;1;35.5;7880000;Невский; Архивная;3к1;Улица Дыбенко;Апарт-комплекс Зум на Неве
Роман Корякин;realtor;https://spb.cian.ru/sale/flat/332246782/?context=4.-bNbHX63kVM.7z4V61R7MgZr_PeVHHdHlI2tmg-vtBzwUnfU3XoDK9q3W7Yk5VRy_ix0vRZXaGununeTy1xhFyB5Ug&mlSearchSessionGuid=a3cd6718a5962abc2f653259f6a8f554;Санкт-Петербург;sale;flat;5;5;2;45.13;12635000;Московский;Волхонское шоссе;7с1;Звездная;
Роман Корякин;realtor;https://spb.cian.ru/sale/flat/326764773/?context=4.WYd_Ok7OEsA.tMU6oAWg7P42XKDVhgBrAOv4JbSps9xEmJU0Kxv7CwABbm5Fr7QiXbwbP4GSsZhYbhhkBY3618CI5Q&mlSearchSessionGuid=a3cd6718a5962abc2f653259f6a8f554;Санкт-Петербург;sale;flat;6;14;2;60.32;12355000;Невский; Архивная;3к1;Улица Дыбенко;Апарт-комплекс Зум на Неве
Роман Корякин;realtor;https://spb.cian.ru/sale/flat/332198505/?context=4.KzW-wL7ZB24.fhETj_kJZFyZbu9lE7uMGKv8eb3_-o7Jl0ShQfc3rgNuqC4zKlSlDpXjfMxAfalEUTn4ZYHP1Y-7VA&mlSearchSessionGuid=a3cd6718a5962abc2f653259f6a8f554;Санкт-Петербург;sale;flat;7;12;2;56.56;20940000;Московский; Среднерогатская;9к3;Звездная;
Роман Корякин;realtor;https://spb.cian.ru/sale/flat/332198499/?context=4.0oin1w6D1fg.HZ6LMGng-zkX9fnS-l02C0hFdN4xuv6UhEs0FVZ8PFcgqechHfqybFNr-BiyRqNx9aBnjPvjfQckRw&mlSearchSessionGuid=a3cd6718a5962abc2f653259f6a8f554;Санкт-Петербург;sale;flat;4;9;2;85.5;62990000;Петроградский;Чкаловское;;Чкаловская;ЛДМ ЖК
АВБ-Недвижимость;real_estate_agent;https://spb.cian.ru/sale/flat/334186165/?context=4.O4Zz7DUSI5g.IdMAhnnB_xE4REjkyl9Gz0VQuMekB1n4-lpx-96Dv0aENX7kTlBfeOznKSnFUqnUSVN96YuCAHQYcg&mlSearchSessionGuid=a3cd6718a5962abc2f653259f6a8f554;Санкт-Петербург;sale;flat;3;6;3;92.7;25000000;Адмиралтейский;Загородный проспект;68;Технологический институт;
Роман Корякин;realtor;https://spb.cian.ru/sale/flat/332198494/?context=4.WJhes2xei1E.lTTnUABQmLiWhuAbAu13q3JbDrXZx2jFS8Y8-IR_y3UtikAVTao17szofs-Env7jCWeAu8eocHdidA&mlSearchSessionGuid=a3cd6718a5962abc2f653259f6a8f554;Санкт-Петербург;sale;flat;7;17;2;58.76;11990000;Невский; Архивная;3к1;Улица Дыбенко;Апарт-комплекс Зум на Неве
Роман Корякин;realtor;https://spb.cian.ru/sale/flat/326764722/?context=4.xOCC8D6-Zjw.G4wXU6yd4UBehwQREQlK3v11q4xWVLzyfR5ELQmxbWpTjeveAwL1_607sS_QOPoHBKYLMLXIwj0aXg&mlSearchSessionGuid=a3cd6718a5962abc2f653259f6a8f554;Санкт-Петербург;sale;flat;12;18;1;34.02;6700000;Невский; Крыленко;36к2;Улица Дыбенко;AVENUE APART на Дыбенко
Роман Корякин;realtor;https://spb.cian.ru/sale/flat/332242396/?context=4.RgKHGqOKr-E.zoFtZT0bVTjk3_PrtwfTx8bA6qatZ7KvSat4UqzVga-VciaRaVxDBSTqA5dbHQBrDmOx6p2WUrsKsA&mlSearchSessionGuid=a3cd6718a5962abc2f653259f6a8f554;Санкт-Петербург;sale;flat;4;5;1;42.08;17040000;Курортный; Инструментальщиков;9В;Беговая;
Роман Корякин;realtor;https://spb.cian.ru/sale/flat/332308949/?context=4.blCxjXwWAnU.4zxkXY9lJJCiB9Baee8oftl2CyTfAkMGxPUydtBa-IbX8BVN97r3Wl6nRzMAuwDnTKsssV_rBFNoVg&mlSearchSessionGuid=a3cd6718a5962abc2f653259f6a8f554;Санкт-Петербург;sale;flat;10;19;3;88.33;54995000;Василеостровский; Челюскина;10;Приморская;GloraX Premium Василеостровский
Роман Корякин;realtor;https://spb.cian.ru/sale/flat/332209380/?context=4.vj77Y5JEfYQ.dAv_5U7fvJhINCochEWTZuUpNcszEdXJ9ef9PpPt-1GSx8_Hac6Tnzi1Utn3L1FPuel4DArCQVii0g&mlSearchSessionGuid=a3cd6718a5962abc2f653259f6a8f554;Санкт-Петербург;sale;flat;3;12;1;36.51;12905000;Приморский; Лидии Зверевой;6;Комендантский проспект;Прайм Приморский
Роман Корякин;realtor;https://spb.cian.ru/sale/flat/333631613/?context=4.6xszpFz3pbE.p1Ld5gjLWMZZkrC9zt2iolE5Jx4Q0OCHoAqTOeqyPYPumeXcsh0iEH598SXlZ42Gj6d_7uRrwKkKSA&mlSearchSessionGuid=a3cd6718a5962abc2f653259f6a8f554;Санкт-Петербург;sale;flat;5;18;1;36.81;8915000;Невский; Архивная;3к1;Улица Дыбенко;Апарт-комплекс Зум на Неве
Роман Корякин;realtor;https://spb.cian.ru/sale/flat/333505028/?context=4.yZW6Ael0-TI.lY6G1a1Ew0n2ZKxKsSDLDnbVGVyxB8ETzBuOBaZzSmA5A95zYD1plKlW9tUKgue4qCLB-LB7uQgMEA&mlSearchSessionGuid=a3cd6718a5962abc2f653259f6a8f554;Санкт-Петербург;sale;flat;7;12;1;40.12;11120000;Приморский;Коломяги;;Проспект Просвещения;Бионика Заповедная ЖК
Роман Корякин;realtor;https://spb.cian.ru/sale/flat/331221282/?context=4.g4kYWgm-QFI.vZNgqoXKrLbibXnGPHvyRCtZ-Dls2ku9WD7gKauKzMB_nTOVFjdu9eaDyqxWxMOt1lUfvlLf5QWYOQ&mlSearchSessionGuid=a3cd6718a5962abc2f653259f6a8f554;Санкт-Петербург;sale;flat;15;23;1;38.01;11810000;Красносельский; Морской Пехоты;22к2;Юго-Западная;Морская миля
Роман Корякин;realtor;https://spb.cian.ru/sale/flat/332495611/?context=4.lscoMsgOy-Q.NDumey7peDTIsSBpRIfG2B_1y6lnV9WIJ4BlX43zmZBI_Xm8Ro3W2NIB-K-kNnw6p3_31TW0E_BkcA&mlSearchSessionGuid=a3cd6718a5962abc2f653259f6a8f554;Санкт-Петербург;sale;flat;6;17;2;53.3;19675000;Калининский;проспект Маршала Блюхера;15;Лесная;
Роман Корякин;realtor;https://spb.cian.ru/sale/flat/332687062/?context=4.5bUbAOMH0_8.lG54npdrnV2lY6S0KT4osuHJ86MOit_boq4UCjjLwPIBWlMJr3sl2R4ZC9KtJBCtpzRZAntV9MF_jg&mlSearchSessionGuid=a3cd6718a5962abc2f653259f6a8f554;Санкт-Петербург;sale;flat;9;23;4;138.72;41850000;Московский; Типанова;22;Московская;Дефанс Премиум
АВБ-Недвижимость;real_estate_agent;https://spb.cian.ru/sale/flat/333135931/?context=4.9o6hfbODhs0.AWirp8p0gcek9sYIK8BDkfVkpINp8ZmhegKq3tu6uGQNOtaSLCo1ktyUeOUR8XU9p8wsRyJ2seSkxg&mlSearchSessionGuid=a3cd6718a5962abc2f653259f6a8f554;Санкт-Петербург;sale;flat;4;7;3;97.4;48000000;Центральный;Смольный проспект;17;Новочеркасская;Смольный проспект
АВБ-Недвижимость;real_estate_agent;https://spb.cian.ru/sale/flat/333135906/?context=4.YuLlCnzd4FQ.Slo2452GVVKAJpx-QbqeLmRQqlqeScTt3D9J35mSAPw1cVnQwMPXpkfwn0e7nap8TnbOXCvI-LW9Ig&mlSearchSessionGuid=a3cd6718a5962abc2f653259f6a8f554;Санкт-Петербург;sale;flat;5;6;1;31.6;19350000;Петроградский;Ремесленная ;15;Чкаловская;NEVA RESIDENCE
Роман Корякин;realtor;https://spb.cian.ru/sale/flat/334284289/?context=4.bET6F4P8Idk.6yieAyYbeGHraDg4FT7Xxyrfkcltkc282jnUKCzMCvpEbShNeY5KrbPm8qDXNAUfByMP2pUozeNLdA&mlSearchSessionGuid=a3cd6718a5962abc2f653259f6a8f554;Санкт-Петербург;sale;flat;2;5;1;38.99;24290000;Василеостровский;канал Масляный;2;Горный институт;Империал Клаб
Роман Корякин;realtor;https://spb.cian.ru/sale/flat/333647141/?context=4.ezE0NQ6oMYc.DDYTLMMyX5Rbg8z1Odv3DqwdfEXFc-NIA63G3_8xbxbKcudSDosUBtLUN-pBZ9JKIW7BpxWOww4XuQ&mlSearchSessionGuid=a3cd6718a5962abc2f653259f6a8f554;Санкт-Петербург;sale;flat;4;10;1;32.58;16810000;Красногвардейский;Магнитогорская ;11с1;Новочеркасская;Альпен
Роман Корякин;realtor;https://spb.cian.ru/sale/flat/334542110/?context=4.tIFiEVTiPGI.urVyrNz8t3DvlPwWfKJMtemgB-OsMJfRSy94Epyd2B9aezKfCebLrirbvUIlwQfWzZTcUPMU_HGjJg&mlSearchSessionGuid=a3cd6718a5962abc2f653259f6a8f554;Санкт-Петербург;sale;flat;12;12;1;34.49;13830000;Невский;Невская застава;;Елизаровская;Астра Континенталь ЖК
Роман Корякин;realtor;https://spb.cian.ru/sale/flat/334611313/?context=4.S1-g4fan0Bw.8Y47ITtBoWBAUoU-I29Fcu-LVp8mZDjA_VLCNHLNof7ZqS9xaxRHEkpeGwEV5p31F2e9Xa8mu42wGA&mlSearchSessionGuid=a3cd6718a5962abc2f653259f6a8f554;Санкт-Петербург;sale;flat;12;12;1;32.91;13785000;Невский;Невская застава;;Елизаровская;Астра Континенталь ЖК
1-е Центральное Городское Агентство;real_estate_agent;https://spb.cian.ru/sale/flat/334723406/?context=4.HcrtIwQUuio.usXW00DNFMBtPtE73kDpmmbsXukPOHpjWNLOf4brWRkHxcDkOJG13Ahwlc6ovAd-IRvbOm0Lv_XOhQ&mlSearchSessionGuid=a3cd6718a5962abc2f653259f6a8f554;Санкт-Петербург;sale;flat;3;4;3;70.8;11500000;Пушкинский;Пулковское тер.;30;Звездная;
Илья Желваков;realtor;https://spb.cian.ru/sale/flat/328737585/?context=4.oUHwPLBCb0Q.d9mi9nq8c7xRpnNkqG2wc0NVY5uwXN0O4-D8InpWGPaK_SKcUMhoRx83r-LreyDJKcFo_vvPO0FIGw&mlSearchSessionGuid=a3cd6718a5962abc2f653259f6a8f554;Санкт-Петербург;sale;flat;3;5;5;125.0;23600000;Невский;проспект Обуховской обороны;39;Елизаровская;
Илья Желваков;realtor;https://spb.cian.ru/sale/flat/334148154/?context=4.LHcy5JwMF_Q.iq-xVinxMKdXrU0Du60jN0hCLy8itlYr0rtjuB2xySjxfToc0j3sOi4HGXFp8awKzt4YPd3bHIeGoQ&mlSearchSessionGuid=a3cd6718a5962abc2f653259f6a8f554;Санкт-Петербург;sale;flat;3;6;3;57.0;17900000;Василеостровский;проспект Большой Васильевского острова;99;Горный институт;
ИП Тарханова Н.В.;real_estate_agent;https://spb.cian.ru/sale/flat/334699623/?context=4.MozPDvIcyUk.TDMBz5N0fJUPK5PtMOg46szNyeYGNvVLtdA_f8IQCgWo8k5OZtEjJxPc9Frk_fQoQgiEvShZWbWJ2w&mlSearchSessionGuid=a3cd6718a5962abc2f653259f6a8f554;Санкт-Петербург;sale;flat;15;22;2;63.16;14500000;Приморский; Ивинская;7;Беговая;Юнтолово
АВБ-Недвижимость;real_estate_agent;https://spb.cian.ru/sale/flat/333907336/?context=4.x05XKXW6gBI.Ku1u4xSoJpDdSn3wZnhJ7kqQ2_U7hUVLH_fuj3buC9LPbp398ua20wizKLAC-l7KXeUFwuTLPHsB-w&mlSearchSessionGuid=a3cd6718a5962abc2f653259f6a8f554;Санкт-Петербург;sale;flat;4;5;4;106.9;20499000;Невский;Октябрьская набережная;100К1;Ломоносовская;
ДАМИАН;real_estate_agent;https://spb.cian.ru/sale/flat/334718856/?context=4.6wW3q03kHKQ.HqK4JfLusosEQjUQxGYw63LHlN4VjwNaoshTBzBIXXNsDiENK0JuIIUW7g8XgLtQeJSR9dnsQIVV6w&mlSearchSessionGuid=a3cd6718a5962abc2f653259f6a8f554;Санкт-Петербург;sale;flat;4;18;3;107.3;20600000;Московский; Ленсовета;90;Звездная;
Владис Аврора;real_estate_agent;https://spb.cian.ru/sale/flat/334674387/?context=4.gVvmWY14j30.sJQN6FApXqmBcPmtQdpGMRkN-o07Ex4x89b8BSflm5EbZkl1phm5lotSklNgP1TicLX3UI4M1cWngA&mlSearchSessionGuid=a3cd6718a5962abc2f653259f6a8f554;Санкт-Петербург;sale;flat;7;8;2;61.0;15656000;Красносельский; Генерала Кравченко;3к1;Юго-Западная;Солнечный город
Этажи Санкт-Петербург;real_estate_agent;https://spb.cian.ru/sale/flat/334708480/?context=4.BxLtI2TYU9Q.hZKj5LQV_vGSw8s6Zyvhnj2jp7wnmQp_yTVPd7oeMdWZABl8CqVcXP9ZCeDSfhgg-We8cxVbUdPx7w&mlSearchSessionGuid=a3cd6718a5962abc2f653259f6a8f554;Санкт-Петербург;sale;flat;6;26;5;118.8;23700000;Пушкинский;проспект Новгородский;4;Купчино;Шушары
Этажи Санкт-Петербург;real_estate_agent;https://spb.cian.ru/sale/flat/329644285/?context=4.GhvfWkZXszI.sRkQBNPd_q8WtXwjvaMCLUvaK4DpwU51yQ2D5t8niFIlVe_U3lvKlaJ5T4TWHGSwmA_iGZDLafLK1g&mlSearchSessionGuid=a3cd6718a5962abc2f653259f6a8f554;Санкт-Петербург;sale;flat;1;9;4;73.2;13900000;Выборгский;Северный проспект;24К3;Озерки;
Этажи Санкт-Петербург;real_estate_agent;https://spb.cian.ru/sale/flat/334558185/?context=4.S20VI2-2aEQ.8PWa6nMlG-uSg3rkSm6ZCZ9fqrSuUlWxPebxOB33HE5eVGhRO_F94fWe3gfN90xIeelZB_iJ7Zd-PA&mlSearchSessionGuid=a3cd6718a5962abc2f653259f6a8f554;Санкт-Петербург;sale;flat;12;24;3;94.0;25000000;Приморский;Парашютная ;54;Комендантский проспект;Юбилейный квартал
Этажи Санкт-Петербург;real_estate_agent;https://spb.cian.ru/sale/flat/333609444/?context=4.HlbkM1458sY.ZfobGQTn30MctK1AFsHxXoffHHQOhmkr0DcN9G7cV391WDNUqWugzguLDJBMN3jjVHCVVF15-1WD6Q&mlSearchSessionGuid=a3cd6718a5962abc2f653259f6a8f554;Санкт-Петербург;sale;flat;9;12;2;60.4;34200000;Приморский;проспект Авиаконструкторов;54;Комендантский проспект;Modum
Этажи Санкт-Петербург;real_estate_agent;https://spb.cian.ru/sale/flat/333563884/?context=4.x7HLV8vUoRA.TytvFNSIb184S87oymee8x-ekc7EKNvGdRZ53y3iJNKL7km6pGU5ZjCClXxWsPFcMC2lmG_GiUQiQA&mlSearchSessionGuid=a3cd6718a5962abc2f653259f6a8f554;Санкт-Петербург;sale;flat;3;15;3;109.1;31000000;Василеостровский;Морская набережная;37к2;Приморская;
Адвекс;real_estate_agent;https://spb.cian.ru/sale/flat/334690681/?context=4.xksO94vvPJ0.kEy7ElXIpMKtQddQOsF0nBYgOEibRSzxz2a6KMRzroLkY7XYLCWV064GKhpsPyXq1n4VqYzIDLuZrA&mlSearchSessionGuid=a3cd6718a5962abc2f653259f6a8f554;Санкт-Петербург;sale;flat;2;5;3;56.0;10500000;Калининский;Пискаревский проспект;56К1;Академическая;
Этажи Санкт-Петербург;real_estate_agent;https://spb.cian.ru/sale/flat/334332935/?context=4.toR6lIx5-c0.-LZHDaY4O-0E9s4LzU9EQrG2bxjN-fv-1Iqi7nl_J5KE2gaCZTCQ2ZTKWJJ2ntEWQX3pykfeAhZnDg&mlSearchSessionGuid=a3cd6718a5962abc2f653259f6a8f554;Санкт-Петербург;sale;flat;3;6;3;96.0;19500000;Василеостровский;12-я Васильевского острова линия;19;Василеостровская;
Адвекс;real_estate_agent;https://spb.cian.ru/sale/flat/333455408/?context=4.oeyJ8WvrhbU.0qgBGFs5v8UbEre-RS_tAr8yPCN_aLBAyUj25fNj8wmAxMfrMxl3k_d2W_CO1f4vn77IfgbX3j7_Lw&mlSearchSessionGuid=a3cd6718a5962abc2f653259f6a8f554;Санкт-Петербург;sale;flat;5;5;3;83.4;11400000;Пушкинский; Галицкая;3;Шушары;
Этажи Санкт-Петербург;real_estate_agent;https://spb.cian.ru/sale/flat/332374143/?context=4.olg6RnsV_60.OF1Fjx5R5YjWSw7ugTvU3pXq4JoGpr9MxsjMY8STDyE0ft2L0pkSPPFkSAY6_5kw4rCWIj_EWDU0cw&mlSearchSessionGuid=a3cd6718a5962abc2f653259f6a8f554;Санкт-Петербург;sale;flat;8;19;1;45.0;9750000;Василеостровский;бульвар Александра Грина;3;Приморская;"Светлый мир ""Я-романтик"""
Этажи Санкт-Петербург;real_estate_agent;https://spb.cian.ru/sale/flat/334224487/?context=4.BtGvR89Bb8A.KfjvVP3U2BFMB5cXAVIa42ZfWgeOTc-l5t7iaZFqxKfeR755AIAwLNsh2m02NLarOz4ti9NPUu5WXw&mlSearchSessionGuid=a3cd6718a5962abc2f653259f6a8f554;Санкт-Петербург;sale;flat;4;5;4;90.3;44899900;Центральный;набережная Канала Грибоедова;12;Гостиный двор;
Этажи Санкт-Петербург;real_estate_agent;https://spb.cian.ru/sale/flat/334133361/?context=4.3nSHbWfxGZo.kkOFBpMBRe91ueBD6qVSSpb6K8WYhL5ColGVX78R_0SueTKdLPc73vmCAqWmwkSQtr_t0-RJi5kWRg&mlSearchSessionGuid=a3cd6718a5962abc2f653259f6a8f554;Санкт-Петербург;sale;flat;21;23;1;36.6;9200000;Невский; Архивная;11к1;Улица Дыбенко;Цивилизация
Этажи Санкт-Петербург;real_estate_agent;https://spb.cian.ru/sale/flat/333947051/?context=4.dYrF1FfR-P8.wJF9VWVIVfpFfUDacmegc_N4VGhxEDFkaV3kKhUeaye3hoWLSTs_6d_zwNC65noYci7u5Z1DsWgbVA&mlSearchSessionGuid=a3cd6718a5962abc2f653259f6a8f554;Санкт-Петербург;sale;flat;12;20;3;86.1;22500000;Красногвардейский; Лагоды;7;Ладожская;Охта Хаус
Этажи Санкт-Петербург;real_estate_agent;https://spb.cian.ru/sale/flat/333976463/?context=4.nhggxofqfMY.2rd-c8OWci-XMrksqyELkyPsMm3-txRIL4wqxNHu2driS18EHfj8PdckptwJILk8F8sOpU8TC0svPw&mlSearchSessionGuid=a3cd6718a5962abc2f653259f6a8f554;Санкт-Петербург;sale;flat;17;19;2;54.6;15300000;Красногвардейский; Корнея Чуковского;7к3;Девяткино;Новая Охта
Этажи Санкт-Петербург;real_estate_agent;https://spb.cian.ru/sale/flat/333941581/?context=4.ko9QVmqK2l4.Ci7Px1dFdzRbbAHpH04koMCtBHNYM1FW9IGlCBGQs0mOwJ51C_gxphWRCoxdmfBpdP88AYbCr9x30Q&mlSearchSessionGuid=a3cd6718a5962abc2f653259f6a8f554;Санкт-Петербург;sale;flat;12;19;2;83.12;36000000;Московский;Московский проспект;;Московская;Граф Орлов
Этажи Санкт-Петербург;real_estate_agent;https://spb.cian.ru/sale/flat/333938551/?context=4.5on4L-PtPD0.VSNfTHDjSSy5q_tapEzcDzFksdY0ZeCt0zIGflinFrjrqXKr5JL6RACIilny-VJp-02wnZqO9g1pRA&mlSearchSessionGuid=a3cd6718a5962abc2f653259f6a8f554;Санкт-Петербург;sale;flat;5;5;3;66.5;13000000;Петродворцовый;Ропшинское шоссе;3к5;Юго-Западная;Петергофский Каскад
Этажи Санкт-Петербург;real_estate_agent;https://spb.cian.ru/sale/flat/330525842/?context=4.-JEuRddn3Y8.op6FWx36L-IPqlm3DuxRTFK2xeD4VTGcfLtdPRK6CJSesDnGkp1rcF3AlfzGH0yqrykW9u8IYeO5lQ&mlSearchSessionGuid=a3cd6718a5962abc2f653259f6a8f554;Санкт-Петербург;sale;flat;3;4;3;116.0;30900000;Калининский; Академика Лебедева;31;Площадь Ленина;
Этажи Санкт-Петербург;real_estate_agent;https://spb.cian.ru/sale/flat/333842168/?context=4.KZMlFcN1HCw.Mr6XFb_NpprnqYLdWF9SYepAUNbifG7PhJR66knH2q5dEnRsqwyqkneTuR2aemVk95JYqtRCLG4PWw&mlSearchSessionGuid=a3cd6718a5962abc2f653259f6a8f554;Санкт-Петербург;sale;flat;2;19;2;65.3;18600000;Приморский;Комендантский проспект;51к1;Комендантский проспект;Юбилейный квартал
ТРЕНД Недвижимость;real_estate_agent;https://spb.cian.ru/sale/flat/334704901/?context=4.G5MimiJqm0U.fOvHLuo2ogTZh4kCdFwPD9zVFeCNALJRmnLtCYVAoGd90MlnWl-t8qIh3-l93Id3x8ZRscYaa46LYQ&mlSearchSessionGuid=a3cd6718a5962abc2f653259f6a8f554;Санкт-Петербург;sale;flat;12;12;2;48.3;10900000;Красногвардейский;Индустриальный проспект;10К1;Проспект Большевиков;
ТРЕНД Недвижимость;real_estate_agent;https://spb.cian.ru/sale/flat/334282589/?context=4.i-KLXudGY2g.mt-98ALshtUI00JmCdAagqF8QPSm0TUjD6rplBLXq-dn38vCJBgGVC8l0e--kKOp4pKmBmejC653CA&mlSearchSessionGuid=a3cd6718a5962abc2f653259f6a8f554;Санкт-Петербург;sale;flat;5;5;2;53.9;20990000;Московский; Решетникова;5;Электросила;
ТРЕНД Недвижимость;real_estate_agent;https://spb.cian.ru/sale/flat/334271460/?context=4.Xb8aPP-Guyc.IUQsvrAa7HQaTIaOa0WvX7lIbCtrlMG5vzKToai6j3xM1NbZuhDyOrNzZMiSpoxQJ1y8K5nVbD6QFA&mlSearchSessionGuid=a3cd6718a5962abc2f653259f6a8f554;Санкт-Петербург;sale;flat;2;5;2;66.7;24999000;Центральный; Моисеенко;1;Площадь Восстания;
ТРЕНД Недвижимость;real_estate_agent;https://spb.cian.ru/sale/flat/333932733/?context=4.hwzmxYXE5iI.EFF91W_vQ8Wvl6eeWbjHceP-lN6NhScdqXq2y3CEOV9MLjAA8fPzh8ovx7A6v2iBPsK6fba0Eh_G3w&mlSearchSessionGuid=a3cd6718a5962abc2f653259f6a8f554;Санкт-Петербург;sale;flat;12;12;3;68.7;13000000;Красносельский; Десантников;20к1;Юго-Западная;
ТРЕНД Недвижимость;real_estate_agent;https://spb.cian.ru/sale/flat/329090493/?context=4.JCTygEcyod0.qJIVkfHlTXsuWoa1d_nTEqMcYRc74pDB9Wvqrj2hUuy37XqyADn_GXwuiUKzytFaUdocwCSashhayQ&mlSearchSessionGuid=a3cd6718a5962abc2f653259f6a8f554;Санкт-Петербург;sale;flat;8;18;1;45.0;17250000;Московский;Заставская ;46к3;Московские ворота;Московские ворота
ТРЕНД Недвижимость;real_estate_agent;https://spb.cian.ru/sale/flat/334733723/?context=4.ZXUUzFGLTmM.vq6T_YMpWUNvv1LA78neVuVsSlk-PFJhgQT9XM6iTj-E1foRhS-PLTZjHs03tzs6nMk9jpABWzQ0eQ&mlSearchSessionGuid=a3cd6718a5962abc2f653259f6a8f554;Санкт-Петербург;sale;flat;5;7;2;63.0;20000000;Калининский;Лабораторный проспект;18к1;Лесная;
НОВА Недвижимость;real_estate_agent;https://spb.cian.ru/sale/flat/334732325/?context=4.z58fF8I9d58.T66kAv3KRdsl1IGkO31eObFHipEE3gqunNd2dbAlQZJdn98Rt9EtUn8VdzvIf0HfWKDhDDdDakZnIg&mlSearchSessionGuid=a3cd6718a5962abc2f653259f6a8f554;Санкт-Петербург;sale;flat;4;5;4;48.8;10600000;Фрунзенский; Белы Куна;22К5;Международная;
Ойстерс;real_estate_agent;https://spb.cian.ru/sale/flat/334732015/?context=4.4VTRweN2pEA.T_MdNUbw5Y8trvZsNqpWvHgS1T2rOH8bOCbXkt_hS0M9RMR_atGjAXJnJ395J9sFsEO_hrh3UvBp0g&mlSearchSessionGuid=a3cd6718a5962abc2f653259f6a8f554;Санкт-Петербург;sale;flat;24;24;4;237.6;140000000;Московский;Московский проспект;;Московская;Граф Орлов
ДомИн;real_estate_agent;https://spb.cian.ru/sale/flat/334641767/?context=4.4kEoAud3_ZI.JMoT_gMN_a4X2yHaloRqyjO0V2iVA4Y__LHofz-JTswjTy-Mu8-IjpRg-ACemopyod8oMTov7vq5aQ&mlSearchSessionGuid=a3cd6718a5962abc2f653259f6a8f554;Санкт-Петербург;sale;flat;1;4;1;30.0;9000000;Центральный;Невский проспект;139;Площадь Александра Невского;
ДомИн;real_estate_agent;https://spb.cian.ru/sale/flat/334397497/?context=4.IY8FbihxbD0.sOtW_mPfvUGHCjEr5QZkQXEeGPC7jDvKPn33NJJ0Vh20tvwxwdrsEmUAArIV0s0jRXjkhDyFs33mZA&mlSearchSessionGuid=a3cd6718a5962abc2f653259f6a8f554;Санкт-Петербург;sale;flat;5;9;3;62.1;13500000;Калининский; Ушинского;9К1;Гражданский проспект;
ДомИн;real_estate_agent;https://spb.cian.ru/sale/flat/328873692/?context=4.M5cRQRwzOiE.xsknwzxc3tZFqUXqKLmI1Gjwh0Z80juc9S9LnfonseIUcDsIfLeKIz-8K82T6us_CtMeZVahAUHRhg&mlSearchSessionGuid=a3cd6718a5962abc2f653259f6a8f554;Санкт-Петербург;sale;flat;4;5;3;68.6;10500000;Петродворцовый;Ропшинское шоссе;13;Юго-Западная;
28 ESTATE;real_estate_agent;https://spb.cian.ru/sale/flat/333604874/?context=4.KexTnFYEZqQ.WpNqWnFzuaSyBJe3wvcMTpE8BCuH1EoAkiCWPcTrNSEiwAFu6SvaKYKFZGA4OXsZczmK_4N9xhk1sQ&mlSearchSessionGuid=a3cd6718a5962abc2f653259f6a8f554;Санкт-Петербург;sale;flat;3;10;2;54.8;17800000;Красносельский;2-я Комсомольская ;37;Юго-Западная;Сандэй
Анна Семенова;realtor;https://spb.cian.ru/sale/flat/334719172/?context=4.dRUL0Qyfsns.SzjHR6CW-53V45KCSrBv1IYWAq9JQB6kLqsteN1luhcw_fgY-tp5YT9s8LFMvt4Y2v0ZOGyutgj0og&mlSearchSessionGuid=a3cd6718a5962abc2f653259f6a8f554;Санкт-Петербург;sale;flat;3;18;1;37.0;7500000;Красногвардейский; Даниила Хармса;4;Девяткино;Новая Охта
Пресняков и партнёры;real_estate_agent;https://spb.cian.ru/sale/flat/330997775/?context=4.KXdrpZy5BeE.a4gw3zAUKx1_cE7MOjf4JHZTiqDa7Ev_SOYc4aIBBCubkFFSBt07l8Wzv8OtFb_oM5pbISr6_TWmWw&mlSearchSessionGuid=a3cd6718a5962abc2f653259f6a8f554;Санкт-Петербург;sale;flat;14;16;3;96.3;24990000;Приморский;Сердобольская ;7к2;Лесная;
Оксана Дауранова;realtor;https://spb.cian.ru/sale/flat/334574450/?context=4.VbHXaOrWFlU.8DmHEiPFKpy6vWdjhgOoAH01WsDL-OvyzVv4xmomJu2NOPHvQlwM_K2Oa4k0Cj5_dpVU3KobPZBy4A&mlSearchSessionGuid=a3cd6718a5962abc2f653259f6a8f554;Санкт-Петербург;sale;flat;2;9;2;81.8;26000000;Красногвардейский; Помяловского;3;Новочеркасская;Akzent
Мир Квартир;real_estate_agent;https://spb.cian.ru/sale/flat/333141438/?context=4.FreIZ2EaUWE.9Ja5BU8i-g2m8N2h6qmXZpPQFHaHvFtF4eqlzjs9Cq0RZfLa7XLEwegTRgYd1B2LXdHoFPfgJT_CLw&mlSearchSessionGuid=a3cd6718a5962abc2f653259f6a8f554;Санкт-Петербург;sale;flat;4;6;4;91.8;35500000;Адмиралтейский;переулок Бойцова;4В;Садовая;
Оксана Дауранова;realtor;https://spb.cian.ru/sale/flat/334571579/?context=4.UnZwd3xIS1U.U6WX_-_36a9LQEAPnI85annpIrCqEjRdInma6O3kZOXXcTzerDhAOowZsjV7C6TB_zf6L9I3wRQzfw&mlSearchSessionGuid=a3cd6718a5962abc2f653259f6a8f554;Санкт-Петербург;sale;flat;3;8;1;36.7;10400000;Московский;Варшавская ;124;Московская;
Владис Аврора;real_estate_agent;https://spb.cian.ru/sale/flat/334710530/?context=4.M7GDDRtE1J4.daWqnrELLLYcSbDUXBHYgS7IGyoUJCx-b7k3UZXipTvLuu7jqMbIFrQxnI3W9u0VPzTejDAWHDB81Q&mlSearchSessionGuid=a3cd6718a5962abc2f653259f6a8f554;Санкт-Петербург;sale;flat;3;18;3;80.7;26795000;Калининский;Учительская ;18к3;Гражданский проспект;
Партнер ПРО;real_estate_agent;https://spb.cian.ru/sale/flat/334273842/?context=4.et4Iq0iBO1Y.Zap5nEPIbtOZalf8guAQSF9eenwxw5Y_q-rWoFIz2HrmzIZqC0xQUHD4ND0hwc_xfNNtaXsu3sgI0A&mlSearchSessionGuid=a3cd6718a5962abc2f653259f6a8f554;Санкт-Петербург;sale;flat;5;5;2;43.5;9150000;Колпинский; Максима Горького;2;Рыбацкое;
Екатерина Михайлова;realtor;https://spb.cian.ru/sale/flat/334067796/?context=4.JGcWa9DtZF8.oKOoTrOBZF3mbKWsENZd4jwexdZQJyCtNFZQdYYpCnUNVBaV5CFJGYiB1FgCvMJ4DoqBwcIGvFDAug&mlSearchSessionGuid=a3cd6718a5962abc2f653259f6a8f554;Санкт-Петербург;sale;flat;3;9;3;61.0;10850000;Выборгский; Композиторов;33/5;Проспект Просвещения;
Century21 Imperial;real_estate_agent;https://spb.cian.ru/sale/flat/333632074/?context=4.Mi6VEo11AN8.HvxwKQ6qJMIvDYtBuItyqbADNqQ-o4vtqyUarAcqZQCdxmrZyZZi1yEYszQGtVX0tEhMU4dTll4nRw&mlSearchSessionGuid=a3cd6718a5962abc2f653259f6a8f554;Санкт-Петербург;sale;flat;4;15;1;45.8;18540000;Московский;Смоленская ;11к2;Фрунзенская;Галант
Этажи Санкт-Петербург;real_estate_agent;https://spb.cian.ru/sale/flat/333705271/?context=4.b0d4ps3Yqto.noBBtnn5i_37Zb5ycZUkR_9EbAN8iNSkXl1QMYiFh3GXOIhJ5hULH6v15FAU2cN0zR0Y1XIeO1pGAQ&mlSearchSessionGuid=a3cd6718a5962abc2f653259f6a8f554;Санкт-Петербург;sale;flat;8;9;4;73.0;15500000;Красногвардейский;Хасанская ;8К1;Проспект Большевиков;
Этажи Санкт-Петербург;real_estate_agent;https://spb.cian.ru/sale/flat/332059387/?context=4.Biy5A8ZHhlw.K5o-gZVCp3NCVYEtK5QyhgMRedikpB3QGo2I50XungMjtgMdPxbRZIY4lRsMPSCumK4uDArhnYzUcA&mlSearchSessionGuid=a3cd6718a5962abc2f653259f6a8f554;Санкт-Петербург;sale;flat;2;8;1;33.8;10250000;Красносельский; Адмирала Черокова;18к2;Юго-Западная;More
Этажи Санкт-Петербург;real_estate_agent;https://spb.cian.ru/sale/flat/333434660/?context=4.o_zk-b_5n5w.NC5ZpQM-ZB2yF9YFgrsaBIhzEkOtM8m6PpvV0JxidODq8rXyXXURedW_CBviC_kR8Nqe4PNju-aSaw&mlSearchSessionGuid=a3cd6718a5962abc2f653259f6a8f554;Санкт-Петербург;sale;flat;8;14;3;68.0;14590750;Пушкинский; Окуловская;13;Купчино;Алексеевский квартал
Этажи Санкт-Петербург;real_estate_agent;https://spb.cian.ru/sale/flat/334640750/?context=4.W4q7RbqGaUk.9Hgb5XB2VfH26e7THvYZ8akiG7tkBl3XdAmzGUuxCv225JnlfN1j1xgim0rb3Wu23oI_OOv8gswTcA&mlSearchSessionGuid=a3cd6718a5962abc2f653259f6a8f554;Санкт-Петербург;sale;flat;10;14;4;98.0;24499000;Московский;Варшавская ;63К1;Московская;
Этажи Санкт-Петербург;real_estate_agent;https://spb.cian.ru/sale/flat/334507983/?context=4.JSWYbK9ZuD8.YQHjib03y_ZCPfdc0xGWO4_u6uVS2AWh9_8rnT6MBG_FXv6QFXf8AS8endh0Y19CRoROgkmbjXTyXA&mlSearchSessionGuid=a3cd6718a5962abc2f653259f6a8f554;Санкт-Петербург;sale;flat;8;9;2;47.84;12850000;Василеостровский;Наличная ;40К7;Приморская;
Этажи Санкт-Петербург;real_estate_agent;https://spb.cian.ru/sale/flat/334425145/?context=4.sQimYogEkNA.AY_Iu-n0GVKIloMsLXw29F47jDaLTlIKVCsZVDIics703VRfWB-Z1wPAWnH6Qnhika0EWWuJc1VEOA&mlSearchSessionGuid=a3cd6718a5962abc2f653259f6a8f554;Санкт-Петербург;sale;flat;9;9;1;29.5;6800000;Невский; Шотмана;4;Улица Дыбенко;
Этажи Санкт-Петербург;real_estate_agent;https://spb.cian.ru/sale/flat/333179309/?context=4.rC0Aa87Z5rQ.LZdkuBu75VFPj-bKVLti281HPf1B6K3jFEX8KryhMubYCjNWzbr7CC_E09UimZHO03dWYnBGXeYnUA&mlSearchSessionGuid=a3cd6718a5962abc2f653259f6a8f554;Санкт-Петербург;sale;flat;4;5;3;55.4;13970000;Московский;проспект Космонавтов;38К2;Московская;
Этажи Санкт-Петербург;real_estate_agent;https://spb.cian.ru/sale/flat/333944071/?context=4.WoSDTfwRBs0.EZq-56Fti4uvtFyEgwMdi_HJvNI75bd_sQMgYdClDYcVaZTKlFmr3CjPcSSVLoGNdaPaVIul8bfeYw&mlSearchSessionGuid=a3cd6718a5962abc2f653259f6a8f554;Санкт-Петербург;sale;flat;4;4;2;56.0;25000000;Адмиралтейский; Декабристов;10;Садовая;
Montblanc Golden Group;real_estate_agent;https://spb.cian.ru/sale/flat/333119090/?context=4.7wrBthQO3iI.n7NfuN2ikIAgKOXPcebsQQQsYlYFdTZNYscBSVzdqlGe8NcdXUYdw5zvwoJ1vgAPOmzyNdV9fo9FTA&mlSearchSessionGuid=a3cd6718a5962abc2f653259f6a8f554;Санкт-Петербург;sale;flat;8;9;2;70.0;45490000;Центральный;Исполкомская ;17;Площадь Александра Невского;Дипломат
Магазин Квартир;real_estate_agent;https://spb.cian.ru/sale/flat/334517283/?context=4.8gBAm7nN3d4.w-q87ZiYPw_3X84qnuOQRP_pyAY-TQVdBZSdAR4b1CoJUaQyuh_3v_8QN26fxa-MTLIF7YbaqJJO9w&mlSearchSessionGuid=a3cd6718a5962abc2f653259f6a8f554;Санкт-Петербург;sale;flat;11;12;1;30.4;8816000;Пушкинский;проспект Старорусский;5к2;Купчино;Аэросити 6
Филиппов Недвижимость;real_estate_agent;https://spb.cian.ru/sale/flat/334391973/?context=4.c4fNbWUDMBg.u2l1btyNuxYEv5u3_4irN39E_WntJEUNxJ9w2gryDbqy37nMnuRC5Abj5Jh-ePL5mY_nHShIV2IP-w&mlSearchSessionGuid=a3cd6718a5962abc2f653259f6a8f554;Санкт-Петербург;sale;flat;7;18;3;77.5;21990000;Приморский;Комендантский проспект;33К4;Комендантский проспект;
Active Unity;real_estate_agent;https://spb.cian.ru/sale/flat/333374009/?context=4.kRqdlAF2czI.IDxbTLSRytMD0k1W5LiSGOCaRGJua0uccbAkYFuDx80oqZ1Xh44GsS41VnBWP-OPvUjomFGTHGGVeA&mlSearchSessionGuid=a3cd6718a5962abc2f653259f6a8f554;Санкт-Петербург;sale;flat;5;6;3;91.4;46500000;Петроградский; Блохина;13;Спортивная;
ВП недвижимость;real_estate_agent;https://spb.cian.ru/sale/flat/334716396/?context=4.n0UFtWh6Ejc.r3feFruDa-TTducSenBLp52sQjgiBcwykrm3ZJa5P1t3YyCCl31sQUALcRv8EKlF93b3tiFjIpWXXg&mlSearchSessionGuid=a3cd6718a5962abc2f653259f6a8f554;Санкт-Петербург;sale;flat;4;14;1;36.6;12190000;Приморский;Планерная ;87к1;Комендантский проспект;Форест
Этажи Санкт-Петербург;real_estate_agent;https://spb.cian.ru/sale/flat/332733619/?context=4.CEZJx11NguA.Oz7irsSzim_xalldMdPxzd9s-5XgRnfqQoUK_-AcLwxtjLH0d4Qah0z6Etkv2uGeJhAOMYU2sE7EVg&mlSearchSessionGuid=a3cd6718a5962abc2f653259f6a8f554;Санкт-Петербург;sale;flat;1;13;2;63.0;18990000;Приморский;Планерная ;97к1;Комендантский проспект;New Time
Этажи Санкт-Петербург;real_estate_agent;https://spb.cian.ru/sale/flat/334383857/?context=4.eQ4CVzKdEh8.EpPiJAS4vpNQ9Zpt_RHJxLBxLkwXng4b4u4HcNWjxI8drSpLs8qSI5E2IluirEurTnuz2EHmnf6FnA&mlSearchSessionGuid=a3cd6718a5962abc2f653259f6a8f554;Санкт-Петербург;sale;flat;1;5;1;30.8;6500000;Невский; Седова;164;Пролетарская;
Этажи Санкт-Петербург;real_estate_agent;https://spb.cian.ru/sale/flat/332175647/?context=4.563wCHgfoNE.2eEtvD4SS1JaHv97vNOUeAWjfiJCBeC-w9tYU04ITruQ0RQWYDGyLCe_5LcNWvvUKJKc6DzoV1OnEw&mlSearchSessionGuid=a3cd6718a5962abc2f653259f6a8f554;Санкт-Петербург;sale;flat;5;5;3;76.0;31000000;Красносельский; Адмирала Черокова;18к3;Юго-Западная;More
Этажи Санкт-Петербург;real_estate_agent;https://spb.cian.ru/sale/flat/334118247/?context=4.ZfTG0Subbvw.aJfdtOix7t6qCfVHcFVUm1dCY7_cX66hkaQo-CPDq2bRtDOIqcCYl59Jp5SYk88ufwkL906d0GorZg&mlSearchSessionGuid=a3cd6718a5962abc2f653259f6a8f554;Санкт-Петербург;sale;flat;7;18;1;43.43;13700000;Невский;Октябрьская набережная;40;Улица Дыбенко;Цивилизация на Неве
Авторитет;real_estate_agent;https://spb.cian.ru/sale/flat/334635234/?context=4.3Xd3PPKryXo.HMogYfvxETJgVaafDSy8qRKbe3w4RVD3L71A44IW5K7hWkgd8HtJGpTg2bbE3CZTW5omFQC6COb4WA&mlSearchSessionGuid=a3cd6718a5962abc2f653259f6a8f554;Санкт-Петербург;sale;flat;4;5;1;30.8;8200000;Московский;Витебский проспект;87К3;Купчино;
Авторитет;real_estate_agent;https://spb.cian.ru/sale/flat/330158747/?context=4.JthfIpyWqvQ.Bv2mw6EufZXPSRdf7NVMLWnR6dWfloNf9jUrg0ZcdJwG67nUmuUr1Pabi9p0GOD_NiPkJo0lgQKyVA&mlSearchSessionGuid=a3cd6718a5962abc2f653259f6a8f554;Санкт-Петербург;sale;flat;9;13;2;62.3;25000000;Выборгский;Кантемировская ;13;Лесная;Кантемировская 11
Авторитет;real_estate_agent;https://spb.cian.ru/sale/flat/329220496/?context=4.t4jQZdMAgEo.p0_PHEYOKnWoPz1918uUVT0ZFyYjN3h5juNdNRJwg_gs2-bWdQsJOZb5HqXWoFoucur1yaM6xfwJTQ&mlSearchSessionGuid=a3cd6718a5962abc2f653259f6a8f554;Санкт-Петербург;sale;flat;2;5;3;76.9;23990000;Адмиралтейский;1-я Красноармейская ;16;Технологический институт;
Этажи Санкт-Петербург;real_estate_agent;https://spb.cian.ru/sale/flat/327342173/?context=4.cLtNFi1rwwY.8a44BnV87vwuTMdU8GrhXG-Y1FODwpM22_XxDTrKbqxwDtirtwFWXZolODcMhrQFvUjpBlvT9IAPEQ&mlSearchSessionGuid=a3cd6718a5962abc2f653259f6a8f554;Санкт-Петербург;sale;flat;9;21;3;86.5;24999000;Приморский;Комендантский проспект;66к1;Комендантский проспект;Чистое небо
Этажи Санкт-Петербург;real_estate_agent;https://spb.cian.ru/sale/flat/333438855/?context=4.QME-o9Kxic0.oKayE2snsw48M7YgGVn_SORbEIcuoo8a3m4CAnsMI1RQCdEBO7TqwgIsrlFqaNg4Cd60-qJKQ7wLoA&mlSearchSessionGuid=a3cd6718a5962abc2f653259f6a8f554;Санкт-Петербург;sale;flat;5;5;2;58.1;15990000;Выборгский;Кантемировская ;31;Лесная;
Этажи Санкт-Петербург;real_estate_agent;https://spb.cian.ru/sale/flat/333728540/?context=4.a0pM7ABDEqM.7RCCV-771T9uMnJJiPeYJqV4XqMx-Z9zt7jQeSESsjBM1_XpL5M4zkylamtUSYMOdTfTVgdmRCsRdw&mlSearchSessionGuid=a3cd6718a5962abc2f653259f6a8f554;Санкт-Петербург;sale;flat;13;17;2;76.6;18999000;Невский;проспект Пятилеток;13к1;Проспект Большевиков;
Этажи Санкт-Петербург;real_estate_agent;https://spb.cian.ru/sale/flat/330300340/?context=4.tfRJjFlhnSI.LCqGdLXEMf6fiGg9MvXmiOGgLV21cqOpp9gyvnwd1BiY7iQ9p6tAfPXEnRPhSVZ4He2Wu8dZXv8wzQ&mlSearchSessionGuid=a3cd6718a5962abc2f653259f6a8f554;Санкт-Петербург;sale;flat;15;19;1;35.4;11900000;Приморский;Комендантский проспект;55к1;Комендантский проспект;YOGA 1
Этажи Санкт-Петербург;real_estate_agent;https://spb.cian.ru/sale/flat/333718827/?context=4.GI8tk_wNPg8.GyyADYh3Lxop7CyW6J26whbNFkY8UkCZKu3py3FMn-PBckhyFwz9SzZUgdqQWGoaed2re4kkbKnwUQ&mlSearchSessionGuid=a3cd6718a5962abc2f653259f6a8f554;Санкт-Петербург;sale;flat;7;7;4;84.2;18399100;Центральный;Мытнинская ;9;Площадь Восстания;
Этажи Санкт-Петербург;real_estate_agent;https://spb.cian.ru/sale/flat/331913123/?context=4.Scej0AwWH-I.ZK3OHJ-nugh_nbYsFYyQPLaDzdO0IZee2ofcZ7QNB1CXTROn2KAWhtVN0aUksntWtyMGB9Ib7deFXA&mlSearchSessionGuid=a3cd6718a5962abc2f653259f6a8f554;Санкт-Петербург;sale;flat;4;16;3;93.1;25800000;Приморский;Комендантский проспект;11В;Комендантский проспект;
Этажи Санкт-Петербург;real_estate_agent;https://spb.cian.ru/sale/flat/331831760/?context=4.n6oRzuFJK1I.VgMnGmFbQym9hTXWe6EawERaIC7JH-jlnKcu2pRbTl9IL9QMiJkHGMAUf5PTHJtllpumsR0K1_LadA&mlSearchSessionGuid=a3cd6718a5962abc2f653259f6a8f554;Санкт-Петербург;sale;flat;2;25;1;33.5;6900000;Пушкинский; Валдайская;2к2;Купчино;Шушары
Этажи Санкт-Петербург;real_estate_agent;https://spb.cian.ru/sale/flat/333710393/?context=4.BSNJtRivS4U.JKLHrj5shBfkFGwqazUdfYXAJvKGu9T12kMYPGThiloBlXChfDzZ3uPWoKbRIt_4RH49q0Esnr6k7Q&mlSearchSessionGuid=a3cd6718a5962abc2f653259f6a8f554;Санкт-Петербург;sale;flat;7;9;1;34.2;7300000;Выборгский;проспект Культуры;26К1;Проспект Просвещения;
Самолет ПЛЮС;real_estate_agent;https://spb.cian.ru/sale/flat/333539313/?context=4.4KUpYcQsRu4.ocjptAY3A9VSLPRZfIag-mjFfSYKpV35QDRU2pjJceFAHGY8J5AvHHs--JMbozcmlx6z2yFewHSs6g&mlSearchSessionGuid=a3cd6718a5962abc2f653259f6a8f554;Санкт-Петербург;sale;flat;2;9;2;68.5;17125000;Московский;Дунайский проспект;3К2;Звездная;
Самолет ПЛЮС;real_estate_agent;https://spb.cian.ru/sale/flat/333537869/?context=4.Qf3ks9unxZQ.4hkDSEkb8gGAPubyah1W3Q3aJyaUB5qnJm5O9AK8D2H8e15X1Um4zks9sVxS0jIpxRieiwSs8wYl1Q&mlSearchSessionGuid=a3cd6718a5962abc2f653259f6a8f554;Санкт-Петербург;sale;flat;4;9;3;55.6;13000000;Фрунзенский;Софийская ;41К2;Международная;
Самолет ПЛЮС;real_estate_agent;https://spb.cian.ru/sale/flat/334716032/?context=4.wmnnnXz7uIg.6DJK5i52fPM4EToEmbeF6InrRRmhzQppA1n0RIAUHCO5gBZkD_4xifTd_I2BB-Jd1iEkoFBARxTiGQ&mlSearchSessionGuid=a3cd6718a5962abc2f653259f6a8f554;Санкт-Петербург;sale;flat;5;5;3;81.7;21500000;Московский;Алтайская ;21;Московская;
Этажи Санкт-Петербург;real_estate_agent;https://spb.cian.ru/sale/flat/330682774/?context=4.K1JMWAMAy5Q.mEY94urJZcLFP1d1HXtSoh6depk7D2PMEBZybq_nznWnGIXHfbMbTdjcCP0Ep_i8L3FKBqRi2Z6eiA&mlSearchSessionGuid=a3cd6718a5962abc2f653259f6a8f554;Санкт-Петербург;sale;flat;25;25;3;125.0;38000000;Приморский;проспект Королева;7;Пионерская;Зенит
Этажи Санкт-Петербург;real_estate_agent;https://spb.cian.ru/sale/flat/330212165/?context=4.BsiYy1rgnWg.oCofNAnWPzti-ySPLuZYYJR1zjakKLc1GkFfbykAfnV0FJDVhGy5l-dRcsU5O_YR5VRpQ3ef4cw4bA&mlSearchSessionGuid=a3cd6718a5962abc2f653259f6a8f554;Санкт-Петербург;sale;flat;3;4;1;41.7;10000000;Пушкинский;Захаржевская ;14;Купчино;Дворянское сословие
Этажи Санкт-Петербург;real_estate_agent;https://spb.cian.ru/sale/flat/333542682/?context=4.jylKQ_Nkw-Y.-nuKU3I7OWSNvg7PSOjqbI6LrjqccCNuQp7D4z8_vAOS47lAbyo5G1sqar_O7cXQEWhOWhl4sndZtw&mlSearchSessionGuid=a3cd6718a5962abc2f653259f6a8f554;Санкт-Петербург;sale;flat;6;17;3;80.0;23100000;Калининский;Пискарёвка;1к2;Лесная;Кирилл и Дарья
Этажи Санкт-Петербург;real_estate_agent;https://spb.cian.ru/sale/flat/334665110/?context=4.dPii2hiuEio.Vi7JLAzS7V24bxpFst-PgI8dQepn-Mi1nFK4G_Z8W1331j5JWhiOLQiY-73cHoHFdp7Jg2n-eoWpag&mlSearchSessionGuid=a3cd6718a5962abc2f653259f6a8f554;Санкт-Петербург;sale;flat;4;22;3;90.9;20490000;Невский; Ворошилова;27к1;Проспект Большевиков;Ладожский парк
Этажи Санкт-Петербург;real_estate_agent;https://spb.cian.ru/sale/flat/334658280/?context=4.cyLgzNR3aao.9BaWFtfleIWKv8xylcx8YpVbKKuiXBGZYW99zVJTtVxwYX0hehh_nVnYXMHAKP639C9Acd9S1pyYpw&mlSearchSessionGuid=a3cd6718a5962abc2f653259f6a8f554;Санкт-Петербург;sale;flat;1;9;3;59.4;11500000;Фрунзенский;Купчинская ;17К1;Купчино;
Адмирал;real_estate_agent;https://spb.cian.ru/sale/flat/334715917/?context=4.F9DRvDu3qgg.44dpXW05v_kp3_NxhqK4GDAdzR0JlO24s0so4zDJheKjnK22lEjVy2AyJRX-HbihieLme9meBmJ_5w&mlSearchSessionGuid=a3cd6718a5962abc2f653259f6a8f554;Санкт-Петербург;sale;flat;2;5;4;49.0;9500000;Московский; Костюшко;66;Московская;
Этажи Санкт-Петербург;real_estate_agent;https://spb.cian.ru/sale/flat/316269880/?context=4.UFD-vPg2bs0.S0_RnuMMt0uyG-_7Kph1hl-M96nAH_v1nqjSfgs8wJ4f5dmXsMarqg0bV3eCrg5PBAnNOGctXOnhPw&mlSearchSessionGuid=a3cd6718a5962abc2f653259f6a8f554;Санкт-Петербург;sale;flat;11;12;1;42.9;7250000;Колпинский; Севастьянова;30к1;Рыбацкое;Новое Колпино
Этажи Санкт-Петербург;real_estate_agent;https://spb.cian.ru/sale/flat/323418948/?context=4.AiimWG6N5vQ.HrWup886uolq1X7W_UWB4oEWrbut6YNhLufN9_wyCP-86axH00HzfflNW3HOV-ud76iUL9NcON9JhA&mlSearchSessionGuid=a3cd6718a5962abc2f653259f6a8f554;Санкт-Петербург;sale;flat;13;19;1;35.8;18899000;Василеостровский; Челюскина;10;Приморская;GloraX Premium Василеостровский
Этажи Санкт-Петербург;real_estate_agent;https://spb.cian.ru/sale/flat/323556796/?context=4.C1MIpBMvlNY.rz9mhxHapzn85gkl-eTkxxOSLrAlk7-q0kW5Fo86ThX2RQ_BhqGddTVbbyU5S_OEValAp50ZoHSMZw&mlSearchSessionGuid=a3cd6718a5962abc2f653259f6a8f554;Санкт-Петербург;sale;flat;21;24;2;48.25;17100000;Невский;Рыбацкое;4;Рыбацкое;Живи в Рыбацком ЖК
Этажи Санкт-Петербург;real_estate_agent;https://spb.cian.ru/sale/flat/334643233/?context=4.aE8oz6wa0Ak.41abuuFh2YZf_Xc0sSVKM5MCtefM5cemdx_ldfRRLJ8wbSjwaNLjoRi038_B2oUqNXjiQEouinESPw&mlSearchSessionGuid=a3cd6718a5962abc2f653259f6a8f554;Санкт-Петербург;sale;flat;4;5;3;58.5;14100000;Московский;Бассейная ;3;Парк Победы;
Этажи Санкт-Петербург;real_estate_agent;https://spb.cian.ru/sale/flat/333536520/?context=4.EZujf8JLQvc.Y8ZIrAw0SlPpjp9Rp_YfsjQffvEbo24B6OArkMURSdVfE3Rb3WGtwsHDJzmyDpmdGx60Jtf-gQURyQ&mlSearchSessionGuid=a3cd6718a5962abc2f653259f6a8f554;Санкт-Петербург;sale;flat;2;5;2;42.1;7800000;Невский;Народная ;98;Ломоносовская;
Мир Квартир PREMIUM;real_estate_agent;https://spb.cian.ru/sale/flat/333510515/?context=4.7N6PLQ35lVw.iz8vh_PnuP8O2K3pQWNAWWyMsXIYiM8eaO9lTm2HhNL3ykErDLLNS2dvsmTXkKBYbMK2E85AW6SyCw&mlSearchSessionGuid=a3cd6718a5962abc2f653259f6a8f554;Санкт-Петербург;sale;flat;4;9;1;35.4;9180000;Невский; Белышева;8к1Н;Проспект Большевиков;
Этажи Санкт-Петербург;real_estate_agent;https://spb.cian.ru/sale/flat/334633295/?context=4.IAra2Ztexx0.o6Ia6pBIm64oyH30lVJHzLF3cPK7f2C4qjtbud5tnIBgFS1F3swonkygM6Bv7xUed1XVYhDVHGpk6w&mlSearchSessionGuid=a3cd6718a5962abc2f653259f6a8f554;Санкт-Петербург;sale;flat;6;6;1;65.1;12689000;Пушкинский;Малиновская ;11к2;Купчино;
Этажи Санкт-Петербург;real_estate_agent;https://spb.cian.ru/sale/flat/334633283/?context=4.9ucT03SI79c.7QkbXyFmLGhcYj3BwgVFITC6h_HCe4gyn-V3l8URtrUY6UbvXQHv8A7gcNYCYFCMd_wFgqsZytsqCg&mlSearchSessionGuid=a3cd6718a5962abc2f653259f6a8f554;Санкт-Петербург;sale;flat;7;23;2;37.0;11000000;Московский;Пулковское шоссе;14Е;Звездная;Инвест-отель Salut!
Этажи Санкт-Петербург;real_estate_agent;https://spb.cian.ru/sale/flat/334633281/?context=4.diCahf6CT-w.3P2zWiOlNc5EsM5QM4xXMLbFh69_wV6_wLa-rB527BdYoMkrQy2mc1PvLvM2V3VvPxuzx0Cf9cVtqA&mlSearchSessionGuid=a3cd6718a5962abc2f653259f6a8f554;Санкт-Петербург;sale;flat;4;5;3;56.0;8900000;Московский;Пулковское шоссе;80;Купчино;
Самолет Плюс Санкт-Петербург Лиговский пр-кт;real_estate_agent;https://spb.cian.ru/sale/flat/333595504/?context=4.Sw6Wgqbux74.atKjwzZ8cV69TWsqIjb8SKPSUDmURyEKCHTDfx6DX8Jksi2l6HYmWC4UEOy6bgPqqvTDkDFEx1Nopg&mlSearchSessionGuid=a3cd6718a5962abc2f653259f6a8f554;Санкт-Петербург;sale;flat;4;12;3;60.6;21200000;Московский; Среднерогатская;11к2;Звездная;Аквилон Leaves
Этажи Санкт-Петербург;real_estate_agent;https://spb.cian.ru/sale/flat/334622196/?context=4.k3lP95ZViAE.dBhcZlZUScYdPEh0MOnx0qMN4R_OsdPmGzM_YPciuJlek63IxNc7tz_TY-3WHTL7E33-1SHjHPqOMw&mlSearchSessionGuid=a3cd6718a5962abc2f653259f6a8f554;Санкт-Петербург;sale;flat;1;4;1;30.0;9000000;Центральный;Невский проспект;139Б;Площадь Александра Невского;
Этажи Санкт-Петербург;real_estate_agent;https://spb.cian.ru/sale/flat/334610932/?context=4.8YOUVz8YEsg.Dnznp8tp3PgZe7aCzvFqjZ5m1Op0D0bni_NX5Tg_qHM9fKwWA5Ooz8-P6EDDQ2z_X7g2ubI0u69dXw&mlSearchSessionGuid=a3cd6718a5962abc2f653259f6a8f554;Санкт-Петербург;sale;flat;11;15;1;31.5;11250000;Невский; Ультрамариновая;10;Проспект Большевиков;Pulse на набережной
Этажи Санкт-Петербург;real_estate_agent;https://spb.cian.ru/sale/flat/330943576/?context=4.xcWfdxoRcC8.-BwE7eFso391f44HCax9h1iLeEqAn42HjMsAngahHTKdpzl0vk5A6HPR7nisenRaWTtbYnIVcoweqw&mlSearchSessionGuid=a3cd6718a5962abc2f653259f6a8f554;Санкт-Петербург;sale;flat;6;6;1;44.3;10500000;Курортный; Строителей;3к2;;Granholm Village
Этажи Санкт-Петербург;real_estate_agent;https://spb.cian.ru/sale/flat/332744355/?context=4.wYtfPRixM8A.XZKvRDvYPYDau_5_8MDvkj1jUYHHYued5RseqCiohiUR8mFEv69Of0qLtoQWrB0TB26SOpmam5CVtw&mlSearchSessionGuid=a3cd6718a5962abc2f653259f6a8f554;Санкт-Петербург;sale;flat;4;14;3;69.8;33000000;Адмиралтейский; Парфеновская;5с1;Фрунзенская;Квартал Галактика
Этажи Санкт-Петербург;real_estate_agent;https://spb.cian.ru/sale/flat/332733618/?context=4._0vTpvEB7Bw.yTjZGrTsTrHLsC7QA2VuSfyh_qOLRSLHVsumLu4Vw5W1WvzphjyZcDNTwbaZxfb2XQObIbRqgkrviA&mlSearchSessionGuid=a3cd6718a5962abc2f653259f6a8f554;Санкт-Петербург;sale;flat;16;24;2;64.7;16800000;Приморский;Комендантский проспект;51к1;Комендантский проспект;Юбилейный квартал
Этажи Санкт-Петербург;real_estate_agent;https://spb.cian.ru/sale/flat/334585698/?context=4.7ovGvfK8FR0.Gm8ZnugcSqeRwCjh8XtyX5byetlZYxJvk4G6LfqF82yhJ0EuGRfgbCxmcRJHU_6DjFZHSXMqGqpqgA&mlSearchSessionGuid=a3cd6718a5962abc2f653259f6a8f554;Санкт-Петербург;sale;flat;3;5;2;63.8;16980000;Московский; Струве;10к2;Звездная;Зеленый квартал на Пулковских высотах
Этажи Санкт-Петербург;real_estate_agent;https://spb.cian.ru/sale/flat/332471651/?context=4.TLoA7Pe19RA.3LRDxmOUO28XvHLW3Nv0U6WQNV-_2yBu32JD5HQvzw9jZ5PfXtTJCVa27KgeT2atJLClckljgmnApg&mlSearchSessionGuid=a3cd6718a5962abc2f653259f6a8f554;Санкт-Петербург;sale;flat;8;9;2;50.1;13500000;Фрунзенский;Купчинская ;24;Купчино;
Этажи Санкт-Петербург;real_estate_agent;https://spb.cian.ru/sale/flat/330910848/?context=4.NbrA1T5LZWw.6dC2dFTgRRyITRVC3d3Iqzv6Bi4_oX7d9tISM_mpCSG6CkFINzUJmqZk7UZ6-uF4TqQ6JVqoutyrSw&mlSearchSessionGuid=a3cd6718a5962abc2f653259f6a8f554;Санкт-Петербург;sale;flat;4;7;2;56.7;17500000;Петроградский;проспект Большой Петроградской стороны;106;Петроградская;
Этажи Санкт-Петербург;real_estate_agent;https://spb.cian.ru/sale/flat/327192854/?context=4.YTsWXK3nmF8.zz2N3SWhzQBRGfjaQyxgIj-HkSR4y1KruCCVoq1fp4VjNqVzYIcye9ii7S2f_7z60HuHbpbclWuztQ&mlSearchSessionGuid=a3cd6718a5962abc2f653259f6a8f554;Санкт-Петербург;sale;flat;4;12;3;58.0;27000000;Приморский;Богатырский проспект;45;Комендантский проспект;Amster
Этажи Санкт-Петербург;real_estate_agent;https://spb.cian.ru/sale/flat/334580338/?context=4.LWLPLSEbFuo.x76FlNLCXBbr5ygaUTA17IEoh7McGorR3HeqJQ4VIYl6hp-ypqg0tmU_G4TwU5NzGjCnCtDLCXN9LA&mlSearchSessionGuid=a3cd6718a5962abc2f653259f6a8f554;Санкт-Петербург;sale;flat;2;6;3;78.8;25000000;Адмиралтейский;Измайловский проспект;18;Балтийская;
Этажи Санкт-Петербург;real_estate_agent;https://spb.cian.ru/sale/flat/334580335/?context=4.lTgi57nU3ns.qEFLCH3HU1Fk8HKht_CHBadOOmCfgjugr3046FveSq4ymyoBSz6ZMXFc02OQVlECgJApK0LBj2ZULg&mlSearchSessionGuid=a3cd6718a5962abc2f653259f6a8f554;Санкт-Петербург;sale;flat;2;5;3;74.6;24860000;Василеостровский;Гаванская ;38;Приморская;
Этажи Санкт-Петербург;real_estate_agent;https://spb.cian.ru/sale/flat/334580327/?context=4.gJQGSg_gZuA.wxK1KhV7uj8f3QtwzFZHsGzaAxrEja2HZfeINYZPcrxh0PDdELSGTePPIYjaHYkuhRUog0N8m3uHmw&mlSearchSessionGuid=a3cd6718a5962abc2f653259f6a8f554;Санкт-Петербург;sale;flat;24;25;1;33.0;10500000;Невский;проспект Большевиков;66к5;Ломоносовская;Октябрьская набережная
Этажи Санкт-Петербург;real_estate_agent;https://spb.cian.ru/sale/flat/334575894/?context=4.fT8POcWEwO4.mA2MMkv-Hm-BkArZsUkvv52e1kX_QwmQpszg7ahtRYDskneABwuGdkRWXbilHXkv59mrbbzPtsMuxg&mlSearchSessionGuid=a3cd6718a5962abc2f653259f6a8f554;Санкт-Петербург;sale;flat;6;6;3;113.2;20500000;Адмиралтейский;Измайловский проспект;18;Балтийская;
Этажи Санкт-Петербург;real_estate_agent;https://spb.cian.ru/sale/flat/330731739/?context=4.ZGNsoZw5zDE.R47Z89twK7PPQBqiQ4pe39rMaYlhE4V9c7H0nbZNAJ5P-iE5M2rVR_0bRwgstlLppemnJ5xavGQmYA&mlSearchSessionGuid=a3cd6718a5962abc2f653259f6a8f554;Санкт-Петербург;sale;flat;2;9;3;57.6;11990000;Невский;Искровский проспект;10К2;Проспект Большевиков;
Этажи Санкт-Петербург;real_estate_agent;https://spb.cian.ru/sale/flat/333609418/?context=4.c4-3VYXSxyQ.gAZt2gkc_Y9nTtlxjePaq7FumZ7t8RWRXwOtaGEAjbH7TPSZpmPHhHX_asMLuj6euJMqFBKqVBWdvg&mlSearchSessionGuid=a3cd6718a5962abc2f653259f6a8f554;Санкт-Петербург;sale;flat;4;23;2;73.5;25500000;Невский; Дыбенко;3;Улица Дыбенко;Цивилизация на Неве
Этажи Санкт-Петербург;real_estate_agent;https://spb.cian.ru/sale/flat/334555748/?context=4.vgdazGf5iNA.VY9Qh_pobyq0zYYCjjjdGx_ye-EAuXVP-JKdHTPwC7zj-2gbBkmLvyC2OscST1fUyMd6D3QNUHRZCQ&mlSearchSessionGuid=a3cd6718a5962abc2f653259f6a8f554;Санкт-Петербург;sale;flat;5;9;3;60.0;11490000;Калининский;Суздальский проспект;77К2;Гражданский проспект;
Этажи Санкт-Петербург;real_estate_agent;https://spb.cian.ru/sale/flat/334547641/?context=4.M7pGX22YwQk.jmjExOslO2Uy5m5A9XlbsAyHdlHgF5M7TlE2uiekfTfxvdD6oT-ncJaz2byH0zdiGdYF_X0wRTkfvQ&mlSearchSessionGuid=a3cd6718a5962abc2f653259f6a8f554;Санкт-Петербург;sale;flat;2;7;1;31.6;12490000;Красногвардейский;Новочеркасский проспект;28/19;Новочеркасская;
Этажи Санкт-Петербург;real_estate_agent;https://spb.cian.ru/sale/flat/334544882/?context=4.hdBVa0GrvX4.Np0DJDWt10rsJfjXzcAp7hliyClS1QUrcdn2TwFCIcV5qWe3zsNrHrCg98IhzP3mggBeuRQZKYrHng&mlSearchSessionGuid=a3cd6718a5962abc2f653259f6a8f554;Санкт-Петербург;sale;flat;1;5;2;59.5;17000000;Василеостровский;27-я Васильевского острова линия;12В;Горный институт;
Этажи Санкт-Петербург;real_estate_agent;https://spb.cian.ru/sale/flat/334540319/?context=4.pfDsQQjsE1M.uFTL0SuIBbrZPF5cl-i0VMBZ1yRBzPDFa7PEixzPmIYzE_w6uNwxFu-faOqQorXnRDATRQAjh9ytZg&mlSearchSessionGuid=a3cd6718a5962abc2f653259f6a8f554;Санкт-Петербург;sale;flat;21;24;1;38.3;13500000;Калининский;Пискарёвка;7к3;Лесная;ЦДС Кантемировский
Этажи Санкт-Петербург;real_estate_agent;https://spb.cian.ru/sale/flat/332644847/?context=4.PhjA546C-84.VyEsSc_g1OCILjdrXDttUowjm5FQtUdSPaksyFaWyty8wWgV9MuvH3AQyI68z_rmoLMW2LGNd05VNw&mlSearchSessionGuid=a3cd6718a5962abc2f653259f6a8f554;Санкт-Петербург;sale;flat;1;9;3;67.3;12300000;Фрунзенский;Белградская ;16;Международная;
Этажи Санкт-Петербург;real_estate_agent;https://spb.cian.ru/sale/flat/331580534/?context=4.ibU58azV0C0.2X9L4vxQHaqWSa0S7qTYM2FMJpZ_Q5S6z5nWfS5u0oJvJCsFlCwXIyLm6FaR03w4tRjUZYaCkmNDbw&mlSearchSessionGuid=a3cd6718a5962abc2f653259f6a8f554;Санкт-Петербург;sale;flat;5;15;3;70.0;18600000;Выборгский; Новокузнецкая;8;Проспект Просвещения;Parkolovo
Мир Квартир PREMIUM;real_estate_agent;https://spb.cian.ru/sale/flat/332092637/?context=4._KV-mS6tbG8._sPR81aLPrgZnxl8skcpeFJJks9vLgzu9z8JLk2bDQTn9Lk9TqiaHD4eQ9krJsLDVc396UiDNEdDWQ&mlSearchSessionGuid=a3cd6718a5962abc2f653259f6a8f554;Санкт-Петербург;sale;flat;19;19;2;29.6;10900000;Приморский; Матроса Железняка;57;Пионерская;Grand Capital
Этажи Санкт-Петербург;real_estate_agent;https://spb.cian.ru/sale/flat/334528513/?context=4.vF4EEKmq7e0.X5ZHHBecatXjwFr3ZkJfMthxFQWalWzsmClyuU9AGi7G8l8dYio2srsCNjomrdj6xVUUaFAZlSOZIQ&mlSearchSessionGuid=a3cd6718a5962abc2f653259f6a8f554;Санкт-Петербург;sale;flat;3;23;1;34.8;7000000;Красногвардейский; Корнея Чуковского;7к2;Девяткино;
Этажи Санкт-Петербург;real_estate_agent;https://spb.cian.ru/sale/flat/333599417/?context=4.r_6Ooc63qM8.-S43oodIPxJNwOz8dK3oky6Bt99MMfQ5HSgXylUEk00iMzFqLthupggDwuK5davAgDOae7CPMowelw&mlSearchSessionGuid=a3cd6718a5962abc2f653259f6a8f554;Санкт-Петербург;sale;flat;7;24;3;92.4;24960000;Калининский;проспект Просвещения;99;Гражданский проспект;Новое Созвездие
Этажи Санкт-Петербург;real_estate_agent;https://spb.cian.ru/sale/flat/334519392/?context=4.xvO_vTREQ2o.v3R88_Ew_kYcAjqnuxjCh6oZpJKONAH5UWxvrJjkIkBrrnI9FDeuMVBZiQX6bxPCMXIdif5cL3hN9Q&mlSearchSessionGuid=a3cd6718a5962abc2f653259f6a8f554;Санкт-Петербург;sale;flat;16;21;1;42.7;12000000;Красносельский;проспект Героев;25к1;Юго-Западная;Огни Залива
Этажи Санкт-Петербург;real_estate_agent;https://spb.cian.ru/sale/flat/309941458/?context=4.La9DT8PuJFo.jA8scui3HF9iJdx37DPvXgPPrC9iVejE6fovWdFN7hhpQUiHgrf2z23LhltpntTBYUwVf0WegPTlKA&mlSearchSessionGuid=a3cd6718a5962abc2f653259f6a8f554;Санкт-Петербург;sale;flat;2;7;3;126.9;61000000;Московский;Варшавская ;6к2;Электросила;Московский квартал
Этажи Санкт-Петербург;real_estate_agent;https://spb.cian.ru/sale/flat/334507964/?context=4.lukIMM7iJ4o.szPkHM88R345tOLsXbPnkSysM7x1NaL9KKYIqUPzb4wTA62-1luvH2t_4ZOd1PyE5Cp81H5G1zkE_w&mlSearchSessionGuid=a3cd6718a5962abc2f653259f6a8f554;Санкт-Петербург;sale;flat;6;25;1;33.5;7500000;Красногвардейский; Пейзажная;4к1;Девяткино;Цветной Город
Этажи Санкт-Петербург;real_estate_agent;https://spb.cian.ru/sale/flat/334480964/?context=4.GPjlQRcO-Zs.u7JmgQ5YlGEhKGfcQiPGnQ-GGjf7jZa7fKRceoqIz0QhR0tT6r67NRevex8FtwnrpcWeFilTLcAxVw&mlSearchSessionGuid=a3cd6718a5962abc2f653259f6a8f554;Санкт-Петербург;sale;flat;9;23;1;38.5;15200000;Калининский;Гражданский проспект;107К1;Гражданский проспект;
Этажи Санкт-Петербург;real_estate_agent;https://spb.cian.ru/sale/flat/334480960/?context=4.V9-ACbWcDfw.FRHQ2Iamup45aLQjP5LLY5WybeFoRDHMLvwjZ7vVZ8h0Egs3A25PVWVYJHRFfNRT1CUNCU9bRLN3BQ&mlSearchSessionGuid=a3cd6718a5962abc2f653259f6a8f554;Санкт-Петербург;sale;flat;3;4;1;34.28;11100000;Петродворцовый;проспект Буденного;18к2;Проспект Ветеранов;
Этажи Санкт-Петербург;real_estate_agent;https://spb.cian.ru/sale/flat/334476284/?context=4.vc531nilvC4.VRYtufTJT36GmZUUdSYVOss4M-TeCbNHavEdw9s5wNlUnhCq1aIpTxmQfVDWBoJinlqp0MlTA28Xxw&mlSearchSessionGuid=a3cd6718a5962abc2f653259f6a8f554;Санкт-Петербург;sale;flat;18;25;2;58.2;11250000;Пушкинский; Валдайская;2к2;Купчино;Шушары
Этажи Санкт-Петербург;real_estate_agent;https://spb.cian.ru/sale/flat/334473142/?context=4.-tTgh0MU3vE.p9QC5OFDPhjPPmX6dg70k7Orld1Ql3cK9xtQMj2UmBTES7cpKjQM3imtnAGezELfunzgKEV5_2iILw&mlSearchSessionGuid=a3cd6718a5962abc2f653259f6a8f554;Санкт-Петербург;sale;flat;12;25;2;74.4;24995000;Фрунзенский;Купчинская ;34к1;Купчино;
Этажи Санкт-Петербург;real_estate_agent;https://spb.cian.ru/sale/flat/331680044/?context=4.ZlbN4hGeWU4.zoi0HsF5ZAvNVL08ne86jBsUX3D73RkFyfVO4ijuwf42dGGaipfhJx_n0JqBpyiq4IkiGoCc2w7UuA&mlSearchSessionGuid=a3cd6718a5962abc2f653259f6a8f554;Санкт-Петербург;sale;flat;5;5;3;69.7;13700000;Выборгский;Лесной проспект;59к5-6Е;Лесная;
Этажи Санкт-Петербург;real_estate_agent;https://spb.cian.ru/sale/flat/334468135/?context=4.2zcjsz6lDEk.1WF8GQToKOXNA7zX2eRs8qJoodoPliR2m1LqYgS-JY5WiXxXYWLU_enS9tlvjA9OSVPceLNi9btwgQ&mlSearchSessionGuid=a3cd6718a5962abc2f653259f6a8f554;Санкт-Петербург;sale;flat;1;9;3;60.4;13950000;Московский;Звездная ;4;Звездная;
Этажи Санкт-Петербург;real_estate_agent;https://spb.cian.ru/sale/flat/334468130/?context=4.j_yw_lVecoQ.gbzVWIeq_A_zw3YWRmHlFsu7uxRbgpsomNvYbmEEVnzEFEvbydMdPlJU36k3aZJuG-E8b21M5U3uhQ&mlSearchSessionGuid=a3cd6718a5962abc2f653259f6a8f554;Санкт-Петербург;sale;flat;7;12;1;33.7;9700000;Приморский;проспект Орлово-Денисовский;20к2;Проспект Просвещения;Бионика Заповедная
Этажи Санкт-Петербург;real_estate_agent;https://spb.cian.ru/sale/flat/334464362/?context=4.zfNpOMdT3m4.TRQvZEu5QCNkuAqcsWsPbVvEvVvvVN1SA_7S3Vc9MCB_0LD-9cnjj3xzwLt7k4FLe-w7-grKFmr4kA&mlSearchSessionGuid=a3cd6718a5962abc2f653259f6a8f554;Санкт-Петербург;sale;flat;2;5;2;53.1;23500000;Московский;Московский проспект;149Г;Электросила;
Этажи Санкт-Петербург;real_estate_agent;https://spb.cian.ru/sale/flat/334459215/?context=4.9_5ptoEnpjQ.5sya4wq9xsZ7jP-W4ZVhqSZDvQLKqkmu5aGS1kjGrCS09nuJX8iGdf5xg8u9vszG8RfH43vo7-xfKg&mlSearchSessionGuid=a3cd6718a5962abc2f653259f6a8f554;Санкт-Петербург;sale;flat;6;12;2;49.7;13000000;Выборгский;2-й Муринский проспект;36;Площадь Мужества;Avenue на Мужества
Этажи Санкт-Петербург;real_estate_agent;https://spb.cian.ru/sale/flat/332554077/?context=4.MBBE6WCkIt8.ldISLh3NE2mNEjyHQ6ZFZWwsGXgpmgGYEOZoOgch8Aa5wTLfeDvQ4huRuq4JGJwTRRQ-rE_VI6hdUQ&mlSearchSessionGuid=a3cd6718a5962abc2f653259f6a8f554;Санкт-Петербург;sale;flat;6;7;2;57.0;21000000;Московский;Бассейная ;27;Парк Победы;
Этажи Санкт-Петербург;real_estate_agent;https://spb.cian.ru/sale/flat/329758306/?context=4.H5S1gB1qreM.y74MzRwUa-_ZaNXa21bzjYiSkZRYg27yX7df68x7P_ZFsispVusWP2L_Q5DtVEiHzpD9Mkf2hHgXWw&mlSearchSessionGuid=a3cd6718a5962abc2f653259f6a8f554;Санкт-Петербург;sale;flat;6;9;3;74.4;15957500;Фрунзенский;Бухарестская ;67К1;Проспект Славы;
МЭТС;real_estate_agent;https://spb.cian.ru/sale/flat/334715187/?context=4.1apscIuuiZk.5BmR3Q-X2tthsyom6AU6A3W1H_VzgT2RPa8nf_8z7VkeYZkGV7QLA-Yt4OZfMgEAjTS7pD8HrnwTYA&mlSearchSessionGuid=a3cd6718a5962abc2f653259f6a8f554;Санкт-Петербург;sale;flat;2;4;1;20.4;4086400;Красносельский; Калинина;10;Юго-Западная;
Этажи Санкт-Петербург;real_estate_agent;https://spb.cian.ru/sale/flat/329979447/?context=4.hKoV6rRYWNw.n8U9OKUwk0zApfEb1cklqAGT4fkzTi16d8kvQOTDtqTcvqbvFt4IHFjMktlsfwEdNMRl0UBavh4Z0g&mlSearchSessionGuid=a3cd6718a5962abc2f653259f6a8f554;Санкт-Петербург;sale;flat;1;6;3;60.0;17900000;Центральный; Пестеля;5;Гостиный двор;
Этажи Санкт-Петербург;real_estate_agent;https://spb.cian.ru/sale/flat/329979452/?context=4.Y_GQGSbRke0.UEY1LTad-NzMQ-kHV-YdRwEk0V7sRam4FmwDAmcc8Xf5kHTw0H3-Rk_6LS8fmwLBSHVI-dNu17A4DA&mlSearchSessionGuid=a3cd6718a5962abc2f653259f6a8f554;Санкт-Петербург;sale;flat;1;6;2;59.0;17900000;Центральный; Пестеля;5;Гостиный двор;
Этажи Санкт-Петербург;real_estate_agent;https://spb.cian.ru/sale/flat/334429576/?context=4.qSZfh1ZzMwg.oiB3jgmAIQqw-48cZh9j_cR3XTvcesotyvzKUajowCgweKLT-lHWauGXQlZC9soh6jqdt-Mj6zBiMQ&mlSearchSessionGuid=a3cd6718a5962abc2f653259f6a8f554;Санкт-Петербург;sale;flat;5;5;2;50.0;29500000;Петроградский; Шамшева;12;Чкаловская;
МЭТС;real_estate_agent;https://spb.cian.ru/sale/flat/334715141/?context=4.gG0Ift1G1t4.Rra-JTNiyM45NMKU2KlZCG2imb6iPqpFkfA2Gj6v3j27vlswPVvp4kvP-NZJ4cAdAVcHHgXoRjLesA&mlSearchSessionGuid=a3cd6718a5962abc2f653259f6a8f554;Санкт-Петербург;sale;flat;8;14;2;52.6;17327000;Василеостровский; Чирикова;5;Приморская;Аквилон ZALIVE
Этажи Санкт-Петербург;real_estate_agent;https://spb.cian.ru/sale/flat/334429572/?context=4.ODzW0fgi2Gg.bPeIzKdcotJZHIU37E18j4MNk7YP14G91ir3tkN9JQ7cqIcnBffCV6oFgRlduGQg9o-9_gl_SyWqkg&mlSearchSessionGuid=a3cd6718a5962abc2f653259f6a8f554;Санкт-Петербург;sale;flat;2;12;1;32.4;14000000;Московский;1-й Предпортовый проезд;1;Ленинский проспект;Сенат в Московском
Будь первым;real_estate_agent;https://spb.cian.ru/sale/flat/331937119/?context=4.c5KUkbER4OM.9te4kwjd0Qrybnl7kMrl9hRyAX2jfQQ5mGhnfV_I8RR22__FM0nFr0Z3pkVjE-hnp6HFbGkU_nnRCQ&mlSearchSessionGuid=a3cd6718a5962abc2f653259f6a8f554;Санкт-Петербург;sale;flat;8;21;2;52.0;13700000;Красносельский;проспект Героев;25к1;Юго-Западная;Огни Залива
Этажи Санкт-Петербург;real_estate_agent;https://spb.cian.ru/sale/flat/334425154/?context=4.aznHahMfhXg.3FUMw67uhFiDb9KKYgcMaAHCxRH88un9Kneya2vk6hyA2aCRi4mWIpTCGBmOqeIZCnpLpCthG42g-A&mlSearchSessionGuid=a3cd6718a5962abc2f653259f6a8f554;Санкт-Петербург;sale;flat;5;5;2;48.0;19000000;Московский;Благодатная ;38;Электросила;
Этажи Санкт-Петербург;real_estate_agent;https://spb.cian.ru/sale/flat/333432070/?context=4.WupaXNz5Krs.mW6h7wTxiodQjSdsb3GmlGaCwm6sJTaR7NVr1b50iruTT2RNJpPbwqyckqSlTr8O0Df9H5VtSX2CRQ&mlSearchSessionGuid=a3cd6718a5962abc2f653259f6a8f554;Санкт-Петербург;sale;flat;3;19;3;80.0;49000000;Адмиралтейский;Московский проспект;73к5;Фрунзенская;Времена года
Мир Квартир Элит;real_estate_agent;https://spb.cian.ru/sale/flat/328829252/?context=4.3VOTkkad9SE.0TqwS_fD9U-AQtw2gtJ4dWUgWHHa8__V5CAxTzDSXBkk4AEBlIFl9ZthTtiKWMxNCHuIfbNlkclgvA&mlSearchSessionGuid=a3cd6718a5962abc2f653259f6a8f554;Санкт-Петербург;sale;flat;2;9;5;176.0;85900000;Петроградский;проезд Петровская коса;6к1;Василеостровская;Петровская Доминанта
Этажи Санкт-Петербург;real_estate_agent;https://spb.cian.ru/sale/flat/333461153/?context=4.akt4P4-8Bk8.ccXyH7CIkhyY7Se8RTbGF_5i4h1vurvPdBT_3gII8ZgQ6gVjgZRrpmg6mWFQo6o-mvm_RC1tCpWP7w&mlSearchSessionGuid=a3cd6718a5962abc2f653259f6a8f554;Санкт-Петербург;sale;flat;9;17;1;39.7;11900000;Приморский; Савушкина;115К3;Старая Деревня;
Этажи Санкт-Петербург;real_estate_agent;https://spb.cian.ru/sale/flat/333092210/?context=4.SnS6gli4gUQ.uAmep7tTwNd-wZnJ0Crha8haO3k8bd050cenLVm-XklzZJIrrBK1vgHwGTIq8JTht-8sVRKHUbi-ow&mlSearchSessionGuid=a3cd6718a5962abc2f653259f6a8f554;Санкт-Петербург;sale;flat;18;22;1;37.0;13500000;Московский;Варшавская ;59;Московская;
Мир Квартир Элит;real_estate_agent;https://spb.cian.ru/sale/flat/334593016/?context=4.jIFqD81Bli0.uF0vQ5QwJq9n8LFXhpR4pmPjJFtKAc46flmAXdkjh5FGrV3L179vwvilCgh8xy62-4ekXM6zOUT1Cg&mlSearchSessionGuid=a3cd6718a5962abc2f653259f6a8f554;Санкт-Петербург;sale;flat;2;5;2;66.7;25000000;Центральный; Моисеенко;1;Площадь Восстания;
Этажи Санкт-Петербург;real_estate_agent;https://spb.cian.ru/sale/flat/330394009/?context=4.IYYAWXz1WWc.j_OLGG1bXhxIpZOzRw8M2kwBks1ZA_rrNKjfi9H2GjurzDOlxniMX2xwkKdyinmFhCeb78H4cslC3w&mlSearchSessionGuid=a3cd6718a5962abc2f653259f6a8f554;Санкт-Петербург;sale;flat;9;9;2;55.0;10500000;Петродворцовый; Гоголя;8;Юго-Западная;
Этажи Санкт-Петербург;real_estate_agent;https://spb.cian.ru/sale/flat/334407067/?context=4.GZ16YGbKZ_o.6aktIo5-G2laN4HjSl3odnDpWhx3MDQ0lo_3rS0LU2pcZ2DsEBBHNXQ63SL1LmDw32_Zraly1Z6f4A&mlSearchSessionGuid=a3cd6718a5962abc2f653259f6a8f554;Санкт-Петербург;sale;flat;3;4;4;100.8;23000000;Центральный;Моховая ;37;Чернышевская;
Этажи Санкт-Петербург;real_estate_agent;https://spb.cian.ru/sale/flat/332446327/?context=4.Ngc1ltTqP1U.BuGfpZ4Sg6FikPMSOxr4VQ8H-RiiPHmoWRnToFrRSuAC6_PqUUswF8GsBm_ytskkHzC0I-JO1DOHZA&mlSearchSessionGuid=a3cd6718a5962abc2f653259f6a8f554;Санкт-Петербург;sale;flat;13;14;5;140.8;39990000;Калининский;Лабораторный проспект;23;Лесная;Дом на Лабораторном, 23А
Мир Квартир Элит;real_estate_agent;https://spb.cian.ru/sale/flat/330818057/?context=4.NeBt5UXC8LA.PgHCJJ-5tFJ5CArrffm8BD4klhEFPwSRTcew_NKyGlkAgh9dxBe8SxsE0H81_JgGcqTDE8pDVibmdw&mlSearchSessionGuid=a3cd6718a5962abc2f653259f6a8f554;Санкт-Петербург;sale;flat;4;9;1;63.0;37450000;Петроградский;Петровский проспект;24к3;Крестовский остров;Петровская ривьера
Мир Квартир Элит;real_estate_agent;https://spb.cian.ru/sale/flat/326161100/?context=4.JuZpOTyO_PI.cf_5aLYeEqQq1ZMvzLmjZbyvkp92mfmsAJL_i6uSq8_oPSYBFl4-rFBB52wXSiluzqiy1qDiLA_psQ&mlSearchSessionGuid=a3cd6718a5962abc2f653259f6a8f554;Санкт-Петербург;sale;flat;3;10;2;42.2;16420000;Центральный;Херсонский проезд;6;Площадь Александра Невского;Апартаменты VIDI
Мир Квартир Элит;real_estate_agent;https://spb.cian.ru/sale/flat/334677417/?context=4.pMBOOirYdb0.4r1K6tIPAwxjhkxolHeE9wRofMeHhfJBa00RnKe0C67JDTrCXOBzhTg0eIqTR7iFnSIlIYjqlgJ0yQ&mlSearchSessionGuid=a3cd6718a5962abc2f653259f6a8f554;Санкт-Петербург;sale;flat;15;16;3;100.0;79000000;Выборгский;Большой Сампсониевский проспект;4-6;Площадь Ленина;
Этажи Санкт-Петербург;real_estate_agent;https://spb.cian.ru/sale/flat/334392537/?context=4.-u9bdYcdKaQ.eykZeB_niMkwLKJi-jkoE8vPnsznwf-KIfep2qKBdABXoWw8IPGcJpUnjmOw_jWy0vCea0sbzkhaiA&mlSearchSessionGuid=a3cd6718a5962abc2f653259f6a8f554;Санкт-Петербург;sale;flat;19;19;1;46.5;12400000;Приморский;Глухарская ;27к1;Комендантский проспект;Новая Каменка
Мир Квартир Элит;real_estate_agent;https://spb.cian.ru/sale/flat/333015101/?context=4.Yw2j5EXtBq8.MikN_jOwcpegdKJsvA4q_E1-ocuHid4OqBBZTgEuexCBOD3azF5gep7S1uDs4xYMdkiH87U1oy6Qrg&mlSearchSessionGuid=a3cd6718a5962abc2f653259f6a8f554;Санкт-Петербург;sale;flat;22;22;1;45.3;14700000;Приморский;Лыжный переулок;2;Беговая;Лыжный пер. 2
Этажи Санкт-Петербург;real_estate_agent;https://spb.cian.ru/sale/flat/334386815/?context=4.dBgsjAvXlgY.XCL8O9nPyaZlLczS1RaC4RsMYISTghf0w5VrgTCS6748SJGrSWzl_jarG1BO4kMH0LR1ENHoim0kPg&mlSearchSessionGuid=a3cd6718a5962abc2f653259f6a8f554;Санкт-Петербург;sale;flat;1;5;3;99.9;18500000;Красносельский;Геологическая ;75к4;Юго-Западная;
INHAUS;real_estate_agent;https://spb.cian.ru/sale/flat/333491231/?context=4.jN009HTj2DU.JsE4kKX7wUtfyBKSe6FHAeyGSDlSt2cvY3PaLM8uOh-5r9FxLjINS__NfTCg7VF5z34AADC_SbJeow&mlSearchSessionGuid=a3cd6718a5962abc2f653259f6a8f554;Санкт-Петербург;sale;flat;3;5;3;54.9;13450000;Приморский;Ланское шоссе;65;Пионерская;
Этажи Санкт-Петербург;real_estate_agent;https://spb.cian.ru/sale/flat/333428374/?context=4.-qhNzqHSgv4.s_zo25mxAdhtauwXL_qfrqTWGHjKzIwzSyD5U4N2NfPwLAkAd7mbK9pvKuIyNQIxGLPCD8RrPgJHeA&mlSearchSessionGuid=a3cd6718a5962abc2f653259f6a8f554;Санкт-Петербург;sale;flat;17;24;2;70.0;18990000;Московский; Среднерогатская;9;Звездная;Триумф Парк
Этажи Санкт-Петербург;real_estate_agent;https://spb.cian.ru/sale/flat/330990094/?context=4.EhCrG6JyfT4.JGIR2kIR74Chkwt1yQJNMJ5kuvXMtY0rCbMOSXUnfxaiRKyfnALRi4NnFXh3XP5QjSDX91SIq__8Hw&mlSearchSessionGuid=a3cd6718a5962abc2f653259f6a8f554;Санкт-Петербург;sale;flat;1;4;5;118.9;42000000;Петродворцовый;Санкт-Петербургский проспект;9;Юго-Западная;
Этажи Санкт-Петербург;real_estate_agent;https://spb.cian.ru/sale/flat/332542181/?context=4.aBDavcIMlRc.As9K1FtNIpJDCegPFOtDkIyXTE2zzf2FJ62TsJsgK-Pivvo3oj3oI-v-lfQknD--tQGhS7P57vbrhg&mlSearchSessionGuid=a3cd6718a5962abc2f653259f6a8f554;Санкт-Петербург;sale;flat;13;19;1;37.7;15500000;Василеостровский; Вадима Шефнера;4;Приморская;Магеллан (Гавань Капитанов)
ЭВО;real_estate_agent;https://spb.cian.ru/sale/flat/333994135/?context=4.-Cqae3cF_ik.WXocj0VqzVo9sS-LxR_4_rfoGDNM1rAj-yXNUipUlNe058pVYZHs7zquwdCR2pn030K4so1QJ4s8lw&mlSearchSessionGuid=a3cd6718a5962abc2f653259f6a8f554;Санкт-Петербург;sale;flat;1;13;2;50.8;11000000;Красносельский;проспект Ветеранов;175к4;Юго-Западная;Солнечный город
Этажи Санкт-Петербург;real_estate_agent;https://spb.cian.ru/sale/flat/334352558/?context=4.sCKYTPS2p9E.0DHiwDXlVzUsvOo3aNFXC1qdgRM0NCH0OgrfD3hc1-P-48ADI4ulBpm_ywg_NP0azl85C48e_GpyBg&mlSearchSessionGuid=a3cd6718a5962abc2f653259f6a8f554;Санкт-Петербург;sale;flat;5;12;1;47.8;14900000;Невский; Шелгунова;7к1;Пролетарская;
ЭВО;real_estate_agent;https://spb.cian.ru/sale/flat/334559876/?context=4.hWjyByzg-t4.lbv17zHWDEZfAf7fcvrqDfyyBcRAnXzQaTU20O5mAP9Dr5gmZLfIMpbdNGdOdAghZR_jIuaBiV4lJQ&mlSearchSessionGuid=a3cd6718a5962abc2f653259f6a8f554;Санкт-Петербург;sale;flat;16;23;2;55.2;20200000;Приморский;Комендантский проспект;58к1;Комендантский проспект;Legenda Комендантского
Этажи Санкт-Петербург;real_estate_agent;https://spb.cian.ru/sale/flat/330135926/?context=4.KA3l5eVQne8.19PsxLTqz69aEOumR2QTMi9Wto5coOic3sM_dawjLu7cRSW_DAoMLk3upV8v_k1pOyor2NaNiLP3Og&mlSearchSessionGuid=a3cd6718a5962abc2f653259f6a8f554;Санкт-Петербург;sale;flat;5;25;1;37.6;9999999;Невский;переулок Антокольский;6;Пролетарская;Green City
ЭВО;real_estate_agent;https://spb.cian.ru/sale/flat/333460719/?context=4.mcdezhIVVSc.tavfQQmoeeiK_8lxUBzOrVd37jsFO40A5XweUhOSE8HIp9nuPAFrOTmM3byMOk_wDKFAeHM_z5YpiQ&mlSearchSessionGuid=a3cd6718a5962abc2f653259f6a8f554;Санкт-Петербург;sale;flat;6;27;3;68.2;16000000;Выборгский; Шишкина;309к1;Парнас;Северная долина
Этажи Санкт-Петербург;real_estate_agent;https://spb.cian.ru/sale/flat/334331470/?context=4.3avzkgi-Qgw.69BjplTl-Bm_kdo_pSsw82mc_zijAf_hPZpd3I1-F2x8AQYAUzUrBqjXGsQx5x8hvSzT-br0r3kkLg&mlSearchSessionGuid=a3cd6718a5962abc2f653259f6a8f554;Санкт-Петербург;sale;flat;12;15;1;42.0;16990000;Калининский;Полюстровский проспект;75;Лесная;БелАрт
Этажи Санкт-Петербург;real_estate_agent;https://spb.cian.ru/sale/flat/334352557/?context=4.3ZevMvJI9MI.R5AyxFlbaqnyn9YZSktagzYSXod7bWmusEZ7zOaZD7STe6_5M_UX_MQZ09rnyBxf7-xJWWiR6eHKJg&mlSearchSessionGuid=a3cd6718a5962abc2f653259f6a8f554;Санкт-Петербург;sale;flat;14;17;2;61.4;17200000;Приморский;Мебельная ;45к2Д;Беговая;
Этажи Санкт-Петербург;real_estate_agent;https://spb.cian.ru/sale/flat/333303839/?context=4.MXOcPQmGkKk.4saBLrI-e-am84F4zYXyvKdSD3h1R5GdIdL6WqIf5Z1aLzXiK23aNwm_OU7qgdPzeyvI5H_Nz0un0g&mlSearchSessionGuid=a3cd6718a5962abc2f653259f6a8f554;Санкт-Петербург;sale;flat;1;12;2;59.0;14300000;Невский;Товарищеский проспект;32к2;Улица Дыбенко;
Этажи Санкт-Петербург;real_estate_agent;https://spb.cian.ru/sale/flat/333356466/?context=4.3V3pIqG2hY0.hoOGvtZQtcLNAHFknopsGZIpO4vZGZJP97rjPqLfnlsmv1ZceqzXMHsEKGR-ZvS-BANBUuydw1j8KA&mlSearchSessionGuid=a3cd6718a5962abc2f653259f6a8f554;Санкт-Петербург;sale;flat;13;19;3;108.2;36600000;Московский;Малая Митрофаньевская ;8к1;Московские ворота;Галактика. Премиум
Этажи Санкт-Петербург;real_estate_agent;https://spb.cian.ru/sale/flat/334325919/?context=4.yCFfnVgWmQI.CGwhL7HJuF6Eo3A8K66BxAdmBFe5LJTlyNdNGucTEKbR6dnHuIiRYgWNAjj77Qz-Ugl1DQaub-eEvA&mlSearchSessionGuid=a3cd6718a5962abc2f653259f6a8f554;Санкт-Петербург;sale;flat;19;19;1;43.4;12500000;Выборгский;Выборгское шоссе;15;Проспект Просвещения;OZERKI Style Tower
Этажи Санкт-Петербург;real_estate_agent;https://spb.cian.ru/sale/flat/334325917/?context=4.v7Na7ljoODA.-KYuyeGZrLi8i7GhHLk3UYnqMTY46s8Mt8bUD_TzcTvsSu8DjN0NHWLrv2Uhw3XHzu-tT-lLtAZX7Q&mlSearchSessionGuid=a3cd6718a5962abc2f653259f6a8f554;Санкт-Петербург;sale;flat;7;12;3;69.9;14500000;Красногвардейский;Индустриальный проспект;27;Проспект Большевиков;
Этажи Санкт-Петербург;real_estate_agent;https://spb.cian.ru/sale/flat/330393989/?context=4.3nPHj-7XkB8.HL4NS1e24mR95m2o7ljaWZK36ZaJ_XgtVmnTWOfsm9ndqd9B_KyB9EM_odnZEbTLXSAs0WtyLrBvzw&mlSearchSessionGuid=a3cd6718a5962abc2f653259f6a8f554;Санкт-Петербург;sale;flat;16;25;1;69.4;19500000;Приморский;Мебельная ;49/92;Беговая;Vita Nova
ЭВО;real_estate_agent;https://spb.cian.ru/sale/flat/332847326/?context=4.NUkD6qBaf_k.gN5d07NIwtB0ev5XnPJ3uLgADp2g6XTxdPVWsTLs6C1pYXYK_gMpIlGOaNBTsu2KCPHR4q0GjMWP8w&mlSearchSessionGuid=a3cd6718a5962abc2f653259f6a8f554;Санкт-Петербург;sale;flat;1;7;2;64.3;18500000;Василеостровский;14-я Васильевского острова линия;31-33;Василеостровская;
Этажи Санкт-Петербург;real_estate_agent;https://spb.cian.ru/sale/flat/334303205/?context=4.7TaNAKYwMB8.H6fyWqdDeJ1i9r5Rc9m799_wVqse6pN_SWk4EpwPAWSwRjoigTKKuW7aPH6VOw8m8G6RP1zO7Ao4LA&mlSearchSessionGuid=a3cd6718a5962abc2f653259f6a8f554;Санкт-Петербург;sale;flat;2;11;2;43.5;12790000;Московский;Московское шоссе;6;Московская;
ЭВО;real_estate_agent;https://spb.cian.ru/sale/flat/334092823/?context=4.pLBnt1TeuLE.QzqF6MhQgRmdWqh3bhr2FoXk11IztLrCO7wnJDVSGurE6EdM3Rlzl47cu9Ct6asLcS9tORdz5Wdquw&mlSearchSessionGuid=a3cd6718a5962abc2f653259f6a8f554;Санкт-Петербург;sale;flat;3;5;4;95.8;34000000;Центральный;Невский проспект;106;Маяковская;
ЭВО;real_estate_agent;https://spb.cian.ru/sale/flat/334002095/?context=4.aOrJTsAgzsY.JHduumRc0VLHS1N5KAYrGIoWwiihqEAjv2ku5_9V6nrxKHdyyMtCI4UjpoP69dc4vdJmQ1wBmMLE9A&mlSearchSessionGuid=a3cd6718a5962abc2f653259f6a8f554;Санкт-Петербург;sale;flat;8;25;2;54.1;17000000;Московский;5-й Предпортовый проезд;1;Московская;
Этажи Санкт-Петербург;real_estate_agent;https://spb.cian.ru/sale/flat/331530906/?context=4.OEiF_7wJaTM.Eab_AhlgcX1Ly8T1n33vgIoRADn-tkx19aOqAh_2ZEtB-50KUnvuN5PhUmudjoAHl-tJXREF8sx9qw&mlSearchSessionGuid=a3cd6718a5962abc2f653259f6a8f554;Санкт-Петербург;sale;flat;4;4;2;103.2;56000000;Центральный;Суворовский проспект;60;Чернышевская;
ЭВО;real_estate_agent;https://spb.cian.ru/sale/flat/332847324/?context=4.aUZ4y8bpxqg.zQlvFTiG3VgV50JZ6IoVOWHpN3Z9J6CpqwxoodNrvPzkihO4k1GPcCvwrJ8sW7-ZwX-ZosyiOhWlaQ&mlSearchSessionGuid=a3cd6718a5962abc2f653259f6a8f554;Санкт-Петербург;sale;flat;13;16;3;100.7;37500000;Красногвардейский;Заневский проспект;32к3;Новочеркасская;
Этажи Санкт-Петербург;real_estate_agent;https://spb.cian.ru/sale/flat/333345010/?context=4.AiR9nTl0VR0.Ds5tmFbbNgJ4eIdlEu-sOGRW8zoSoUMT4n_D9p-Osfe4X0gq3c60BtS3N35kxN0x8bwQMNZjeforSQ&mlSearchSessionGuid=a3cd6718a5962abc2f653259f6a8f554;Санкт-Петербург;sale;flat;2;14;4;74.2;15500000;Красносельский;Ленинский проспект;96К3;Юго-Западная;
ЭВО;real_estate_agent;https://spb.cian.ru/sale/flat/332753215/?context=4.0lQBG4VCilg.84kN5RDkFN597j_lZa50l2smJEZWJ2FAPLtwalNcZT5XUQXe6rtVgSqiY6oqLg_sjrEikoDNvQT3Hw&mlSearchSessionGuid=a3cd6718a5962abc2f653259f6a8f554;Санкт-Петербург;sale;flat;3;5;4;94.1;15700000;Василеостровский;18-я Васильевского острова линия;25;Горный институт;
Этажи Санкт-Петербург;real_estate_agent;https://spb.cian.ru/sale/flat/334274191/?context=4.aRFySS83rCs.-SQPlG3yUvmTWymaXaacGg3rkdRFC2OLVd_qjQnwIY_7me7RApdOKWukrw0wZfjeI2M5EnqGxx41dg&mlSearchSessionGuid=a3cd6718a5962abc2f653259f6a8f554;Санкт-Петербург;sale;flat;6;12;1;35.8;15680000;Василеостровский;Уральская ;21;Приморская;Эмеральд на Малой Неве
Этажи Санкт-Петербург;real_estate_agent;https://spb.cian.ru/sale/flat/332798558/?context=4.ibPsGyC-x2s.pM4VMWnbXZLqb8bI0nw9cH3s9snoMc-BsLvSSWiYlI6AKPmpjHFJ-Xu3pcWetRdEQ-O8AakeqiOcBg&mlSearchSessionGuid=a3cd6718a5962abc2f653259f6a8f554;Санкт-Петербург;sale;flat;6;9;3;100.5;39500000;Центральный;Лиговский проспект;123;Лиговский проспект;Лиговский 123
ЭВО;real_estate_agent;https://spb.cian.ru/sale/flat/334028733/?context=4.dBUXfK8fp44.N7kiJqWW8_ibUzPELpskR4EYeIkrjgsz3bpr8Jj-UG0k52EPPGhhfakQ6EDhbvIJfaykUIbmid1PcQ&mlSearchSessionGuid=a3cd6718a5962abc2f653259f6a8f554;Санкт-Петербург;sale;flat;4;4;2;54.74;15000000;Петродворцовый;проспект Буденного;18к3;Проспект Ветеранов;
Городской Центр Недвижимости;real_estate_agent;https://spb.cian.ru/sale/flat/329191834/?context=4._SuLYidSpu0.ckqQioZOAGOVUlTGZ0hzgDFnxMwpvK8rAaFhreSiaJhgdof4s-xXVXOGNwHF8955tvbledb5nA4XJA&mlSearchSessionGuid=a3cd6718a5962abc2f653259f6a8f554;Санкт-Петербург;sale;flat;16;17;4;137.4;27480000;Невский; Дыбенко;42к3;Улица Дыбенко;
Этажи Санкт-Петербург;real_estate_agent;https://spb.cian.ru/sale/flat/334238231/?context=4.CKAgpoSbQME.5KKE4X0y6OYGWnL0ZhKzp4xTO0PxN0qiKcexF7OyKsQ7DTVsCoKOHs6LMx0j-qgsYjRFrAn0UxUuPw&mlSearchSessionGuid=a3cd6718a5962abc2f653259f6a8f554;Санкт-Петербург;sale;flat;3;27;1;34.8;8600000;Выборгский; Федора Абрамова;21к1;Парнас;Северная долина
Этажи Санкт-Петербург;real_estate_agent;https://spb.cian.ru/sale/flat/334237099/?context=4.1RnSYgv-8Vg.GOqAz4TApanyOdjyMO7dnpCDpZZVTyXXCH0g2nXYQ85dr4oXVxERBb56Gim1T1LKinn1IYXuisPE0g&mlSearchSessionGuid=a3cd6718a5962abc2f653259f6a8f554;Санкт-Петербург;sale;flat;1;5;2;71.9;14990000;Кировский; Зайцева;3;Автово;
Этажи Санкт-Петербург;real_estate_agent;https://spb.cian.ru/sale/flat/334237076/?context=4.HmHHYcy2ehQ.k8wCKXFLDka-PvK47hNcVsF943A8qNOQNizyU6uSBPbkLH6572J6ORVOS7QcNxo85dJ0U6-8vJfKlA&mlSearchSessionGuid=a3cd6718a5962abc2f653259f6a8f554;Санкт-Петербург;sale;flat;2;10;1;32.5;15490000;Невский; Бабушкина;53;Ломоносовская;Стрижи в Невском
Этажи Санкт-Петербург;real_estate_agent;https://spb.cian.ru/sale/flat/334224492/?context=4.DHuajUWy_XU.1b3exBjv1IOkyyIsXDzPbt5DwEi_JxXj3L12gp31nia0YRpbQnHCYOjXVk6wFIioZjs26HxVpvmEPg&mlSearchSessionGuid=a3cd6718a5962abc2f653259f6a8f554;Санкт-Петербург;sale;flat;13;13;2;56.7;13300000;Приморский;Богатырский проспект;41К1;Комендантский проспект;
Этажи Санкт-Петербург;real_estate_agent;https://spb.cian.ru/sale/flat/332364685/?context=4.A-sOTvEG0hM.Hu_ZA-P7LIGw2FsT6bu8fS4fFnn4XBMLQY9STnkM-Gv1NzeGG-qofNFN2OnIzE6gSY1lQIQ_Hwlhzg&mlSearchSessionGuid=a3cd6718a5962abc2f653259f6a8f554;Санкт-Петербург;sale;flat;5;7;3;73.0;18500000;Адмиралтейский; Союза печатников;13-15;Садовая;
Этажи Санкт-Петербург;real_estate_agent;https://spb.cian.ru/sale/flat/334200499/?context=4.Auu-0XrYaCk.jKUTX0ZIV_XYg-fQmsEKa-jcRN7Xv2MnSsoFeO_QvOhtvD7_0riRPDlaudkgqNzYLGoNiua80Ezg0A&mlSearchSessionGuid=a3cd6718a5962abc2f653259f6a8f554;Санкт-Петербург;sale;flat;8;9;1;30.6;6500000;Красносельский; Партизана Германа;33;Юго-Западная;
Этажи Санкт-Петербург;real_estate_agent;https://spb.cian.ru/sale/flat/334197732/?context=4.MIKQSlGoJKQ.-Y1vwKolszQZy_Z--Tvm-puyxslJjjPJ5EIn_7lgZvAuvWPbFbyPMpPYb9bg4wrqZrOmKBIBS_U2DQ&mlSearchSessionGuid=a3cd6718a5962abc2f653259f6a8f554;Санкт-Петербург;sale;flat;3;6;3;79.5;16750000;Петродворцовый;Собственный проспект;34к2;Юго-Западная;
Этажи Санкт-Петербург;real_estate_agent;https://spb.cian.ru/sale/flat/334189227/?context=4.QbBTTy_-T9A.MCQTzOyo2oXPB0_daurk9G8F1mNO0xuslrCHeAK5hUyzbvBzXj9IOS6WIOV3Ra1zQ2-yJKMXLBJAIw&mlSearchSessionGuid=a3cd6718a5962abc2f653259f6a8f554;Санкт-Петербург;sale;flat;4;5;1;41.1;12300000;Фрунзенский;Лиговский проспект;253;Обводный канал;
Этажи Санкт-Петербург;real_estate_agent;https://spb.cian.ru/sale/flat/334189225/?context=4.z6AEvl6o0FI.pbUAO-e-TszR4NoJaNQ6ShYZlxzFGYzubdLJTIMIGSCS6p0LvXuMe5wuReijf0fn56D9Vyh6q2yFCA&mlSearchSessionGuid=a3cd6718a5962abc2f653259f6a8f554;Санкт-Петербург;sale;flat;4;5;1;38.0;11400000;Фрунзенский;Лиговский проспект;253;Обводный канал;
Этажи Санкт-Петербург;real_estate_agent;https://spb.cian.ru/sale/flat/334186305/?context=4.Ffwkv44H5LQ.CNHJh1ZYXQEN0j8S8OTj3QaC2IfLFhL_Iqp213b5e8eLYtPCkhCye0zaCWOxLdceQOwCaYXN8a76Bg&mlSearchSessionGuid=a3cd6718a5962abc2f653259f6a8f554;Санкт-Петербург;sale;flat;22;22;3;80.4;31900000;Красносельский;проспект Героев;18;Юго-Западная;Ленинский парк
Этажи Санкт-Петербург;real_estate_agent;https://spb.cian.ru/sale/flat/334186288/?context=4.6TrjH12yfV4.XoYgLgJ-yOyZeQu5n6UCHeLTAdRlycvnxMF0TQnue0HuKHax1AUC4EGDH3VUSYyA9EYmAtyuaB7XmA&mlSearchSessionGuid=a3cd6718a5962abc2f653259f6a8f554;Санкт-Петербург;sale;flat;1;9;3;63.7;14490000;Выборгский; Шостаковича;5К1;Проспект Просвещения;
Этажи Санкт-Петербург;real_estate_agent;https://spb.cian.ru/sale/flat/334280553/?context=4.vX8g0FFCQ1k.Klk92K1jBllEu3RCsFJepgEhHWeBJlajQtYjtciVPR_up4ZKhFtZrY5vnjhKY6uvn96n1bht1CBa5A&mlSearchSessionGuid=a3cd6718a5962abc2f653259f6a8f554;Санкт-Петербург;sale;flat;6;12;2;48.0;16000000;Красносельский;2-я Комсомольская ;37;Юго-Западная;Сандэй
Этажи Санкт-Петербург;real_estate_agent;https://spb.cian.ru/sale/flat/334708842/?context=4.AFCf-CdQbUo.3CIj3tq3xgAo7bjyVHqZ-PUbV5ioSsGfOqYsVbL37eYeJzPyi47MGHbYUEuUL40oCp9u840h_Azl7Q&mlSearchSessionGuid=a3cd6718a5962abc2f653259f6a8f554;Санкт-Петербург;sale;flat;16;25;1;38.0;15000000;Невский; Дыбенко;4к1;Улица Дыбенко;Цивилизация
Этажи Санкт-Петербург;real_estate_agent;https://spb.cian.ru/sale/flat/334157991/?context=4.4S4fEHIUlMc.DGiCvosgg65G2DXYf3B7ROIvw9c35JZCfn1gfHnvW0hpe1wlm3NGF3-9H8hutPBTtWZBmTQltxxi9g&mlSearchSessionGuid=a3cd6718a5962abc2f653259f6a8f554;Санкт-Петербург;sale;flat;2;12;1;32.6;7600000;Выборгский;проспект Художников;9К2;Озерки;
Этажи Санкт-Петербург;real_estate_agent;https://spb.cian.ru/sale/flat/334148331/?context=4.8UtAXEFITC0.uR6HoaCkTYkZEXQOn7sndeaTwH-A6EQgWHRd1f7NiT-cwQSNlhYW5Zcw7pCXYHSiCfvmAs8Wx1yHlA&mlSearchSessionGuid=a3cd6718a5962abc2f653259f6a8f554;Санкт-Петербург;sale;flat;2;9;3;64.0;12800000;Приморский;проспект Королева;9;Пионерская;
Этажи Санкт-Петербург;real_estate_agent;https://spb.cian.ru/sale/flat/328068941/?context=4.T36V0e7M6E8.rEROCMlcf03ua1g02yuZfSl0WzUwf6iL76nArwhA7yw_r3NLOp5PZuPXmrSY4pAdq_JZ5jq6WI4M-A&mlSearchSessionGuid=a3cd6718a5962abc2f653259f6a8f554;Санкт-Петербург;sale;flat;20;24;3;72.5;24490000;Невский; Дыбенко;3;Улица Дыбенко;Цивилизация на Неве
Этажи Санкт-Петербург;real_estate_agent;https://spb.cian.ru/sale/flat/334133354/?context=4.WZ3DWQxnQ2Y.2sQdWCWnZr311bV79D-1--f7dsIbTHraoKOj-dmRyGGGOLk-kLkgRzL2ZnjKdW0jhqPru0lz6hy_Gg&mlSearchSessionGuid=a3cd6718a5962abc2f653259f6a8f554;Санкт-Петербург;sale;flat;14;17;2;74.0;10500000;Колпинский;шоссе Вознесенское;49к2;Рыбацкое;Олимп
Этажи Санкт-Петербург;real_estate_agent;https://spb.cian.ru/sale/flat/334133356/?context=4.opf4_-ae4Xc.kVkna5GS13_Qgjc1mVz2DUtyvwqDATc2JksU4u8ij2sIuP9UGCLtsbTaY52u9sdPQBCvr3qwYAxEkw&mlSearchSessionGuid=a3cd6718a5962abc2f653259f6a8f554;Санкт-Петербург;sale;flat;12;12;2;89.8;21500000;Приморский; Савушкина;118;Беговая;
Этажи Санкт-Петербург;real_estate_agent;https://spb.cian.ru/sale/flat/334131495/?context=4.KXcrp-3WhBs._-3lIz0RhbrfX3TP7rJcB3NVtNFPB_nwIwGdQZMY12KuzIFh7L3JkCzgiI9nYGgV60DwSOiYwIVFkA&mlSearchSessionGuid=a3cd6718a5962abc2f653259f6a8f554;Санкт-Петербург;sale;flat;1;16;3;80.7;19000000;Приморский;Серебристый бульвар;21;Пионерская;
Этажи Санкт-Петербург;real_estate_agent;https://spb.cian.ru/sale/flat/334131487/?context=4.pHyG2dCrwyI.1sQHNqQa9Crlf3O35LEB0XAW-qKZApu2xqpLA8T743Vdts2d0WE1KJ-pVgArXeFNvk0-xdJoNg1tVg&mlSearchSessionGuid=a3cd6718a5962abc2f653259f6a8f554;Санкт-Петербург;sale;flat;3;5;3;54.6;8770000;Кронштадтский; Восстания;64;;
Этажи Санкт-Петербург;real_estate_agent;https://spb.cian.ru/sale/flat/334131485/?context=4.0mZ6TMHpGb4.zWVh1EMK4CiOlL80b8wC42FS-XO4AprgHgJKHpRR2ktT-JXhp6TaXpjp8dbaFN8dU_Ce7_TeMAsbtw&mlSearchSessionGuid=a3cd6718a5962abc2f653259f6a8f554;Санкт-Петербург;sale;flat;5;9;2;51.7;17000000;Красногвардейский; Коммуны;26к4;Проспект Большевиков;
Этажи Санкт-Петербург;real_estate_agent;https://spb.cian.ru/sale/flat/334127177/?context=4.Cv2wCPSjx6c.WxKYuBHWFhkXAOlCweK_tB4ImExgLbOIZRITf3XHlqIzPy6yKH5YbDEZGE7kuDJ0EOTJKfnpllqI9A&mlSearchSessionGuid=a3cd6718a5962abc2f653259f6a8f554;Санкт-Петербург;sale;flat;4;5;2;55.5;18000000;Центральный; Красного Текстильщика;9-11;Чернышевская;
Этажи Санкт-Петербург;real_estate_agent;https://spb.cian.ru/sale/flat/334124091/?context=4.TDHrayTQ6gY.f5eAMWzjPLOZSxvcKYh2HVumBVNaNxuVw--d1o21P-iIwSBrxTOseL0O62SE4tR1YGaO83yXScLCZA&mlSearchSessionGuid=a3cd6718a5962abc2f653259f6a8f554;Санкт-Петербург;sale;flat;5;12;3;61.0;13499000;Красногвардейский; Осипенко;5к1;Проспект Большевиков;
Этажи Санкт-Петербург;real_estate_agent;https://spb.cian.ru/sale/flat/334120997/?context=4.icqq-M7uFCE.3fjkdgWCFZV1s4uhdnN6ZxZtcaehaIS2dzM_e8GXsTQdOqTTfn7eiLN6VgRTU_2DtBfkHsiuFcsXUA&mlSearchSessionGuid=a3cd6718a5962abc2f653259f6a8f554;Санкт-Петербург;sale;flat;19;22;1;35.9;11300000;Красногвардейский;Бокситогорская ;33;Ладожская;Охта Хаус
Этажи Санкт-Петербург;real_estate_agent;https://spb.cian.ru/sale/flat/332175572/?context=4.7ockUl3HBuo.lnnyKqnuMyWYeq1uskBTkvpLTHmonF7c0ucmbR8xcEtdmBJZBxrM84YAzoTcJOchBfCNNEgsIIrgvg&mlSearchSessionGuid=a3cd6718a5962abc2f653259f6a8f554;Санкт-Петербург;sale;flat;4;9;1;35.0;23500000;Адмиралтейский;набережная Обводного Канала;169;Балтийская;Лермонтовский 54
Этажи Санкт-Петербург;real_estate_agent;https://spb.cian.ru/sale/flat/332263479/?context=4.ZtGHIUzMRQY.LIFMeSnnS4n91rcRHCNAJHkZ6O3hi3rTKiWYhpEMK9ukTkxuFaXekIa-dx7LWeHlM_TuMqRm-oThiA&mlSearchSessionGuid=a3cd6718a5962abc2f653259f6a8f554;Санкт-Петербург;sale;flat;12;13;1;39.9;18500000;Калининский;Полюстровский проспект;87к1;Лесная;Respect
Этажи Санкт-Петербург;real_estate_agent;https://spb.cian.ru/sale/flat/333177230/?context=4.xKlPjP_rhTk.Sb12_MNsuiQd1BIrFgKCwTNptmCr8HlFPwh7NZi9Ia-2bqbVoVIWfc4g6H-piu5s-FOElNTBqmFkNw&mlSearchSessionGuid=a3cd6718a5962abc2f653259f6a8f554;Санкт-Петербург;sale;flat;4;5;1;29.1;6100000;Петродворцовый;Суворовская ;15;Проспект Ветеранов;
Этажи Санкт-Петербург;real_estate_agent;https://spb.cian.ru/sale/flat/332217830/?context=4.Y1CybV8RwIs.dJSaSp1wUXNnTsCxO4HwIun-v-CR1sl-UPNnfKE0tjeFNYXSTYtol65V3P33qPCWW245steh2re2Iw&mlSearchSessionGuid=a3cd6718a5962abc2f653259f6a8f554;Санкт-Петербург;sale;flat;9;16;1;29.5;7400000;Красногвардейский;Пискаревский проспект;21К2;Площадь Ленина;
Этажи Санкт-Петербург;real_estate_agent;https://spb.cian.ru/sale/flat/333140453/?context=4.T9BjYuXj0zk.sNid-8NRRIe77Q4t6H5S2y4nLhiK-gcmbWUJwroWnTk_yP79QRBRnYUrNwz-BaHEZxwfBGcathFyPw&mlSearchSessionGuid=a3cd6718a5962abc2f653259f6a8f554;Санкт-Петербург;sale;flat;15;17;1;37.9;14300000;Калининский;проспект Маршала Блюхера;9к1;Лесная;Фламинго
Этажи Санкт-Петербург;real_estate_agent;https://spb.cian.ru/sale/flat/333104476/?context=4.l49-dviVe20.FNTGmiaqCZ9O7o1JPwzyxVnl8XP-UckX2jJQ2A2__Vb82sTUPPe266iyF3uwV_WcJCNew51dbaG6mw&mlSearchSessionGuid=a3cd6718a5962abc2f653259f6a8f554;Санкт-Петербург;sale;flat;1;23;1;33.0;6650000;Красногвардейский;Полюстрово;8к2;Девяткино;Цветной Город
Этажи Санкт-Петербург;real_estate_agent;https://spb.cian.ru/sale/flat/334075017/?context=4.Acnvbjjx0hk.5Cb5p5v6a4r-1VzE_PLZqUyuolKRp9tpIeYxUGpJcLy9TLDkReAB1F_BToifmICFv8f5wQeLcPMg-Q&mlSearchSessionGuid=a3cd6718a5962abc2f653259f6a8f554;Санкт-Петербург;sale;flat;2;23;1;38.1;8500000;Невский;проспект Советский;41к1;Рыбацкое;Живи! в Рыбацком
Этажи Санкт-Петербург;real_estate_agent;https://spb.cian.ru/sale/flat/334073023/?context=4.hue8pMJKo2Y.PdzF5Uh6Bm03xFV_RSG78_TaQ8QSBQQf4h5Hph2KEfUtVvnBKqmVNqV7299SH0BGnMyD21s1mUOQTQ&mlSearchSessionGuid=a3cd6718a5962abc2f653259f6a8f554;Санкт-Петербург;sale;flat;13;18;2;63.0;18700000;Красносельский;проспект Героев;24к2;Юго-Западная;
Этажи Санкт-Петербург;real_estate_agent;https://spb.cian.ru/sale/flat/333104477/?context=4.OMt7IehkgUY.gElR17cFHY5TFCMIwkYRhgxAhIwRRRtqEAt4eB9DsdM-2ZvAYDs3lwNzS7RoOGWpdphMGwGEwvclUg&mlSearchSessionGuid=a3cd6718a5962abc2f653259f6a8f554;Санкт-Петербург;sale;flat;10;12;2;36.2;11500000;Выборгский;Дрезденская ;15;Удельная;
Этажи Санкт-Петербург;real_estate_agent;https://spb.cian.ru/sale/flat/334060733/?context=4.Vszw8EJEmao.E-Y3RMAcW_Sc47652dSCw2Iy52a1bs2YiQntuIdPkJcwC9-S0coi56pa0rR8OewOPM02OQMcmtFm_w&mlSearchSessionGuid=a3cd6718a5962abc2f653259f6a8f554;Санкт-Петербург;sale;flat;14;23;1;41.6;14144000;Московский; Среднерогатская;8к1;Звездная;Сириус А
Этажи Санкт-Петербург;real_estate_agent;https://spb.cian.ru/sale/flat/332204049/?context=4.SLm2qh70i9M.efu2X5tne9GuTMCORthSOjLV2DbGTVnVi8dc4MJ2t6OCiSJOxTgs7lnUBSC1mieD-Q9v-PmB1mjsjg&mlSearchSessionGuid=a3cd6718a5962abc2f653259f6a8f554;Санкт-Петербург;sale;flat;5;5;2;100.2;25000000;Выборгский; Комиссара Смирнова;15Б;Выборгская;
Этажи Санкт-Петербург;real_estate_agent;https://spb.cian.ru/sale/flat/334060725/?context=4.1AxYjA_kEg0.L6OiM7xyyhmXuPFw9HzvQukYJdhi63MJvNDuHdXT34ZlHe_OenM2aP4xZxLmFBlXWWhctISkFns2jg&mlSearchSessionGuid=a3cd6718a5962abc2f653259f6a8f554;Санкт-Петербург;sale;flat;14;16;1;38.8;9450000;Выборгский;дорога Михайловская;14к1;Проспект Просвещения;Parkolovo
Этажи Санкт-Петербург;real_estate_agent;https://spb.cian.ru/sale/flat/333122257/?context=4.DSMiLmq6SRI.kiYWh-8JcJzRVZ6hIBgUAAXcWwDS-4v7gznLwO9uwiVcQMPOQf9pBuLIrgNvnfst1zw0Pjv_n-7gag&mlSearchSessionGuid=a3cd6718a5962abc2f653259f6a8f554;Санкт-Петербург;sale;flat;1;5;1;37.3;7900000;Приморский;проспект Юнтоловский;51К4;Беговая;Юнтолово
Этажи Санкт-Петербург;real_estate_agent;https://spb.cian.ru/sale/flat/326080221/?context=4.D86dI37cdP0.v0PsAJPVPQvLG9qU4G7kNg3yKjsZ6lHdOdu8GX1-gKALxKCG3wAWPqMAazZyl7Uj-GSqfQYIt4WpSQ&mlSearchSessionGuid=a3cd6718a5962abc2f653259f6a8f554;Санкт-Петербург;sale;flat;4;4;4;157.3;55000000;Василеостровский;7-я Васильевского острова линия;28;Василеостровская;
Этажи Санкт-Петербург;real_estate_agent;https://spb.cian.ru/sale/flat/326077805/?context=4.kKzoUDUsF1M.kPVRwkg7MlY-dYKTKBhWEEGRbKumsMAvCEoimnc3WzfVb-7YKsQND4QOuuOE_ywcKrIMVSsITn3wHg&mlSearchSessionGuid=a3cd6718a5962abc2f653259f6a8f554;Санкт-Петербург;sale;flat;3;3;3;187.7;57000000;Адмиралтейский;Почтамтская ;8;Адмиралтейская;
Этажи Санкт-Петербург;real_estate_agent;https://spb.cian.ru/sale/flat/332859053/?context=4.1vR5-BBR2sg.-2mvW-3vh-RmEzmTvtZ4_n4_zsNpV7JDomqDVJDpLqrsVXa6VMQL-0SUYHe9U8q6QBRgC7Z64EcIGg&mlSearchSessionGuid=a3cd6718a5962abc2f653259f6a8f554;Санкт-Петербург;sale;flat;3;14;3;89.2;29500000;Василеостровский;набережная Миклухо-Маклая;3к1;Приморская;Морская набережная.СиВью
Этажи Санкт-Петербург;real_estate_agent;https://spb.cian.ru/sale/flat/334034574/?context=4.2IZKr-1xo8A._op1sieu7Dmn6t8s3fgQo-YrGIw5KxLXSBgN97eXD0nY1cz8zJKDw5UqKZVihoK8-LhpxY_lNsylPQ&mlSearchSessionGuid=a3cd6718a5962abc2f653259f6a8f554;Санкт-Петербург;sale;flat;3;4;4;104.1;18000000;Красносельский; Политрука Пасечника;5к1;Юго-Западная;
Этажи Санкт-Петербург;real_estate_agent;https://spb.cian.ru/sale/flat/334032165/?context=4.KMKMesfS1z4.2b1Pbk9ghmzBZ0QMSxI_cvSMp68KGsxlghDHygrfm423gtOf3QM9mrzRKgEfk6ev4W85fjThNbXIFQ&mlSearchSessionGuid=a3cd6718a5962abc2f653259f6a8f554;Санкт-Петербург;sale;flat;18;18;2;48.6;10100000;Пушкинский;Пушкинская ;20к2;Купчино;
ONEPLACE;real_estate_agent;https://spb.cian.ru/sale/flat/334426766/?context=4.YwJQoE19C4I.daNPUVtt8HiO9vTxsT1OQnjzDpHw0SkWnr7lmqDjaH9WqEkP5ScNPCFIAnny6ZpDRXHH5fVeb-LF_A&mlSearchSessionGuid=a3cd6718a5962abc2f653259f6a8f554;Санкт-Петербург;sale;flat;2;9;1;32.4;7200000;Красносельский; Маршала Захарова;9;Юго-Западная;
ONEPLACE;real_estate_agent;https://spb.cian.ru/sale/flat/329594222/?context=4.WXaQvc_TPko.l18tB2aIImrZw9EZvlgfVGhif1i94ugsxB1P9JXdP8J6hQsoMkdGowSBOz9ey3PC9Msfl4VnlxAm3Q&mlSearchSessionGuid=a3cd6718a5962abc2f653259f6a8f554;Санкт-Петербург;sale;flat;4;20;1;62.0;21900000;Выборгский;аллея Академика Лихачева;7;Площадь Мужества;Институтский, 16
Этажи Санкт-Петербург;real_estate_agent;https://spb.cian.ru/sale/flat/334025462/?context=4.z0upl17wylQ.YLoGQA7zlwYiFItryLSLHZpeSw_AYtJvMe1Qq-xr5fVy5U1SoIPhXwG4V-61kaQaG3A4lwYcR_YA7w&mlSearchSessionGuid=a3cd6718a5962abc2f653259f6a8f554;Санкт-Петербург;sale;flat;9;25;1;36.7;9350000;Выборгский; Шишкина;293;Парнас;Северная долина
Этажи Санкт-Петербург;real_estate_agent;https://spb.cian.ru/sale/flat/334022898/?context=4.ueOUxoegGF8.VarPSeDU2s98_Y2fCgzlxD42xn0dOTywe9YBGqiKumO4C8meDz9B2qjXRgV_gBhtaiu3jnMkiZC3uQ&mlSearchSessionGuid=a3cd6718a5962abc2f653259f6a8f554;Санкт-Петербург;sale;flat;4;6;2;52.5;18200000;Центральный; Чайковского;2/7Л;Чернышевская;
Этажи Санкт-Петербург;real_estate_agent;https://spb.cian.ru/sale/flat/334007224/?context=4.aY3IcfyaJn8.Z3KxWzy2Kz43-De5PH3jMa9mmeciqfxErKNF_HxpPBDfiyLD_r75tosyLCo9kN9WkDvkz-MNxRG1ZQ&mlSearchSessionGuid=a3cd6718a5962abc2f653259f6a8f554;Санкт-Петербург;sale;flat;7;9;2;44.3;11650000;Невский; Дыбенко;23К1;Улица Дыбенко;
Этажи Санкт-Петербург;real_estate_agent;https://spb.cian.ru/sale/flat/334005066/?context=4.VYZ0FclgmEg.h293mfASpyYrdWARCHzlcxh0VV7tchFqc7biiR0FgPVlqARVj41FlWpdVDiJckl65Txsja99OKQBxA&mlSearchSessionGuid=a3cd6718a5962abc2f653259f6a8f554;Санкт-Петербург;sale;flat;6;12;1;32.7;9100000;Приморский;проспект Орлово-Денисовский;20к2;Проспект Просвещения;Бионика Заповедная
Этажи Санкт-Петербург;real_estate_agent;https://spb.cian.ru/sale/flat/333999388/?context=4.WMty8jDDa5o.4QnuYYvDF8qrJAZDMS2jGPqupeFSdawxdqSTguVpeAgTJ-E3da9t1OdPxz_uJU7guloOE3y8CaCwrA&mlSearchSessionGuid=a3cd6718a5962abc2f653259f6a8f554;Санкт-Петербург;sale;flat;9;12;1;48.0;16440000;Выборгский;Нейшлотский переулок;11к1;Выборгская;Нейшлотская крепость
Этажи Санкт-Петербург;real_estate_agent;https://spb.cian.ru/sale/flat/333989722/?context=4.nFlcAjB4Bi4.QgMeoj1Ho2q-FKDpN9RJniGqPYUSCCv64Ee2AQmhFbtErMMlKqYTny5yG2Hnrq9PWgSPtuVxgoNCrQ&mlSearchSessionGuid=a3cd6718a5962abc2f653259f6a8f554;Санкт-Петербург;sale;flat;5;8;3;77.6;12500000;Красносельский;Гатчинское шоссе;4к1;Юго-Западная;
Этажи Санкт-Петербург;real_estate_agent;https://spb.cian.ru/sale/flat/333958577/?context=4.sryqSmjEv9I.M2B1v185aQc1VPrngfngfCONbZAOuabKyny5WotNq0mf-EBl_vzV3Aa7rSA0D7M-tp3yQn49LJVjaw&mlSearchSessionGuid=a3cd6718a5962abc2f653259f6a8f554;Санкт-Петербург;sale;flat;13;24;2;71.5;18500000;Приморский;Парашютная ;34;Комендантский проспект;UP-квартал Комендантский
Этажи Санкт-Петербург;real_estate_agent;https://spb.cian.ru/sale/flat/333956068/?context=4.heNtx15VpjY.uS0-w-k0lrArIKu4UPJVdDSWGnA00hzqyr37FM8j5lvJqtH9YsY4f4A-3u5LuBdbgxm-dTnDEiRBgQ&mlSearchSessionGuid=a3cd6718a5962abc2f653259f6a8f554;Санкт-Петербург;sale;flat;3;12;2;55.2;24900000;Выборгский; Александра Матросова;8к3;Лесная;Новый Лесснер
Этажи Санкт-Петербург;real_estate_agent;https://spb.cian.ru/sale/flat/333956059/?context=4.y-get7H-lCs.AsYqdTlohnczsKLhszHW3Fnjqkc2bE5v1dtvClXPxsu_8hE-TfydgSuXbf2eZZpCz8Lv-_W9K3FtDQ&mlSearchSessionGuid=a3cd6718a5962abc2f653259f6a8f554;Санкт-Петербург;sale;flat;5;5;1;35.3;9990000;Московский;Волхонское шоссе;5к1;Звездная;
Этажи Санкт-Петербург;real_estate_agent;https://spb.cian.ru/sale/flat/333953943/?context=4.ldr-UQOEm2M.vq_fn58_f1XZjPymH2IV3YuJhWs_nodHctXXdpEv8mBdttZvMulXyaJ-qRKbGQXhLl-IU0reHEOcAw&mlSearchSessionGuid=a3cd6718a5962abc2f653259f6a8f554;Санкт-Петербург;sale;flat;5;5;2;45.0;11990000;Фрунзенский;Стрельбищенская ;10;Бухарестская;
Этажи Санкт-Петербург;real_estate_agent;https://spb.cian.ru/sale/flat/333949648/?context=4.WTsv9Krzn1k.r5EpHx6t09IM40JxvmrTdlG55sotYhhKsu9pCCFfccSHcJoSmWiKd6oPk3gmrljEmm6M4ETyjnv4pQ&mlSearchSessionGuid=a3cd6718a5962abc2f653259f6a8f554;Санкт-Петербург;sale;flat;4;24;1;35.0;10300000;Приморский; Плесецкая;10;Комендантский проспект;Полис на Комендантском
Этажи Санкт-Петербург;real_estate_agent;https://spb.cian.ru/sale/flat/333944066/?context=4.mOgoVf4Vbj0.cw5fV3q7Dg_dE6iMNRX4KUINvhZIfDReoMe1udueFb9-9VOMr5qm0pE6spOY0tjSODL_HxR9TPCvVA&mlSearchSessionGuid=a3cd6718a5962abc2f653259f6a8f554;Санкт-Петербург;sale;flat;3;5;3;75.8;32000000;Центральный;Суворовский проспект;17;Площадь Восстания;
Этажи Санкт-Петербург;real_estate_agent;https://spb.cian.ru/sale/flat/333938544/?context=4.jMQfqeoX4uE.a4DybeTYPIUojb2-zpg57rU3sHBxfmICN1WFlANqml05o8B7-Drw-A8KAiRzuhJTdxCM5ETJ8qm8jQ&mlSearchSessionGuid=a3cd6718a5962abc2f653259f6a8f554;Санкт-Петербург;sale;flat;5;5;2;55.8;7900000;Московский;Пулковское шоссе;89;Звездная;
Этажи Санкт-Петербург;real_estate_agent;https://spb.cian.ru/sale/flat/333919465/?context=4.N5az_T4zTd0.fsTqiIQaVcfheSw42Q8ivuVeuWoWLnrndhOwTVR6dBgpM5jXS-r1uwMXx4719NZ07NfLDHgoMzpJTA&mlSearchSessionGuid=a3cd6718a5962abc2f653259f6a8f554;Санкт-Петербург;sale;flat;2;13;4;179.0;42500000;Василеостровский;Морская набережная;29;Приморская;
Этажи Санкт-Петербург;real_estate_agent;https://spb.cian.ru/sale/flat/333916090/?context=4.Sv7vaXALjdM.WOJF2jXv1ZSlbxt3LTYvSdeVw0HHgcUxhwaPL9BD1fyVQlGHtWSI8FOBWVSWrrhv6bUM2nFgBLk2Yw&mlSearchSessionGuid=a3cd6718a5962abc2f653259f6a8f554;Санкт-Петербург;sale;flat;3;13;1;40.0;7900000;Невский;Варфоломеевская ;6;Ломоносовская;Апарт-отель Начало
Этажи Санкт-Петербург;real_estate_agent;https://spb.cian.ru/sale/flat/333912756/?context=4.h8ZJ7LUvOUo.f27kPlpgxnw6BkLOMXiTSp_-DIWtObHkIjhVGn3AXemeFyCqH0Pvpyf6Vu5rKfdOh77gA5SKI_7TUA&mlSearchSessionGuid=a3cd6718a5962abc2f653259f6a8f554;Санкт-Петербург;sale;flat;18;23;3;86.5;21200000;Невский; Русановская;19к3;Ломоносовская;Ласточкино гнездо
Олег Келлер;realtor;https://spb.cian.ru/sale/flat/334572641/?context=4.lF2cbVacsKo.tWLR7JvWbnD9ZbmE2HzeUL-mS2UsxTgbLesjyfLIjyCjUkaj0f67x_jadbVmf1NJGq3qsnY21tye_w&mlSearchSessionGuid=a3cd6718a5962abc2f653259f6a8f554;Санкт-Петербург;sale;flat;1;9;2;45.9;11700000;Калининский; Руставели;2К1;Академическая;
Этажи Санкт-Петербург;real_estate_agent;https://spb.cian.ru/sale/flat/333906082/?context=4.qJY_RNs04FI.4wqqXK1BXBnwuiH-7cjau52TeD3Fq2lqVtGkvHQCVxXncHrtT8rHt4WZqasJB3ywuxHe3tqJHg9mRw&mlSearchSessionGuid=a3cd6718a5962abc2f653259f6a8f554;Санкт-Петербург;sale;flat;12;16;1;63.9;20500000;Василеостровский; Кораблестроителей;32к3;Приморская;
Этажи Санкт-Петербург;real_estate_agent;https://spb.cian.ru/sale/flat/332971691/?context=4.JDs02zmj14U.5BzGCgr1uGv-FJWLPsRKaJMQm5koMtqoXsrJNYKKaTdA3RK-Zh9iRyqJa30PE_uhAG0pWuc2gLJepQ&mlSearchSessionGuid=a3cd6718a5962abc2f653259f6a8f554;Санкт-Петербург;sale;flat;8;12;1;39.3;11799000;Приморский;Приморский проспект;149К1;Беговая;
Владис Аврора;real_estate_agent;https://spb.cian.ru/sale/flat/334653121/?context=4.J4lJIp9tdBs.dQlMY6tSxwkS2uh4USxIXlFi-U1XqtGjjbaDdODdLrhp_5LTmht50pbMMUWp1I6eaDhFEVvUPg4c3w&mlSearchSessionGuid=a3cd6718a5962abc2f653259f6a8f554;Санкт-Петербург;sale;flat;11;25;1;35.0;10890000;Приморский; Верхне-Каменская;11к1;Комендантский проспект;Чистое небо
Этажи Санкт-Петербург;real_estate_agent;https://spb.cian.ru/sale/flat/332987070/?context=4.h5Reo5QBTvA.NoJazgtNBLT_-g5MFoeTOPmU905tFrfOT0FIYyTLi_TRPR_tBsUug1KnVUBEiNCZZkomaam0aV5uMQ&mlSearchSessionGuid=a3cd6718a5962abc2f653259f6a8f554;Санкт-Петербург;sale;flat;21;24;1;34.4;8200000;Красногвардейский;аллея Евгения Шварца;11;Девяткино;Новая Охта
Агентство недвижимости ЛВР;real_estate_agent;https://spb.cian.ru/sale/flat/326004260/?context=4.kUqqFnK-ZWQ.tEB7edsr-rT9OMwoacpxyZDrBpDw3WMkSNVuuGkwRksRJzQZHApYfOLqMZ9TUQ7Yvyvc2qXItFaiVA&mlSearchSessionGuid=a3cd6718a5962abc2f653259f6a8f554;Санкт-Петербург;sale;flat;20;25;3;107.8;32990000;Московский;Пулковская ;8к1;Звездная;Новая династия
Агентство недвижимости ЛВР;real_estate_agent;https://spb.cian.ru/sale/flat/311209035/?context=4.ZMt4KZ6dakE.PkkOMCriAUoqA2QkhaHluYZ7_gKU1lK8TH_mO7VJk28z3z3iLdg07AKBpvKunKySAzAeshmeyn0F4Q&mlSearchSessionGuid=a3cd6718a5962abc2f653259f6a8f554;Санкт-Петербург;sale;flat;3;4;3;159.0;59900000;Выборгский;Большая Озерная ;77;Проспект Просвещения;
Владис Аврора;real_estate_agent;https://spb.cian.ru/sale/flat/334194022/?context=4.MVS24EZHvNE.KCQoD0ZkVawDEFY50vJ60ZIMdWJC9__k8gz57A2gS5M3EVvmZOd5ecenmfIXWi31sczss7FZS819TQ&mlSearchSessionGuid=a3cd6718a5962abc2f653259f6a8f554;Санкт-Петербург;sale;flat;2;5;5;177.0;49000000;Центральный;Большая Московская ;1-3;Владимирская;
Этажи Санкт-Петербург;real_estate_agent;https://spb.cian.ru/sale/flat/333853908/?context=4.yxe9c1xMC7Y.8oB-0D95PinRRF8hkbh7SRR6A7ZJ3UUcTHWAa7sz8ko6taUz9uT1QqJF1rlqA2V0f5uWeOw6_PKQeA&mlSearchSessionGuid=a3cd6718a5962abc2f653259f6a8f554;Санкт-Петербург;sale;flat;1;9;2;43.9;9800000;Калининский; Руставели;52;Гражданский проспект;
Этажи Санкт-Петербург;real_estate_agent;https://spb.cian.ru/sale/flat/334708407/?context=4.zhWFubF-404.LtZ5EZx81rOQeKPw0OLHCpvbdqT77cd3SvXHPgtih7v7dTPZk8nDbpIMUEeOpE8jl2iEc_0TbQc2ug&mlSearchSessionGuid=a3cd6718a5962abc2f653259f6a8f554;Санкт-Петербург;sale;flat;5;5;2;44.6;9700000;Фрунзенский;проспект Славы;18;Проспект Славы;
Этажи Санкт-Петербург;real_estate_agent;https://spb.cian.ru/sale/flat/331947178/?context=4.VQOL4dm17JM.3vPi4BX9NZNHD2-t47D0C3stA8Qr7nd_EigigE6K0zXbQmN80uJoJqi89oQeUSOTpi8J-hkLZ30ySA&mlSearchSessionGuid=a3cd6718a5962abc2f653259f6a8f554;Санкт-Петербург;sale;flat;5;5;3;87.9;17999000;Колпинский; Анисимова;5к7;Шушары;
Этажи Санкт-Петербург;real_estate_agent;https://spb.cian.ru/sale/flat/331947184/?context=4.CwB-MYNHYDY.kwL48JSJKNk75cVSkGuxRzKrQWFnp5s6fNz-yEOTxlr0zenpLe-qHX-gP71ZAAQSLK8Ub9E2u-mR4g&mlSearchSessionGuid=a3cd6718a5962abc2f653259f6a8f554;Санкт-Петербург;sale;flat;7;9;2;53.0;20997000;Адмиралтейский; Шкапина;15;Балтийская;GloraX Балтийская
Агентство недвижимости ЛВР;real_estate_agent;https://spb.cian.ru/sale/flat/311828311/?context=4.QkJo9gmJf2I.C7xGYvrkZ2r6-LmT77sRwxOEA1DD64vifiwX4j1YRcwRp79KjrPp2ZUkTWPRS7KKpV10uWKlSRaK8g&mlSearchSessionGuid=a3cd6718a5962abc2f653259f6a8f554;Санкт-Петербург;sale;flat;3;16;2;65.0;31900000;Василеостровский;проспект Крузенштерна;2;Приморская;Морская набережная
МАКРОМИР НЕДВИЖИМОСТЬ;real_estate_agent;https://spb.cian.ru/sale/flat/333249663/?context=4.wTYRKiA1lco.uNOvTAFZ-am62PPHiGiPfU4X0yfbHPObHHDQB2sNhLJup5Fx9wtespaICrb7wo9V7ChU7J0NJ3fMpQ&mlSearchSessionGuid=a3cd6718a5962abc2f653259f6a8f554;Санкт-Петербург;sale;flat;1;10;2;51.5;10999000;Петродворцовый;Львовская ;19;Юго-Западная;
Этажи Санкт-Петербург;real_estate_agent;https://spb.cian.ru/sale/flat/333819639/?context=4.AVjRsPQTUMA.ti2De5ZSgFcuhdVgiWoOnC5QaA1ogppKYz8-Zd02KViU4mszjxYp9XNfWo-wXO3KGJ01-XtPj9MwqA&mlSearchSessionGuid=a3cd6718a5962abc2f653259f6a8f554;Санкт-Петербург;sale;flat;7;16;2;68.87;22500000;Приморский;переулок Ипподромный;1к1;Пионерская;Приморский квартал
Этажи Санкт-Петербург;real_estate_agent;https://spb.cian.ru/sale/flat/327860370/?context=4.KUS8hgb3hpQ.cN3Lg3sW7hg2wIay1lbsy1XC35ZqkufcXfT6LWUaGrrWEVpo5uAaxmlNCdG0dWSgE3D8rk_L1RvUIQ&mlSearchSessionGuid=a3cd6718a5962abc2f653259f6a8f554;Санкт-Петербург;sale;flat;17;17;1;67.7;10700000;Фрунзенский;проспект Славы;51;Проспект Славы;Славбург
Этажи Санкт-Петербург;real_estate_agent;https://spb.cian.ru/sale/flat/327860373/?context=4.OfovK09vfYs.RUP8d20RHsvr-kkv_NkkSBauwhAu_bzgff7YVRJ8KdZEWkeF1-yGIWTNsVP-Xo2XlsvvMTRS-9-LIQ&mlSearchSessionGuid=a3cd6718a5962abc2f653259f6a8f554;Санкт-Петербург;sale;flat;17;17;1;35.9;8800000;Фрунзенский;проспект Славы;51;Проспект Славы;Славбург
Этажи Санкт-Петербург;real_estate_agent;https://spb.cian.ru/sale/flat/332820679/?context=4.YFaKPOLggRQ.tBQ_A_hGxPHlHSQnDzwZxDYMePR41aK6MVBKm6C8P1CtbjrcChaairLtSq3u0fYF03ZjIIdZcsmMyg&mlSearchSessionGuid=a3cd6718a5962abc2f653259f6a8f554;Санкт-Петербург;sale;flat;18;19;1;31.6;11900000;Калининский;Полюстровский проспект;65к2;Выборгская;Master Place
Лабецкий Недвижимость;real_estate_agent;https://spb.cian.ru/sale/flat/333946410/?context=4.MNQeuADGUiU.ylaOpKIqUu9Bf3TIHnLgrRBgkWuUcll3Row6OClJ2pU-4MqUw3bp53iG2EpidfR4LxLSITxChRf8dA&mlSearchSessionGuid=a3cd6718a5962abc2f653259f6a8f554;Санкт-Петербург;sale;flat;5;14;1;46.0;7240000;Выборгский; Тихоокеанская;18к2;Проспект Просвещения;в Парголово
Этажи Санкт-Петербург;real_estate_agent;https://spb.cian.ru/sale/flat/333808509/?context=4.uXs_wS5oHLE.1Um9pfEPhj1UjvgUy-rP_9vKD5toT-s-yIuXvNICYUanyDIbT22RDFXQm2zcSh1y2dyTuTHxEn93pQ&mlSearchSessionGuid=a3cd6718a5962abc2f653259f6a8f554;Санкт-Петербург;sale;flat;2;2;1;47.6;15000000;Петродворцовый;Еленинская ;24к2;;
Этажи Санкт-Петербург;real_estate_agent;https://spb.cian.ru/sale/flat/333805779/?context=4.F4JAs6SJ720.uNzBxA1W-NkxEpgUf0acZx7NBJ9aZO5lXVecKTu7xyeyOmXK6xRYRkDErHC0klRJIXWZ0rFzEqsJ8g&mlSearchSessionGuid=a3cd6718a5962abc2f653259f6a8f554;Санкт-Петербург;sale;flat;16;17;1;33.3;10200000;Приморский;Богатырский проспект;55к1;Комендантский проспект;
Роман Корякин;realtor;https://spb.cian.ru/sale/flat/321021265/?context=4.6OKiPZHfwSM.MJsKrAaGnzVJwkC-9sSy8C0WnFEMS6sPVmmESt49B2ig2zLLmvie4wn3ShxJizbfvP4PUZGGjdIQOg&mlSearchSessionGuid=a3cd6718a5962abc2f653259f6a8f554;Санкт-Петербург;sale;flat;9;18;1;32.4;6500000;Невский; Крыленко;34;Улица Дыбенко;AVENUE APART на Дыбенко
Роман Корякин;realtor;https://spb.cian.ru/sale/flat/332204428/?context=4.90OqqXJtxNE.Xs4oQM5StZnK4CJd8JGB3gc18IQE1rl3SpMTfwH_mEoREhsfc9KTiTjBRqqH3J3XZckICPiaqfYnnA&mlSearchSessionGuid=a3cd6718a5962abc2f653259f6a8f554;Санкт-Петербург;sale;flat;15;17;1;33.81;7150000;Невский; Архивная;3к1;Улица Дыбенко;Апарт-комплекс Зум на Неве
Этажи Санкт-Петербург;real_estate_agent;https://spb.cian.ru/sale/flat/333785284/?context=4.LXS445ty5m4.RDW1LbOaprLB4-ngl3taJKEUvK7FgB18h5qAIIZsGzSqgtGjs1xhErdhhZumKFmT7hoarQZdZg7LNg&mlSearchSessionGuid=a3cd6718a5962abc2f653259f6a8f554;Санкт-Петербург;sale;flat;11;25;3;87.9;19900000;Выборгский; Тихоокеанская;10к1;Проспект Просвещения;в Парголово
Роман Корякин;realtor;https://spb.cian.ru/sale/flat/332204425/?context=4.fNlmR3Ki8dY.nKsuJm3Q-oP3xCRx74tJsEhQwSpremqvhDYeb3S2tQpDEwm7glxfmMhcgneI4lTZVuBSkD-A72WPZw&mlSearchSessionGuid=a3cd6718a5962abc2f653259f6a8f554;Санкт-Петербург;sale;flat;9;14;2;57.88;11925000;Невский; Архивная;3к1;Улица Дыбенко;Апарт-комплекс Зум на Неве
Роман Корякин;realtor;https://spb.cian.ru/sale/flat/332198502/?context=4.cxLR2jXloyA.dB0E4f3ME3cHyz0fL-TSdf9RUTvqtQXXBmERlFYDIQmc_mEIT38TZF1XyHJVhuC80R4yVz_j4kJXMQ&mlSearchSessionGuid=a3cd6718a5962abc2f653259f6a8f554;Санкт-Петербург;sale;flat;4;9;1;50.3;37500000;Петроградский;Чкаловское;;Чкаловская;ЛДМ ЖК
ЦЕХ НЕДВИЖИМОСТИ;real_estate_agent;https://spb.cian.ru/sale/flat/334259544/?context=4.Znh2mmgcTtI.kI_vV4GZsI-nxB2yMFyQEQtRoVgeNaYKpimtVxOFwRrnaPwwx1yUYbG-GvjejsYvINyzsiryPuORCw&mlSearchSessionGuid=a3cd6718a5962abc2f653259f6a8f554;Санкт-Петербург;sale;flat;1;5;2;71.7;15450000;Московский; Струве;6;Звездная;Зеленый квартал на Пулковских высотах
Единый Центр Недвижимости;real_estate_agent;https://spb.cian.ru/sale/flat/326585014/?context=4.dtZUPGWuSBY.cU4wR0iXepY2qiVnwwqwSGxcfH_hOZ4xX5aAQDHOWOE35xmRJZmjZeRVhoVJbBmh363bNB_NnGjtIA&mlSearchSessionGuid=a3cd6718a5962abc2f653259f6a8f554;Санкт-Петербург;sale;flat;2;16;3;70.0;17300000;Выборгский; Ивана Фомина;3;Проспект Просвещения;
Роман Корякин;realtor;https://spb.cian.ru/sale/flat/323657045/?context=4.F4KSka7lQuU.FLRiv3jqA3iPC65OxwbnEaFIBwpA0vcF77r1eIyGDmQRUBBW4beBNUz3mF_gRpMQlynJq932xkzoEw&mlSearchSessionGuid=a3cd6718a5962abc2f653259f6a8f554;Санкт-Петербург;sale;flat;5;9;1;50.3;35990000;Петроградский;Чкаловское;;Чкаловская;ЛДМ ЖК
Роман Корякин;realtor;https://spb.cian.ru/sale/flat/332237543/?context=4.LAzlsk-jdd4.LDX5iNJ9u6CHQFyOb4W8jsoS68uyffL6c3oi4bl488rd9tAHo91npjLKt_YB65h-otXU4N9JxlI3XQ&mlSearchSessionGuid=a3cd6718a5962abc2f653259f6a8f554;Санкт-Петербург;sale;flat;9;14;1;43.21;17145000;Приморский;Белоостровская ;10к3;Лесная;ЦДС Черная речка
Этажи Санкт-Петербург;real_estate_agent;https://spb.cian.ru/sale/flat/333542679/?context=4.6mGuYG5mpe0.zKgpITfrvtNB7iba9_w2LLIAsTfR187LTF3k5NAMfT7TUIIa5MWGURe8pVS_TN54jUzdyPi9ex0aXQ&mlSearchSessionGuid=a3cd6718a5962abc2f653259f6a8f554;Санкт-Петербург;sale;flat;2;3;3;56.2;11800000;Петродворцовый;Константиновская ;4;Юго-Западная;
Агентство недвижимости ЛВР;real_estate_agent;https://spb.cian.ru/sale/flat/329455649/?context=4.mM13PyFwSSE.eaGPIerBNWFX6f3xUHsy3yb6HZX-1CO58PWjUexfpUjNMcwBnDVdT-i23nplZdIblbGdKtMsXnNGHQ&mlSearchSessionGuid=a3cd6718a5962abc2f653259f6a8f554;Санкт-Петербург;sale;flat;1;10;1;37.0;19900000;Петроградский;Петровский проспект;24к3;Спортивная;Петровская ривьера
Роман Корякин;realtor;https://spb.cian.ru/sale/flat/328284425/?context=4.yOq3PHV4gxM.CAeB3kcY6pV2G4aE009aaTDWf5zwLFPlY8_4jMPpl7Sna2297bocCwAQY4v8F3ZIN4WxGoUUeZ6kRw&mlSearchSessionGuid=a3cd6718a5962abc2f653259f6a8f554;Санкт-Петербург;sale;flat;12;12;1;35.03;10830000;Приморский;Коломяги;;Проспект Просвещения;Бионика Заповедная ЖК
Роман Корякин;realtor;https://spb.cian.ru/sale/flat/326764765/?context=4.7wHbTM75kK8.rXHo51b8yFMvLl7OQBLRm5vmHryHhbn1U6M5VHbkoM-nrBGJDvixXpkErcMBkacIqxrkfCBZrRM2QA&mlSearchSessionGuid=a3cd6718a5962abc2f653259f6a8f554;Санкт-Петербург;sale;flat;6;17;2;58.76;11375000;Невский; Архивная;3к1;Улица Дыбенко;Апарт-комплекс Зум на Неве
Hors-spb;real_estate_agent;https://spb.cian.ru/sale/flat/333581926/?context=4.PM_dYCSDIv4.r4DooBr1XubD-YQlwWtrYAUpVcT7tlfrDTz9wa_dRDjay3N8FcNPvr5TgmuWB_QTCZ89jYzvx75RFg&mlSearchSessionGuid=a3cd6718a5962abc2f653259f6a8f554;Санкт-Петербург;sale;flat;3;17;3;88.3;20900000;Василеостровский;Морская набережная;39к3;Приморская;
Роман Корякин;realtor;https://spb.cian.ru/sale/flat/330663306/?context=4.wY-BL5cP8Iw.puWpltpRJhiLxMk4prOa42pL5WN8H1odfw819qHu1m1ZIMSlb_7XQWPJ8mBnsWQ1iVxlQB7c3Ji6PQ&mlSearchSessionGuid=a3cd6718a5962abc2f653259f6a8f554;Санкт-Петербург;sale;flat;12;12;2;62.08;22990000;Приморский;аллея Арцеуловская;9;Комендантский проспект;Полис Приморский 2
Этажи Санкт-Петербург;real_estate_agent;https://spb.cian.ru/sale/flat/332942987/?context=4.9WmTs8cK5Gc.pwPRe3q6a_kt577QZoxQ7xE938ejOPQdYVal2-tC8KEWvXZ4WjSehkuzu1yEafQIAxRZyq7aoHFeCA&mlSearchSessionGuid=a3cd6718a5962abc2f653259f6a8f554;Санкт-Петербург;sale;flat;4;9;2;75.6;43100000;Петроградский;Петровский проспект;9к2;Крестовский остров;NEVA HAUS
Этажи Санкт-Петербург;real_estate_agent;https://spb.cian.ru/sale/flat/332710377/?context=4.2DkhpnqaLmA.UmNE0vvasCA2ckVOpWjBNpc-G0feTAkMAB1ZP2BmZoChJsQQmnki8g7a3418Inr5SoF1pIbxsicyPw&mlSearchSessionGuid=a3cd6718a5962abc2f653259f6a8f554;Санкт-Петербург;sale;flat;13;16;2;50.7;17500000;Калининский;проспект Маршала Блюхера;9к2;Выборгская;Город Мастеров
Роман Корякин;realtor;https://spb.cian.ru/sale/flat/329699207/?context=4.GjQxOUX4GWo.5ObaIBczcwuuSR0BJOwMp3MyXesfHakO89ecy_qke4RIQtVNnnYQndq45qdiqP7uIeRTfGqrbT40qQ&mlSearchSessionGuid=a3cd6718a5962abc2f653259f6a8f554;Санкт-Петербург;sale;flat;5;12;1;35.33;13240000;Московский;Кубинская ;80к1;Ленинский проспект;Титул в Московском
Этажи Санкт-Петербург;real_estate_agent;https://spb.cian.ru/sale/flat/332364670/?context=4.-TH7fVqc3rA.d5zph9yB_RWL_F3ynUuSg2GM-mIGtU934orLQEB0aQL8NbG71I2Onsk0vA4mscm0eieIhlAgaVq1NA&mlSearchSessionGuid=a3cd6718a5962abc2f653259f6a8f554;Санкт-Петербург;sale;flat;4;7;2;67.2;18000000;Центральный;8-я Советская ;49;Площадь Восстания;
Этажи Санкт-Петербург;real_estate_agent;https://spb.cian.ru/sale/flat/332364669/?context=4.hZjmhwgKlyU.KdpoZV8J3iKZp1j2QrYZ6l4PjPby_7PCdf3ZGilqu-skUPqCPmR-hX3U2soEfl3vU8XFRRNMq5ELTg&mlSearchSessionGuid=a3cd6718a5962abc2f653259f6a8f554;Санкт-Петербург;sale;flat;5;5;3;68.8;11500000;Невский;Рабфаковская ;3К4;Пролетарская;
Роман Корякин;realtor;https://spb.cian.ru/sale/flat/332313030/?context=4.hxCcQpPGkV4._xlMDwkdGUXW2Lcf_3-F5zRv3aOhFRibF4C-_x846juK6Bfi7tvPUNP9dN4XKokClFjTgePFHrxSrw&mlSearchSessionGuid=a3cd6718a5962abc2f653259f6a8f554;Санкт-Петербург;sale;flat;2;8;3;142.57;75985000;Василеостровский;20-я Васильевского острова линия;3;Горный институт;
Этажи Санкт-Петербург;real_estate_agent;https://spb.cian.ru/sale/flat/332180606/?context=4.l5ie8aZy3gs.6nH_Lf2CVnm5U7agNcdEV-TTp3s1R1jSnQkToQUpb7RpseTujeglNQDD-O5yzfKOBzKzsC0jPXee2Q&mlSearchSessionGuid=a3cd6718a5962abc2f653259f6a8f554;Санкт-Петербург;sale;flat;12;13;1;35.4;12200000;Василеостровский; Чирикова;5;Приморская;Аквилон ZALIVE
Роман Корякин;realtor;https://spb.cian.ru/sale/flat/332313027/?context=4.SK_Xv_iEHLo.jkKQJSiSbbXZJ8LAeulDmt9kA3Fw_CJsHhKlBMLatIxNFnYKOCzrn0_16qIHaAErG3Qet4uCQGGSTw&mlSearchSessionGuid=a3cd6718a5962abc2f653259f6a8f554;Санкт-Петербург;sale;flat;4;8;3;149.2;66000000;Василеостровский;20-я Васильевского острова линия;3;Горный институт;
Роман Корякин;realtor;https://spb.cian.ru/sale/flat/332242390/?context=4.ASFHiBtDO-0.gBq5JQdFeXnbAEBN3YDQwVNis0a1mdqObRuKJdKB0_rK-_fuzYS1P59Nesduy-SqyrTeud9OJ4GfMQ&mlSearchSessionGuid=a3cd6718a5962abc2f653259f6a8f554;Санкт-Петербург;sale;flat;9;13;2;58.89;22615000;Приморский;Земледельческая ;3;Лесная;Terra
Роман Корякин;realtor;https://spb.cian.ru/sale/flat/334331443/?context=4.04HmdUKqKV8.H8yV7zkIewc-xlHUX6_oJKhIDyg360siDm2yA8_zRYLX7OCkQm7oExxgNJq1oVwbHiVfDeT4wBeiFw&mlSearchSessionGuid=a3cd6718a5962abc2f653259f6a8f554;Санкт-Петербург;sale;flat;5;14;2;57.88;11675000;Невский; Архивная;3к1;Улица Дыбенко;Апарт-комплекс Зум на Неве
Роман Корякин;realtor;https://spb.cian.ru/sale/flat/333380953/?context=4.ZT5R2YlsZ7I.-j-3FKN_jeFwIvYuNP2fdNLkF-FOibLxlLXvPcdvjnzv1Tnb697kwYMDoPDcb46jQX_LPBvc8-b6rA&mlSearchSessionGuid=a3cd6718a5962abc2f653259f6a8f554;Санкт-Петербург;sale;flat;4;17;1;38.55;12765000;Приморский;проспект Королева;70;Комендантский проспект;Ультра Сити 3.0
Этажи Санкт-Петербург;real_estate_agent;https://spb.cian.ru/sale/flat/330843911/?context=4.MbkhqdlFnqs.sj40LZt5Uo_ouMdXAK7oAXn60toRXXJ_asdXUaai9vVi6oL6AYz9HrUIafZ_q1uetR8gRWi3QhW5Zw&mlSearchSessionGuid=a3cd6718a5962abc2f653259f6a8f554;Санкт-Петербург;sale;flat;4;5;4;95.1;21400000;Адмиралтейский;Гороховая ;55;Сенная площадь;
Этажи Санкт-Петербург;real_estate_agent;https://spb.cian.ru/sale/flat/331402363/?context=4.92suuMZs3nQ.MznIA3Dn6I-GQ3Uw7jdgqLQIXxK_2hsfKWdmPEurnhdP4ktlvzMYCkvPJ-6hTfRfeZGJF-BFAV3aqA&mlSearchSessionGuid=a3cd6718a5962abc2f653259f6a8f554;Санкт-Петербург;sale;flat;2;5;3;76.0;21900000;Приморский;проспект Юнтоловский;49к6;Беговая;Юнтолово
Этажи Санкт-Петербург;real_estate_agent;https://spb.cian.ru/sale/flat/330207174/?context=4.ztOlIew8zsk.tDpzGN_zOwOimvDhuvjc2k6J_9DlOjuh6fxzs4KbnB0f8zgV1sKf783deXgrYjvEiDejpkB4Vbszkg&mlSearchSessionGuid=a3cd6718a5962abc2f653259f6a8f554;Санкт-Петербург;sale;flat;5;11;2;59.24;24999999;Красногвардейский;Большая Охта;;Новочеркасская;Альпен ЖК
Этажи Санкт-Петербург;real_estate_agent;https://spb.cian.ru/sale/flat/330923963/?context=4.NtdEQCLLm3I.JhXuLv6SToh-pgEHD9opFx3pfhnoXczCmTXQ78DZ_Trftb4je02PVkqM0g7SyZ9c2paqSPFIMyaPRQ&mlSearchSessionGuid=a3cd6718a5962abc2f653259f6a8f554;Санкт-Петербург;sale;flat;6;9;3;114.2;55900000;Выборгский; Александра Матросова;3;Лесная;Притяжение
Этажи Санкт-Петербург;real_estate_agent;https://spb.cian.ru/sale/flat/326517915/?context=4.ZKCuAkMoxb8.eSsgFggHOiP4yJa1PK47NKrlDbMD8rXlDqD14DNVNwVJdBKViB6mQbOIOgOGy3MAogc6RA-1_jW35A&mlSearchSessionGuid=a3cd6718a5962abc2f653259f6a8f554;Санкт-Петербург;sale;flat;9;27;1;49.3;16000000;Выборгский;проспект Луначарского;11к1;Озерки;Поэма у трёх озёр
Этажи Санкт-Петербург;real_estate_agent;https://spb.cian.ru/sale/flat/329738216/?context=4.-XmO34ffAno.qUpfS7WfG4wPd-sMG3q8q9xgy6Yl7Xlt5auoViF4op-rBB3k0krBt3iLeDSeTvPGxihi1HEpCSmh5A&mlSearchSessionGuid=a3cd6718a5962abc2f653259f6a8f554;Санкт-Петербург;sale;flat;9;20;3;93.2;25000000;Красносельский; Маршала Захарова;10;Юго-Западная;Огни Залива
Этажи Санкт-Петербург;real_estate_agent;https://spb.cian.ru/sale/flat/318308377/?context=4.ve5q5ZV8ayA.uim_4pDnqc6Iuo1_mPIUXziE9aokY4o5I8m1rwMnQmfbNSXrZWDd968W3OSR_GBv6kHsX3iGVcjiAQ&mlSearchSessionGuid=a3cd6718a5962abc2f653259f6a8f554;Санкт-Петербург;sale;flat;9;14;3;114.0;37900000;Калининский; Жукова;3;Площадь Ленина;Пять Звезд
Этажи Санкт-Петербург;real_estate_agent;https://spb.cian.ru/sale/flat/329658165/?context=4.POqlu-doZxc.7eSvw1alUlC4CdDZgqwGyMvpLHl227p4_vRMCE1MGDsTYxGKnlDqivJANlp5Eu4OucabguyWaNvgUQ&mlSearchSessionGuid=a3cd6718a5962abc2f653259f6a8f554;Санкт-Петербург;sale;flat;3;9;2;59.0;31950000;Приморский;набережная Черной речки;35;Черная речка;Черная речка, 41
Этажи Санкт-Петербург;real_estate_agent;https://spb.cian.ru/sale/flat/329631577/?context=4.ccjUH4cpNaI.hglZJhzNH2tnWjwdsv9eTbVVCXIRocJFsBzH_6tOYl2YCRxiKsGGFG6wRMLYfbcEynGwxmjniCR2bw&mlSearchSessionGuid=a3cd6718a5962abc2f653259f6a8f554;Санкт-Петербург;sale;flat;1;9;4;89.4;14500000;Красносельский; Рихарда Зорге;7;Юго-Западная;
Этажи Санкт-Петербург;real_estate_agent;https://spb.cian.ru/sale/flat/329552325/?context=4.m835l07iyHI._xHYdjejlLnW9Akfx1mJdbCl0kptXrnlkcQJJtpPKo-Z176GYAIkzUMTm8pwcWPldfHWSLE5QG8Wqg&mlSearchSessionGuid=a3cd6718a5962abc2f653259f6a8f554;Санкт-Петербург;sale;flat;8;13;2;43.8;11800000;Красногвардейский;Пискаревский проспект;21;Выборгская;
Этажи Санкт-Петербург;real_estate_agent;https://spb.cian.ru/sale/flat/329366566/?context=4.B3jk7gCJZWM.gaZm4UvMd9watZKJI-aC9m5vHbCOyO-gn-yrXA4ASJ1YomYdjiZjbXW16Jt7POrQ0bIlOB7sDSvmyw&mlSearchSessionGuid=a3cd6718a5962abc2f653259f6a8f554;Санкт-Петербург;sale;flat;1;5;2;53.7;18900000;Невский; Смоляная;1;Елизаровская;
Этажи Санкт-Петербург;real_estate_agent;https://spb.cian.ru/sale/flat/329174075/?context=4.BjKZHtIG5PQ.t09rtynWT_JmvrS97gJmslNDIenmrN8NU5NNjSCGLSdtAirl0HyjwIdMnyGKkmhvS353nQoaU0gaYQ&mlSearchSessionGuid=a3cd6718a5962abc2f653259f6a8f554;Санкт-Петербург;sale;flat;5;5;1;49.2;17000000;Центральный; Чайковского;38/9;Чернышевская;
Этажи Санкт-Петербург;real_estate_agent;https://spb.cian.ru/sale/flat/326994904/?context=4.KBef34hOAPk.wjhl2em0wE-sT86LhIQt720XnjgT1HvFRq5zZHKl4qLPqzbztlirTQJR3RsBJu637hkxwbKCliv5Yg&mlSearchSessionGuid=a3cd6718a5962abc2f653259f6a8f554;Санкт-Петербург;sale;flat;5;6;1;34.6;7500000;Пушкинский;Московское шоссе;282;Шушары;
Этажи Санкт-Петербург;real_estate_agent;https://spb.cian.ru/sale/flat/329092361/?context=4.wThQlwy70qs.XQMq5OyZa219pzbD3UbBQUSz_FwO_jvSVzMv8ZjX9cuJkpRC-rm3GbPnsOOHgU0SzRsK3r9m-TUncg&mlSearchSessionGuid=a3cd6718a5962abc2f653259f6a8f554;Санкт-Петербург;sale;flat;3;16;-1;120.0;13000000;Выборгский;проспект Художников;10к1;Озерки;Художников пр. 10
Этажи Санкт-Петербург;real_estate_agent;https://spb.cian.ru/sale/flat/318228926/?context=4.d-lI9O4QLJo.JhUY35JC812wKizou6FFtso5HuzDSTgOSLCC-KtFhySj4bVpBn5uK623_3XwkUYSE1l6EyEItssq_Q&mlSearchSessionGuid=a3cd6718a5962abc2f653259f6a8f554;Санкт-Петербург;sale;flat;1;4;2;54.6;14700000;Василеостровский;Днепровский переулок;22;Василеостровская;
Городской Центр Недвижимости;real_estate_agent;https://spb.cian.ru/sale/flat/331624183/?context=4.pMvpEhyxCyM.tjgWeaZ-RbSyfr3IwPcaTo40Qgpy4wOd46CnM5BO_HyKisV8e13mesjNQzX269cj6ean6FbR9ZKz6Q&mlSearchSessionGuid=a3cd6718a5962abc2f653259f6a8f554;Санкт-Петербург;sale;flat;3;6;2;51.4;12900000;Адмиралтейский;11-я Красноармейская ;13;Балтийская;
Этажи Санкт-Петербург;real_estate_agent;https://spb.cian.ru/sale/flat/327703897/?context=4.hWHtzLNJjA8.37vFWc66-8P33DNXDdKQDkP2KtTeAVDhg2OoXVcixARPlk4CDI1n6Bd5yP_ULfV_up0aA4EJfI-YYg&mlSearchSessionGuid=a3cd6718a5962abc2f653259f6a8f554;Санкт-Петербург;sale;flat;2;6;1;42.0;30500000;Центральный;Невский проспект;135;Площадь Александра Невского;
Этажи Санкт-Петербург;real_estate_agent;https://spb.cian.ru/sale/flat/324449238/?context=4.jJZU2AEAbz0.lVaYMuVCz7OMG2OOXyqx1GeA_Bo-xb_dYAXGQOi73cMyQqHfbeI4CTjGST23MPQJQdDLOzDNrlYNGA&mlSearchSessionGuid=a3cd6718a5962abc2f653259f6a8f554;Санкт-Петербург;sale;flat;1;1;2;38.0;6900000;Выборгский;Школьный переулок;4;Проспект Просвещения;
Этажи Санкт-Петербург;real_estate_agent;https://spb.cian.ru/sale/flat/324511933/?context=4.aTrqzMGxNNM.L-n_dEAtr3AxjJGKOwLPs45Ush_lnNqmQ5SLlucxR0Ep4Kl10RRt7sk9i1amZM4IsdhZ84vXDbWgPg&mlSearchSessionGuid=a3cd6718a5962abc2f653259f6a8f554;Санкт-Петербург;sale;flat;6;10;5;101.6;18000000;Приморский;проспект Королева;54К1;Комендантский проспект;
Этажи Санкт-Петербург;real_estate_agent;https://spb.cian.ru/sale/flat/328686477/?context=4.pcRxSmEqGY0.mpemPlHFsNulRTDqLHB0Ad4SyW3o6PmHycYGddho87QbKKEtr_b4bOSmBQtIRFOqz1AqvtrNrcwlEA&mlSearchSessionGuid=a3cd6718a5962abc2f653259f6a8f554;Санкт-Петербург;sale;flat;1;6;1;32.7;9500000;Центральный;Ульяны Громовой переулок;6;Площадь Восстания;
Этажи Санкт-Петербург;real_estate_agent;https://spb.cian.ru/sale/flat/318168474/?context=4.NdtoiKFDclU.AipCOK519658xa6kAvcNxRJnPMWHlkqkzKstAKh0-DARRZfC3M3EQ2juRwyvp8fCS-q0aT842dKjQw&mlSearchSessionGuid=a3cd6718a5962abc2f653259f6a8f554;Санкт-Петербург;sale;flat;3;11;3;85.4;39970000;Центральный;Кременчугская ;17к2;Площадь Александра Невского;Царская столица
Квартиры Мира;real_estate_agent;https://spb.cian.ru/sale/flat/333723219/?context=4.BcSBQBwFHtI.4ImfHO5ZTFhF3jETsE2rPSrklirCrIhXeNnUx_EJzgsO04HZhSrETfowCglh9T3CWbX9GBPXPOBN5g&mlSearchSessionGuid=a3cd6718a5962abc2f653259f6a8f554;Санкт-Петербург;sale;flat;8;12;3;91.19;41000000;Василеостровский;Уральская ;23;Приморская;Amber Club
Этажи Санкт-Петербург;real_estate_agent;https://spb.cian.ru/sale/flat/326364932/?context=4.xfHYCS4XmmU.bxNuhsttJ6Ba1DsfGytsYBfRHpI6TP9TtvJTvouDriLtW515C4qq7EM2w-trdMEhmVSut6uhWPBN3w&mlSearchSessionGuid=a3cd6718a5962abc2f653259f6a8f554;Санкт-Петербург;sale;flat;1;6;5;110.7;17900000;Василеостровский;3-я Васильевского острова линия;24;Василеостровская;
Квартиры Мира;real_estate_agent;https://spb.cian.ru/sale/flat/333724978/?context=4.BopwVDLHnKc.6oS307otWEr71HnHBkVtzovEwhQTCqwqNFFhkybmM4Yu4i8TRp31f9u31jswszX2xQZ-PTxNYFfcXg&mlSearchSessionGuid=a3cd6718a5962abc2f653259f6a8f554;Санкт-Петербург;sale;flat;10;12;3;75.79;20000000;Красногвардейский;Пискаревский проспект;142к4;Девяткино;Академик
Welcome 24;real_estate_agent;https://spb.cian.ru/sale/flat/334072196/?context=4.xJLXkQzzF7g.996wOscEQfvm9Rkr98xWitFIlC2iOXml1yIZaLrGXabRBWP6CU3PgbIZvhAcUzpQ7t-aSVbM1UC92A&mlSearchSessionGuid=a3cd6718a5962abc2f653259f6a8f554;Санкт-Петербург;sale;flat;8;9;1;30.0;7000000;Калининский;проспект Мечникова;3;Академическая;
Невский простор;real_estate_agent;https://spb.cian.ru/sale/flat/328879751/?context=4._vJ-gY_tlrI.QVxrxSyOxp2QH0XnIARFI1hF1RtLeJJ99NIVHDGj1a4M5ZuJ-9EKOj4RwVAnIqPCLJd7PsmcBJvlrQ&mlSearchSessionGuid=a3cd6718a5962abc2f653259f6a8f554;Санкт-Петербург;sale;flat;3;3;4;235.4;49900000;Фрунзенский;Пражская ;5Б;Бухарестская;
Этажи Санкт-Петербург;real_estate_agent;https://spb.cian.ru/sale/flat/328267082/?context=4.MmjzBTY75Tc.J_xwrFQsF6WcfzwFkXwim_2GuXjyxLAYiA0KZDlc4Nal0pvtR5eQzz8dkzkTy5XoX_7ko-PAnZOO6Q&mlSearchSessionGuid=a3cd6718a5962abc2f653259f6a8f554;Санкт-Петербург;sale;flat;4;5;5;86.5;18000000;Адмиралтейский;Измайловский проспект;25;Балтийская;
Этажи Санкт-Петербург;real_estate_agent;https://spb.cian.ru/sale/flat/328160248/?context=4.KhQWeBElaqc.EzA_Kalf7wOT0ARsm8bfy5zP5J-BrPD6Uqo-uZxhCo9mBABQioeYpO-JhbuLd8v7xWFVmOowBmsEww&mlSearchSessionGuid=a3cd6718a5962abc2f653259f6a8f554;Санкт-Петербург;sale;flat;3;9;3;59.9;17000000;Московский;проспект Юрия Гагарина;18К4;Московская;
Эрмитаж Галерея Недвижимости;real_estate_agent;https://spb.cian.ru/sale/flat/330776145/?context=4.qSrmHIaz97Q.h08rMZvWBg3shXT0R6EhGD1AuhKjYSpLt3hpkCi5KmFlw7oPUqM1Hb-KinH8z_QAMRFusgkiTxvqGQ&mlSearchSessionGuid=a3cd6718a5962abc2f653259f6a8f554;Санкт-Петербург;sale;flat;1;8;1;32.4;9800000;Красносельский; Тамбасова;5;Юго-Западная;Кинопарк
Эрмитаж Галерея Недвижимости;real_estate_agent;https://spb.cian.ru/sale/flat/330346377/?context=4.zRaU2ezOZyE.SeRVsH1NZZFko2Eo_y4TmBZQip0QtDYPFKUNGXflIVw3faKxnoHreI97Pr9_MfGjRiq4x478x1HRaA&mlSearchSessionGuid=a3cd6718a5962abc2f653259f6a8f554;Санкт-Петербург;sale;flat;8;22;2;54.6;20000000;Красносельский;проспект Героев;33с1;Юго-Западная;
Этажи Санкт-Петербург;real_estate_agent;https://spb.cian.ru/sale/flat/327976543/?context=4.Ed35j2fjjSs.y_p86GMGXTDeCoFXTFRdCoFKH7soCEPhJl3lNCR_9MNs0eG5ittk9ClZTQwmGoC2uLqZgvZRtG3-Sg&mlSearchSessionGuid=a3cd6718a5962abc2f653259f6a8f554;Санкт-Петербург;sale;flat;5;5;3;73.0;22600000;Петроградский;Каменноостровский проспект;34;Петроградская;
Этажи Санкт-Петербург;real_estate_agent;https://spb.cian.ru/sale/flat/334708801/?context=4.yGCX41lJz3g.En1ixQ7dhFLeFWAy6oqlYTqF_72kU167mN5p1Bkq8OGBD_gpUvb5kWEen4HcfRUqLSc8Fm8BqYNxFw&mlSearchSessionGuid=a3cd6718a5962abc2f653259f6a8f554;Санкт-Петербург;sale;flat;16;24;1;32.0;9750000;Приморский; Плесецкая;10;Комендантский проспект;Полис на Комендантском
Этажи Санкт-Петербург;real_estate_agent;https://spb.cian.ru/sale/flat/334708767/?context=4.JhV5y817O58._VFOSGiltsWquetg8vidbHx5OqfsVQlaZx2FaZo6rFky0hm_B9RmtEN9S67cxhX0WP-IDiO93FlzqQ&mlSearchSessionGuid=a3cd6718a5962abc2f653259f6a8f554;Санкт-Петербург;sale;flat;6;6;4;102.2;18900000;Калининский; Академика Лебедева;14/2;Площадь Ленина;
Этажи Санкт-Петербург;real_estate_agent;https://spb.cian.ru/sale/flat/334708286/?context=4.-VR5PdodiZQ.i-YM-inbs5auIcublO5Kohq58btNaRPevDu1QPmwj75DKZ2HQ1n933cw9kCzMcGgz04vomFiLZ5Mng&mlSearchSessionGuid=a3cd6718a5962abc2f653259f6a8f554;Санкт-Петербург;sale;flat;17;27;1;34.8;9300000;Выборгский; Николая Рубцова;9;Парнас;Северная долина
Этажи Санкт-Петербург;real_estate_agent;https://spb.cian.ru/sale/flat/334708174/?context=4.yg9DrGkgGYg.QiVZuaQIhbShng6Apv6sq_lBV3HUKAv19lDAIOgXCAKfyk5A1q-4TUXFGh3bDLewIBTFVt5U8wBjxg&mlSearchSessionGuid=a3cd6718a5962abc2f653259f6a8f554;Санкт-Петербург;sale;flat;6;16;3;95.8;21300000;Невский; Латышских Стрелков;15к3;Ладожская;Ладожский парк
Реал;real_estate_agent;https://spb.cian.ru/sale/flat/332662776/?context=4.UE1hFWu2lXw.k0Rs-_od8_471jrHOt6u6RwTLx9rmxJsn8oCTwkNOiWHqRz4Lbh8wyzSoQDMTu1TXnB4pTUyZZQQww&mlSearchSessionGuid=a3cd6718a5962abc2f653259f6a8f554;Санкт-Петербург;sale;flat;3;7;3;62.4;13750000;Московский;Московское шоссе;8;Московская;
Городской Центр Недвижимости;real_estate_agent;https://spb.cian.ru/sale/flat/334656354/?context=4.h-Vd3ObRRy8.oREtJRS79WoRDd985ruj0z9mtw8P0ulmvN2CMmMvaghpZnIOtfjIaRWgIzdQoCaemlr723b3ZdoL4w&mlSearchSessionGuid=a3cd6718a5962abc2f653259f6a8f554;Санкт-Петербург;sale;flat;5;5;3;50.0;9890000;Калининский; Замшина;60;Лесная;
Городской Центр Недвижимости;real_estate_agent;https://spb.cian.ru/sale/flat/334332262/?context=4.d6lA2Jn0XBw.STdLoSlPiz-mFhZjqzH6l3N1JC7FaBZuj_lyu1V3qalWnVPUqzGNBB9T9CKnRS7lu79PMk02q-A1ig&mlSearchSessionGuid=a3cd6718a5962abc2f653259f6a8f554;Санкт-Петербург;sale;flat;6;9;3;58.5;12980000;Выборгский; Сантьяго-де-Куба;8К2;Проспект Просвещения;
Городской Центр Недвижимости;real_estate_agent;https://spb.cian.ru/sale/flat/331549421/?context=4.0OJZwelA52o.0Vw9Zv_v4lXe4W9kHCyx0FizYTDG5vQdOi4aQvqYr-XzhxpH9c7u3JgNTooBrQ6yGQ_U11QbBOY9QA&mlSearchSessionGuid=a3cd6718a5962abc2f653259f6a8f554;Санкт-Петербург;sale;flat;9;22;1;34.0;10500000;Калининский;Пискарёвка;7к6;Лесная;ЦДС Кантемировский
CENTURY 21 MAV Real Estate;real_estate_agent;https://spb.cian.ru/sale/flat/334619483/?context=4.I4IdF0H9bKw.tzGwdD5Nxq5jcDkagt3iEsxGx9c1xVm78Bnn4UfSHLgJ8voc5ElKJKZ2FwIVxFjrNVqKBxNP1Lz1vg;Санкт-Петербург;sale;flat;2;10;3;93.0;18999990;Калининский;проспект Просвещения;53К4;Проспект Просвещения;
ID 123248717;homeowner;https://spb.cian.ru/sale/flat/328416818/?context=4.taMC3bxCU3Y.Psw3ldQepO8wYVV_xP1jBJL3vNbY4IjHTiTdneQWk3EEq-la3FX7PfotOU1CkjL7g7upYQVYNbYk7w;Санкт-Петербург;sale;flat;6;6;2;58.7;13000000;Московский; Решетникова;5;Электросила;
ID 24050051;real_estate_agent;https://spb.cian.ru/sale/flat/333208946/?context=4.uo-ekr1z-Os.TdE_14a8sB97LGxF5LjJDy7WicHfs-h4zDHjdw1b6e1egXZQUWm9Br17zTeazS6Mwtj3GlDRI4IOSg;Санкт-Петербург;sale;flat;3;7;3;83.5;24000000;Московский;Ленинский проспект;178;Московская;
ПАН Партнер;real_estate_agent;https://spb.cian.ru/sale/flat/330913132/?context=4.f4uzrkp4y9I.QR7OcdM0yt7ohgxQvfrgrFylQCK4oQN0jzJD38VMcM9Igu9gjhNZnfDiuvhM7R1s5ILj3I9qJtIrOA;Санкт-Петербург;sale;flat;3;5;3;54.4;12999000;Московский;Ломаная ;6;Московские ворота;
Невский простор;real_estate_agent;https://spb.cian.ru/sale/flat/334033846/?context=4.PAQsmQl_b1M.OwitmeDQmOK9g3ZvWS2CL7rDdyUc90GD90OPtqbtLrwR9UJYpm2Va92cMZe0OQ6jWM803IBN4FNBmw;Санкт-Петербург;sale;flat;1;5;1;14.77;4200000;Центральный; Маяковского;19/15;Чернышевская;
Карина Агеева;realtor;https://spb.cian.ru/sale/flat/332299256/?context=4.VYMsnFD0Pto.iJ54rCJ3QVe62w5QdMowsnJ7MqCve6rZJ9ZTiXonabWKpeZlBVdKJ-Okok_JuI3xQaqL0SO4r6Czmw;Санкт-Петербург;sale;flat;4;12;2;50.0;12599900;Московский;Пулковское шоссе;13К1;Звездная;
ID 144418690;homeowner;https://spb.cian.ru/sale/flat/333861367/?context=4.SqkOQGJSwFw.ap6g3Cj74a4gtoaWwdUT_eSYEe3sjr69YkkpbykTPwjVan8_8iSbVN0pugXWuqg6b-EbRFg-VeK7MQ;Санкт-Петербург;sale;flat;9;9;3;59.1;14500000;Московский;Московский проспект;205;Московская;
Итака;real_estate_agent;https://spb.cian.ru/sale/flat/332148372/?context=4.LJ6TmW7YniE.yc6CBWsR2QRJsqB3G38WJxf5Oy_lRXuQNN2fynSi4kpKCCG43YcFYsugLnKDIUIyzh_PZPphVx8RLw;Санкт-Петербург;sale;flat;3;5;2;55.8;14570000;Московский;проспект Юрия Гагарина;3;Парк Победы;
Адвекс;real_estate_agent;https://spb.cian.ru/sale/flat/332292454/?context=4.SCeWh4HDqYg.NkLCB1-AGTj8NTgwG8p_Sypk4hmpZS9pfQo1D8nLuagxlwnPAFf9_WU8Vo-KZ2OZ7yoyFMwdds0Rnw;Санкт-Петербург;sale;flat;3;9;3;51.6;12400000;Фрунзенский;проспект Славы;43/49;Проспект Славы;
ELEMENT;developer;https://spb.cian.ru/sale/flat/327104313/?context=4.2k8iZSCIHhA.NsodE4-ZYF_2xSPNTB5gbjUpZ8fDgcamdiaBxIaBsCPh3L4_gWtArI6VNIOt3DUPmt_eftTvSjJDoA&mlSearchSessionGuid=a3cd6718a5962abc2f653259f6a8f554;Санкт-Петербург;sale;flat;24;24;3;162.9;193574070;Московский;Алтайская ;39;Московская;Шепилевский
ИнвестКомплекс;official_representative;https://spb.cian.ru/sale/flat/327465863/?context=4.RUtirZhxJyQ.FOOcU6HeaIqhPR_UcYrnySj7KKwVNTpS0JudogyM3xCsaoh2QuXzlvubuSIWwYB55l5xPOOSO5EKHw&mlSearchSessionGuid=a3cd6718a5962abc2f653259f6a8f554;Санкт-Петербург;sale;flat;1;4;1;48.3;8800000;Приморский; Новая;51к13;Беговая;
Level Group;developer;https://spb.cian.ru/sale/flat/333732394/?context=4.aW8tLXpJfMY.C0Ae4OvNfD-HpsMhZ24id9I-rzPTVqdGLJCLxJBXqxlGNjGaTxbQqnnU0yim_sF--oDs4elpoeZkdA&mlSearchSessionGuid=a3cd6718a5962abc2f653259f6a8f554;Санкт-Петербург;sale;flat;2;9;1;37.2;11886402;Калининский;Пискарёвка;;Выборгская;Левел Мечникова
РК-Газсетьсервис;developer;https://spb.cian.ru/sale/flat/332233080/?context=4.BxXJhtGGEKI.GmQJzrH43tGsjPZO7TbZ4VyYP2EswXJl2Olt3dUbnWCNWAs4Bv9ZbcBua6qBL2kgx1mJGT0qIyLcmA&mlSearchSessionGuid=a3cd6718a5962abc2f653259f6a8f554;Санкт-Петербург;sale;flat;6;12;2;42.07;14387940;Приморский;Камышовая ;25;Комендантский проспект;YE'S Primorsky Комплекс Апартаментов
Балтийская Коммерция;real_estate_agent;https://spb.cian.ru/sale/flat/320297298/?context=4.R24AjAKm80w._UT-wnXcvB5tXphgUAVmFvXEpmBc8rzVsdPLq-n0S0tE4YigO0oyX0GaQdwhyR-rV5TdaETWM-xrMQ&mlSearchSessionGuid=a3cd6718a5962abc2f653259f6a8f554;Санкт-Петербург;sale;flat;9;9;3;175.5;77900000;Петроградский; Чапаева;17к2;Петроградская;Мануфактура
АР НУВО;real_estate_agent;https://spb.cian.ru/sale/flat/332601518/?context=4.q8SK4lxXFo8.vlhk2yB8dtNlQhDTgCBu6RLrc7I8MA-EaUTdvnVHmO0tNhtLLaZ5vRgoqZf7FQQDcF6jKiJjgQc6Yg&mlSearchSessionGuid=a3cd6718a5962abc2f653259f6a8f554;Санкт-Петербург;sale;flat;2;5;1;34.15;7700000;Московский;Пулковский меридиан;;Московская;Парадный ансамбль
AAG;developer;https://spb.cian.ru/sale/flat/323514188/?context=4.4r0k15k5Lt4.SBVqN2BleVWkLwbcvJjU1iqxl07KuQNsrqP6M8P5clx0PCmFQuxgKFAWaagik1o-3t2bTHQShRSLaA&mlSearchSessionGuid=a3cd6718a5962abc2f653259f6a8f554;Санкт-Петербург;sale;flat;1;7;2;105.9;43500000;Василеостровский;12-я Васильевского острова линия;41к2;Василеостровская;Амо
BARNES International Realty;real_estate_agent;https://spb.cian.ru/sale/flat/333570665/?context=4.SHzbIxAjka4.ZfnyAd2l8NUReTDo_vXT8C_pioPUXcWSpa4Db6KQoP4_qXrJ8b4wUsvp-DwxQEDxEIdSMDhmdqEFbw&mlSearchSessionGuid=a3cd6718a5962abc2f653259f6a8f554;Санкт-Петербург;sale;flat;5;9;3;105.3;75000000;Петроградский;проезд Петровская коса;6к1;Крестовский остров;Петровская Доминанта
АВЕНТИН;real_estate_agent;https://spb.cian.ru/sale/flat/334066324/?context=4.FlzJKgrBv0M.dipfgVAp2H9tKNpuEaKr5M_le_FNismv1ctiFHMesUwHJpZkSm3EgGWBKlopVxahZgyLcCHfYEymzA&mlSearchSessionGuid=a3cd6718a5962abc2f653259f6a8f554;Санкт-Петербург;sale;flat;5;9;1;28.0;6700000;Красногвардейский;Хасанская ;22к1;Проспект Большевиков;
Sun Development;developer;https://spb.cian.ru/sale/flat/334472638/?context=4.Z5SM_CiCPMo.DuIopSeZdCZTbgI_2sW0TOSPeXd0OUJNWzS1shBckp29RLjEcVxAdl8e34UhEdOszxm_4GqwL8EB6g&mlSearchSessionGuid=a3cd6718a5962abc2f653259f6a8f554;Санкт-Петербург;sale;flat;2;7;3;136.6;51367914;Василеостровский;11-я Васильевского острова линия;56;Василеостровская;Клубный дом Монодом Лайн
A-estate;real_estate_agent;https://spb.cian.ru/sale/flat/331521498/?context=4.HuJ-0ZJ9LR0.F08YSIn6gTFOASbYWCbzTEPFWIpGXqLyD_Hp4SGeaIEHmo2dkijbSMfTrktOVhgcEdRaaQ4odUIJ9A&mlSearchSessionGuid=a3cd6718a5962abc2f653259f6a8f554;Санкт-Петербург;sale;flat;6;9;2;72.5;30990000;Адмиралтейский;набережная Обводного Канала;169;Балтийская;Лермонтовский 54
Яков Ермошкевич;realtor;https://spb.cian.ru/sale/flat/334519442/?context=4.1u2WTLG917k.rnyXqzAkx8RQhRTkxvgR750tFxe91PWAveQ1P5ylMNxCgCN3d-5x6FNxV9nJzXHdbtvJRqkFf4uUow&mlSearchSessionGuid=a3cd6718a5962abc2f653259f6a8f554;Санкт-Петербург;sale;flat;4;5;2;42.0;7400000;Красносельский; Летчика Пилютова;13К1;Юго-Западная;
ИП Богачков;real_estate_agent;https://spb.cian.ru/sale/flat/332207823/?context=4.w9-wJLk2HZE.whgZyCofnvpo20mpjsmSqNkADXsCd3Q3cHqFkGDX3_6-JaLefdYtaeYp5m9XixQDM8ljr-iC88awHQ&mlSearchSessionGuid=a3cd6718a5962abc2f653259f6a8f554;Санкт-Петербург;sale;flat;5;6;2;57.38;28690000;Петроградский; Профессора Попова;;Петроградская;ID Petrogradskaya
ПИА Недвижимость;real_estate_agent;https://spb.cian.ru/sale/flat/333475205/?context=4.aXzz1y5MosA.4fk2995U6xKWQHgbVMBF6_sfLJcSW37PCmhft0BJvQd79fK6_HstWe_VhWeCh0ZFEsjRn_4B9z9ZyA&mlSearchSessionGuid=a3cd6718a5962abc2f653259f6a8f554;Санкт-Петербург;sale;flat;5;9;2;50.1;11200000;Невский;Искровский проспект;26В;Улица Дыбенко;
ID 58387287;real_estate_agent;https://spb.cian.ru/sale/flat/333503194/?context=4.fc30wtw-NXE.4CaVIibJuthg7LspY-laTeAheBXBYBp6KYdNCie5RYe8nGWmsCYZLBP6i2PJwxO5k3tRIkUP6EiyFg&mlSearchSessionGuid=a3cd6718a5962abc2f653259f6a8f554;Санкт-Петербург;sale;flat;4;9;1;40.0;9180000;Невский; Белышева;8к1Н;Проспект Большевиков;
ГК ФСК;developer;https://spb.cian.ru/sale/flat/334472661/?context=4.o5yDWmUhaeQ.Sf_G1TiGA8la8falezPF_F3PkRBGYOt7b-Gb2QYDO510pTSy2m76r0BO4WCk8ScBEUoDBgdaTK1jOw&mlSearchSessionGuid=a3cd6718a5962abc2f653259f6a8f554;Санкт-Петербург;sale;flat;3;11;1;36.01;16275799;Выборгский;2-й Муринский проспект;49;Площадь Мужества;Фабула
ПИА Недвижимость;real_estate_agent;https://spb.cian.ru/sale/flat/334584058/?context=4.yrzxlgbd3OY.Kk9eQyT0oyTHbsujXrZHwbbAlU-Lje96h_IuDeseqkHQyoe73fHjqzcsNb320sE34ii_pojB0-H5OQ&mlSearchSessionGuid=a3cd6718a5962abc2f653259f6a8f554;Санкт-Петербург;sale;flat;11;17;2;50.0;14100000;Приморский;Туристская ;30к1;Комендантский проспект;ЦДС Юнтоловский
Экотон;real_estate_agent;https://spb.cian.ru/sale/flat/334156987/?context=4.00QyrMpr2yM.y_fRb8Jgm5V9Q8NZotvSBfjeyx4TX8dRhCHAwt7rmrlMOa7YiiZe3ujg0NNEOQlXH5VuiP7QhApKKQ&mlSearchSessionGuid=a3cd6718a5962abc2f653259f6a8f554;Санкт-Петербург;sale;flat;2;5;4;48.3;8800000;Кировский;бульвар Новаторов;20;Ленинский проспект;
ELEMENT;developer;https://spb.cian.ru/sale/flat/328054219/?context=4.KRvXhnqqEns.WhUVPfJLRW-y_bbSgBFHtDuYB5ar4e4OJrvXrSiakw9ooJaxsHpfEOJlJjQWuxNKJYDvdvcsgAL4VA&mlSearchSessionGuid=a3cd6718a5962abc2f653259f6a8f554;Санкт-Петербург;sale;flat;8;8;5;180.03;264734115;Петроградский;Ремесленная ;17литЗ;Спортивная;17/33 Петровский остров
ПИА Недвижимость;real_estate_agent;https://spb.cian.ru/sale/flat/333801883/?context=4.97yjZLpOsFc.adgRoteP1FUNkQ8jUXc-qXvTytAOmsmDt64evq94cYIdtKdneToo70Pg7PbvGHPOWCVjdhNZkIHjkA&mlSearchSessionGuid=a3cd6718a5962abc2f653259f6a8f554;Санкт-Петербург;sale;flat;3;13;1;43.0;13990000;1 комн. кв-ра в развитом е!1-комн. квартира;43 м²;;;
Балтийская Коммерция;real_estate_agent;https://spb.cian.ru/sale/flat/334420054/?context=4.UVYYCl-4wyI.CZV16MSofkbsxYZjWwn-1tXydojLhUf_5s0dcRT81E3Zw6WL9rlNbPqcSDRLE_kMOqxZrIEOVWl6BA&mlSearchSessionGuid=a3cd6718a5962abc2f653259f6a8f554;Санкт-Петербург;sale;flat;8;11;1;35.9;18500000;Петроградский;Вяземский переулок;6;Петроградская;
Level Group;developer;https://spb.cian.ru/sale/flat/333636869/?context=4.jMNcscfRR64.VHGlTmNZPEiABxYcDgUYsZwaT6rEDQd6fPWSQDLfMo8bKI2i1nNiLDbvN9n3y_1XZEa72-YXeQXe5w&mlSearchSessionGuid=a3cd6718a5962abc2f653259f6a8f554;Санкт-Петербург;sale;flat;2;9;2;48.8;16579389;Калининский;проспект Мечникова;40Л;Выборгская;Левел Мечникова
ПИА Недвижимость;real_estate_agent;https://spb.cian.ru/sale/flat/334556728/?context=4.dNiaaVTDdpg.lFBJvERJhWN_4HjQQJ6ujIdfEAIB9vEUUG12Gi-MnX4FcjnBsPRNpNkLJs82YrWqT5bZfTNR8BxmyQ&mlSearchSessionGuid=a3cd6718a5962abc2f653259f6a8f554;Санкт-Петербург;sale;flat;10;19;1;34.8;10400000;1 комн. кв-ра в развитом е!1-комн. квартира;10/19 этаж;;;
Северный модерн;real_estate_agent;https://spb.cian.ru/sale/flat/332749154/?context=4.lRGC_QTQkLY.AoVdD5nFgdhmn2Rlrua7w_cWmyy0rC0e5zbjNtOq7km6W0KuNHwd96xyH3hEF2VKo86Nclyt6D0wOw&mlSearchSessionGuid=a3cd6718a5962abc2f653259f6a8f554;Санкт-Петербург;sale;flat;4;7;5;128.7;25000000;Центральный;9-я Советская ;39/24;Площадь Восстания;
ФСК;developer;https://spb.cian.ru/sale/flat/327078834/?context=4.2qdg_s8afLg.M2kxL1M_SxFCX-WImQCNZe7PQJLAo5ysGzvYkxYWgDv6GVWVnAf3o0Q_kW3rO5XRK5yUbn5Wll58YA&mlSearchSessionGuid=a3cd6718a5962abc2f653259f6a8f554;Санкт-Петербург;sale;flat;5;17;1;34.2;7954065;Невский; Архивная;3к1;Улица Дыбенко;Апарт-комплекс Зум на Неве
ПИА Недвижимость;real_estate_agent;https://spb.cian.ru/sale/flat/334346700/?context=4.tfIukxH5QVI.05Urf8P_Ayr6lXBy21T7A70PLQ80MIO9T3tMWCZh0OJSg1JQsTpTgcfYT5mFIok6xIUXtBYeEkEqfw&mlSearchSessionGuid=a3cd6718a5962abc2f653259f6a8f554;Санкт-Петербург;sale;flat;17;24;1;30.7;9090000;Приморский; Плесецкая;10;Комендантский проспект;Полис на Комендантском
Мир Квартир Элит;real_estate_agent;https://spb.cian.ru/sale/flat/329755073/?context=4.Id-YhyRglGg.s8SRPXJYw4167DEuuZBUW2JKj4tYOc_clCgIcJvypsGisnuNZ6rJ12Mv4D0_jNeXTSggMvkfiPR3Og&mlSearchSessionGuid=a3cd6718a5962abc2f653259f6a8f554;Санкт-Петербург;sale;flat;5;7;5;248.5;56900000;Центральный; Некрасова;58;Площадь Восстания;
LEGENDA Development;developer;https://spb.cian.ru/sale/flat/333531670/?context=4.MSIpTbz_yR8.NzOcg1e8Pg1wnKlYBpxOcEFgtqdnCswrspI0sMOMERZ5mauNJ3Y9q2sV1iGkXRY0KyEjjRml56VWLw&mlSearchSessionGuid=a3cd6718a5962abc2f653259f6a8f554;Санкт-Петербург;sale;flat;2;22;2;64.76;28355166;Василеостровский;Морской;;Приморская;ЛЕГЕНДА У МОРЯ
ELEMENT;developer;https://spb.cian.ru/sale/flat/327104313/?context=4.q4cNmV954go.qMmB4AdfmA4oT6K1VRf7xGP-tYM_F--kcJsvXOt3-reZUovurLyRLN6udRx2K1G_4AyD0GPRaAIFnw&mlSearchSessionGuid=a3cd6718a5962abc2f653259f6a8f554;Санкт-Петербург;sale;flat;24;24;3;162.9;193574070;Московский;Алтайская ;39;Московская;Шепилевский
ИнвестКомплекс;official_representative;https://spb.cian.ru/sale/flat/327465863/?context=4.kT6kd5vD4EM.fNFOMe1Ibv8c0e4nlQQckJ0-sdYc00EfJzIj4s7wjE6K60Yt66aty5en7H1_WUSnJlb9phdgbNDd3Q&mlSearchSessionGuid=a3cd6718a5962abc2f653259f6a8f554;Санкт-Петербург;sale;flat;1;4;1;48.3;8800000;Приморский; Новая;51к13;Беговая;
Level Group;developer;https://spb.cian.ru/sale/flat/333732394/?context=4.kSwxuBNjTAc.2ix7NOkswgoE-sMzcFBYc9v5h-WMTAmW5zo1hYnq3zi9R_9cQ4E8HYrsMyn65--kjHJNvCYn3y28TA&mlSearchSessionGuid=a3cd6718a5962abc2f653259f6a8f554;Санкт-Петербург;sale;flat;2;9;1;37.2;11886402;Калининский;Пискарёвка;;Выборгская;Левел Мечникова
РК-Газсетьсервис;developer;https://spb.cian.ru/sale/flat/332233080/?context=4.PD0hwV7j3ns.1k3RYy_ZuUiRpamkPMMS6p4qQPeq5a9pmesxzwFWpU9Kw0CVMHScpP0b_Lq1WDgLY1QHg7EKCCCMiA&mlSearchSessionGuid=a3cd6718a5962abc2f653259f6a8f554;Санкт-Петербург;sale;flat;6;12;2;42.07;14387940;Приморский;Камышовая ;25;Комендантский проспект;YE'S Primorsky Комплекс Апартаментов
Балтийская Коммерция;real_estate_agent;https://spb.cian.ru/sale/flat/320297298/?context=4.88rSVJ8oQZc.aPQvWsUTAe7aui2dlEH4Eu3ex1z4jVlzOJcGMcot8hhIQjn_SgjwVH-qbGrlSumNUQKwpESf9tbRrA&mlSearchSessionGuid=a3cd6718a5962abc2f653259f6a8f554;Санкт-Петербург;sale;flat;9;9;3;175.5;77900000;Петроградский; Чапаева;17к2;Петроградская;Мануфактура
АР НУВО;real_estate_agent;https://spb.cian.ru/sale/flat/332601518/?context=4.s6eWEePTRaE.WJoV6ajk-wsAe8FIRGqVeBh8ILyqfegeljB58lneL6XQLnc3ackB6RCdJnajE2q2hIW-hKntqu1jEQ&mlSearchSessionGuid=a3cd6718a5962abc2f653259f6a8f554;Санкт-Петербург;sale;flat;2;5;1;34.15;7700000;Московский;Пулковский меридиан;;Московская;Парадный ансамбль
AAG;developer;https://spb.cian.ru/sale/flat/323514188/?context=4.qUDQO0r_0cs.dZEVwOhVw2vlTNctTzamUiej1JoSBh7icoHxd4m0XPDNdThqC9nCDir5Qe-Pr-IJoGZ17p6kxrYCIQ&mlSearchSessionGuid=a3cd6718a5962abc2f653259f6a8f554;Санкт-Петербург;sale;flat;1;7;2;105.9;43500000;Василеостровский;12-я Васильевского острова линия;41к2;Василеостровская;Амо
BARNES International Realty;real_estate_agent;https://spb.cian.ru/sale/flat/333570665/?context=4.FcCSnU8BfA4.UhDeMF2LS1jIX1xdFFRQg6ZF9GuUolAQkbVzGAKTsGJ-d0VwY1UfhvrG6MOd-t4_390rf4gioTILfQ&mlSearchSessionGuid=a3cd6718a5962abc2f653259f6a8f554;Санкт-Петербург;sale;flat;5;9;3;105.3;75000000;Петроградский;проезд Петровская коса;6к1;Крестовский остров;Петровская Доминанта
АВЕНТИН;real_estate_agent;https://spb.cian.ru/sale/flat/334066324/?context=4.LPwAkGSqPR4.zcc9NHQtJGJSjs-xWbIGPBaAfRw-1f2TRWaVExo-r523WfbNN4uijteqFtD4YAOc7MuAFdOsUaeQOw&mlSearchSessionGuid=a3cd6718a5962abc2f653259f6a8f554;Санкт-Петербург;sale;flat;5;9;1;28.0;6700000;Красногвардейский;Хасанская ;22к1;Проспект Большевиков;
Sun Development;developer;https://spb.cian.ru/sale/flat/334472638/?context=4.vPv9w4waGxA.EDaTtgFGCvBWFhDNX1XkWjLGPzRYQR0Jq98BPihTjqcRYyJlbQdyjHy0sWsfWtigmiiQxo7GsIshog&mlSearchSessionGuid=a3cd6718a5962abc2f653259f6a8f554;Санкт-Петербург;sale;flat;2;7;3;136.6;51367914;Василеостровский;11-я Васильевского острова линия;56;Василеостровская;Клубный дом Монодом Лайн
A-estate;real_estate_agent;https://spb.cian.ru/sale/flat/331521498/?context=4.MYw5dVxy4uA.twPUhN0Jof4Xi3w1Ik5DoDms4zaT5Z3Fsv56X3m0mJ9SdtNLRnOYwzlDsIXpWU2g_-Gyy1KDVQwo6A&mlSearchSessionGuid=a3cd6718a5962abc2f653259f6a8f554;Санкт-Петербург;sale;flat;6;9;2;72.5;30990000;Адмиралтейский;набережная Обводного Канала;169;Балтийская;Лермонтовский 54
Яков Ермошкевич;realtor;https://spb.cian.ru/sale/flat/334519442/?context=4.YzUBUrW1pkY.0zif2uOwT6pdF94EMecG_ue5HxPamkySBsghP4O8fRcTsznpALq3vSqMmlCKYQmHUW5a7Fu3XsC0CQ&mlSearchSessionGuid=a3cd6718a5962abc2f653259f6a8f554;Санкт-Петербург;sale;flat;4;5;2;42.0;7400000;Красносельский; Летчика Пилютова;13К1;Юго-Западная;
ИП Богачков;real_estate_agent;https://spb.cian.ru/sale/flat/332207823/?context=4.3ffGnA9VjlI.I6pcl5S5iQJIT7yNmem5BQYl3kpjp1sjpN8J8VyArrVjYoJY0Go9TfyrYRfjNG6hPvpl6OPUCvzsFw&mlSearchSessionGuid=a3cd6718a5962abc2f653259f6a8f554;Санкт-Петербург;sale;flat;5;6;2;57.38;28690000;Петроградский; Профессора Попова;;Петроградская;ID Petrogradskaya
ПИА Недвижимость;real_estate_agent;https://spb.cian.ru/sale/flat/333475205/?context=4.2yhjqrhsXOI.qwca8xgvOv-PUAA5JY9F0rp71WHWL3E77R-geFGGpe6teR25B0oXYj5hdGsImtch9J8e0H8fa0cxKg&mlSearchSessionGuid=a3cd6718a5962abc2f653259f6a8f554;Санкт-Петербург;sale;flat;5;9;2;50.1;11200000;Невский;Искровский проспект;26В;Улица Дыбенко;
ID 58387287;real_estate_agent;https://spb.cian.ru/sale/flat/333503194/?context=4.TBayUtF5gzI.jCEUU0o5NKHgkGXHfS2Le6n5Wtl9kZVDpAq0vOl3z3riZwh_GBRpxPtu10OCQNsd6R4ZqFOBdd19aA&mlSearchSessionGuid=a3cd6718a5962abc2f653259f6a8f554;Санкт-Петербург;sale;flat;4;9;1;40.0;9180000;Невский; Белышева;8к1Н;Проспект Большевиков;
ГК ФСК;developer;https://spb.cian.ru/sale/flat/334472661/?context=4.qAvy3IIWkqA.oxw48FMBJCpqKO0tvgVtxf9LxhMJoQ8ky_TVyUjEI2zU3NGU4Kot1BD4X0DE0pcV62EslgvxVD7dGQ&mlSearchSessionGuid=a3cd6718a5962abc2f653259f6a8f554;Санкт-Петербург;sale;flat;3;11;1;36.01;16275799;Выборгский;2-й Муринский проспект;49;Площадь Мужества;Фабула
ПИА Недвижимость;real_estate_agent;https://spb.cian.ru/sale/flat/334584058/?context=4.akrp5hVbvOc.vJHjgekQkKrGRTa0kUpWACWlJqlXb6I_m3en_Z_AB9nfd3piZk2D7s4FDN-6L6tcIxsyz3vJ_TLifw&mlSearchSessionGuid=a3cd6718a5962abc2f653259f6a8f554;Санкт-Петербург;sale;flat;11;17;2;50.0;14100000;Приморский;Туристская ;30к1;Комендантский проспект;ЦДС Юнтоловский
Экотон;real_estate_agent;https://spb.cian.ru/sale/flat/334156987/?context=4.tW8YyS4Z2Hg.2orIUmn0kJD55uu35bP5gODuhIPgYn0lyx7JUOmhQldIV7QX7_e2mJXY2VNxCZplW0f80Q7e3h3BZA&mlSearchSessionGuid=a3cd6718a5962abc2f653259f6a8f554;Санкт-Петербург;sale;flat;2;5;4;48.3;8800000;Кировский;бульвар Новаторов;20;Ленинский проспект;
ELEMENT;developer;https://spb.cian.ru/sale/flat/328054219/?context=4.S5hK9cGbAN4.DBmZ2YypKfIGNS9ALl4NpII7Y_kQMSYlbZqWwS0GCS7W4YMsMMJFsNnMewRq77O1rfTTsbbJsyduEg&mlSearchSessionGuid=a3cd6718a5962abc2f653259f6a8f554;Санкт-Петербург;sale;flat;8;8;5;180.03;264734115;Петроградский;Ремесленная ;17литЗ;Спортивная;17/33 Петровский остров
ПИА Недвижимость;real_estate_agent;https://spb.cian.ru/sale/flat/333801883/?context=4.DOKPZ_R2EHQ.nvnqgYosvVgjzwrJgG4PNbJnrBUS6JkS_U6U_YjdU4Fn7id2Czo13sElWe1W1BPVa3TU4oOQqtxTPg&mlSearchSessionGuid=a3cd6718a5962abc2f653259f6a8f554;Санкт-Петербург;sale;flat;3;13;1;43.0;13990000;1 комн. кв-ра в развитом е!1-комн. квартира;43 м²;;;
Балтийская Коммерция;real_estate_agent;https://spb.cian.ru/sale/flat/334420054/?context=4.x2g06ew-cug.KlsQAZNZ461Y1_E1cLtJLQ1TKZLExw-0bA4RsfzhXTq-LXQ08ua-S3pHXg9AC0Uss0BljwRGuHQxYA&mlSearchSessionGuid=a3cd6718a5962abc2f653259f6a8f554;Санкт-Петербург;sale;flat;8;11;1;35.9;18500000;Петроградский;Вяземский переулок;6;Петроградская;
Level Group;developer;https://spb.cian.ru/sale/flat/333636869/?context=4.zO3xjP7rncM._xoOtwBcYYhYo4-7HRQrebACQMuYwwFbqrTw9EE9ghDDYvCOlJLFsS5LGf5kjzKEa2oRdAbp4IL2og&mlSearchSessionGuid=a3cd6718a5962abc2f653259f6a8f554;Санкт-Петербург;sale;flat;2;9;2;48.8;16579389;Калининский;проспект Мечникова;40Л;Выборгская;Левел Мечникова
ПИА Недвижимость;real_estate_agent;https://spb.cian.ru/sale/flat/334556728/?context=4.PKxMT9aYbOk.Twyw2OQoy7-6zT5v2nJ7nge7NGmj5XjfBhUlXwboDPBRuyVzhxPoItA4yYe1Hs7V3VbWOD7a3uLddQ&mlSearchSessionGuid=a3cd6718a5962abc2f653259f6a8f554;Санкт-Петербург;sale;flat;10;19;1;34.8;10400000;1 комн. кв-ра в развитом е!1-комн. квартира;10/19 этаж;;;
Северный модерн;real_estate_agent;https://spb.cian.ru/sale/flat/332749154/?context=4.mYEsk24FyNw.MKEhkIymyoABLLvBoPbspATZDXqM1-BCmB2zLbArrYTfUFb3V5T2KPFfvoJ-HApix4-L9VY3A9wgBw&mlSearchSessionGuid=a3cd6718a5962abc2f653259f6a8f554;Санкт-Петербург;sale;flat;4;7;5;128.7;25000000;Центральный;9-я Советская ;39/24;Площадь Восстания;
ФСК;developer;https://spb.cian.ru/sale/flat/327078834/?context=4.URcWxNd26zg.zl9gv2oyh3B3cVhJPmNNWIxFkrDrqhPXyNyibhnhX5H5ixM2dMIpLaDvBnUlL2u-XcwA0M8ldwR1JQ&mlSearchSessionGuid=a3cd6718a5962abc2f653259f6a8f554;Санкт-Петербург;sale;flat;5;17;1;34.2;7954065;Невский; Архивная;3к1;Улица Дыбенко;Апарт-комплекс Зум на Неве
ПИА Недвижимость;real_estate_agent;https://spb.cian.ru/sale/flat/334346700/?context=4.w9wm6qm5NFk.0-dPLqueInRMHGMwvuQOPUuy8ODZzw4gKtpI_ceAoz2d2l_hQenjjb_Gfowdi2arw6bqC1R4VGJ1TA&mlSearchSessionGuid=a3cd6718a5962abc2f653259f6a8f554;Санкт-Петербург;sale;flat;17;24;1;30.7;9090000;Приморский; Плесецкая;10;Комендантский проспект;Полис на Комендантском
Мир Квартир Элит;real_estate_agent;https://spb.cian.ru/sale/flat/329755073/?context=4.gpao_1X4vsU.TB1tiIxI-N2NpsL_QhNEvhzmXiWMr859nKALYw8IPeLT-EQdmrlHG8bqGr7VzD0BaiyMc2TZGmcS3g&mlSearchSessionGuid=a3cd6718a5962abc2f653259f6a8f554;Санкт-Петербург;sale;flat;5;7;5;248.5;56900000;Центральный; Некрасова;58;Площадь Восстания;
LEGENDA Development;developer;https://spb.cian.ru/sale/flat/333531670/?context=4.Bfc4vPmDMdA.tNRd5hZBm-wE4Jb_qdbw0JiC_j6zEDSvSnxnCwmZ8LuNBOr2U6kMndNybleW6PLtAWDJ-BcgWvwNRA&mlSearchSessionGuid=a3cd6718a5962abc2f653259f6a8f554;Санкт-Петербург;sale;flat;2;22;2;64.76;28355166;Василеостровский;Морской;;Приморская;ЛЕГЕНДА У МОРЯ
ELEMENT;developer;https://spb.cian.ru/sale/flat/327104313/?context=4.Qx6uElbG70c.XJm17VVz6kuZ4gF0FVkApV_muUn_XANM55_JCv-qy84XUR4QCkfViBSwvOJEieZIGR_QTvbIST0Yiw&mlSearchSessionGuid=a3cd6718a5962abc2f653259f6a8f554;Санкт-Петербург;sale;flat;24;24;3;162.9;193574070;Московский;Алтайская ;39;Московская;Шепилевский
ИнвестКомплекс;official_representative;https://spb.cian.ru/sale/flat/327465863/?context=4.hw-0qe_MvTA.1VpAapBXlIWTDgbFmn9RC9g21JSnEgFJ9WetWUIF--T4zUy89124Nmmx57N-s7RZlkpKNp5sfTyqlA&mlSearchSessionGuid=a3cd6718a5962abc2f653259f6a8f554;Санкт-Петербург;sale;flat;1;4;1;48.3;8800000;Приморский; Новая;51к13;Беговая;
Level Group;developer;https://spb.cian.ru/sale/flat/333732394/?context=4.pouN_N5h09Y.Hw6BPUWL8qJdsOHq7HQszjZZCOIaig3CREXmwaHYsGhMvOy_XK9wEIucU28zRD4NEL3aEWLfYPSxWA&mlSearchSessionGuid=a3cd6718a5962abc2f653259f6a8f554;Санкт-Петербург;sale;flat;2;9;1;37.2;11886402;Калининский;Пискарёвка;;Выборгская;Левел Мечникова
РК-Газсетьсервис;developer;https://spb.cian.ru/sale/flat/332233080/?context=4.bJHs3e2jSc4.HECYuYDiSERAK-ZdRbNamgx6qO3juIfDghtQj7zmifaHxaqFajAatuRsfeTPSpVfqrGFFNa4qIGDmQ&mlSearchSessionGuid=a3cd6718a5962abc2f653259f6a8f554;Санкт-Петербург;sale;flat;6;12;2;42.07;14387940;Приморский;Камышовая ;25;Комендантский проспект;YE'S Primorsky Комплекс Апартаментов
Балтийская Коммерция;real_estate_agent;https://spb.cian.ru/sale/flat/320297298/?context=4.-kbNEbnqr2c.ZXilbsbL7EbWN-1ZXfdvZdkLQffsK5NfpdvH6YZWWQP3sfdYRHqVU52D3ykx-ciVLKW53V_KwEiL4g&mlSearchSessionGuid=a3cd6718a5962abc2f653259f6a8f554;Санкт-Петербург;sale;flat;9;9;3;175.5;77900000;Петроградский; Чапаева;17к2;Петроградская;Мануфактура
АР НУВО;real_estate_agent;https://spb.cian.ru/sale/flat/332601518/?context=4.Czh7D2FumDs.RYWN-zKJUanQTd3iT1tqz--8vaph3qfXaGWctYeweKNpAXwQa_F1sMbPolIEzSdUlZZAcOXAVonQBg&mlSearchSessionGuid=a3cd6718a5962abc2f653259f6a8f554;Санкт-Петербург;sale;flat;2;5;1;34.15;7700000;Московский;Пулковский меридиан;;Московская;Парадный ансамбль
AAG;developer;https://spb.cian.ru/sale/flat/323514188/?context=4.c8FayOyG55o.bIjLpGCsmMw_PGQeW9iWVB7Uku33aO3bEP2OIjq729zzOXJB35PTxQo9A9OA5z8wMG4HkdHqJtXMPg&mlSearchSessionGuid=a3cd6718a5962abc2f653259f6a8f554;Санкт-Петербург;sale;flat;1;7;2;105.9;43500000;Василеостровский;12-я Васильевского острова линия;41к2;Василеостровская;Амо
BARNES International Realty;real_estate_agent;https://spb.cian.ru/sale/flat/333570665/?context=4.RafURD3wssg.I3-hxgXrvLHrY1kgXS3HywUYmzeU7jLESKnmInvvqMtUaBuZXutPmqX3Bn2-NdsbUfHjPu08zC_lsQ&mlSearchSessionGuid=a3cd6718a5962abc2f653259f6a8f554;Санкт-Петербург;sale;flat;5;9;3;105.3;75000000;Петроградский;проезд Петровская коса;6к1;Крестовский остров;Петровская Доминанта
АВЕНТИН;real_estate_agent;https://spb.cian.ru/sale/flat/334066324/?context=4.kCuF8fbf5zM.Qk_dR0Wa-wqvC_LHnDTgwR81pWiCFOBFmPKWRz0oESNHxRHvCS4E3AiwXfhYIQaBu5Bt3Sn1VNEM8Q&mlSearchSessionGuid=a3cd6718a5962abc2f653259f6a8f554;Санкт-Петербург;sale;flat;5;9;1;28.0;6700000;Красногвардейский;Хасанская ;22к1;Проспект Большевиков;
Sun Development;developer;https://spb.cian.ru/sale/flat/334472638/?context=4.Nmv6zwAo-SU.Mdy_a2QIr1miGn-EM3pUfVLFeyunkYCj_o7ZA9OTxt0_QILdlqYeHH6jsAYVGbJhyUNe3Q6dh-SsIQ&mlSearchSessionGuid=a3cd6718a5962abc2f653259f6a8f554;Санкт-Петербург;sale;flat;2;7;3;136.6;51367914;Василеостровский;11-я Васильевского острова линия;56;Василеостровская;Клубный дом Монодом Лайн
A-estate;real_estate_agent;https://spb.cian.ru/sale/flat/331521498/?context=4.xjySzgUKQf4.RKU6B75I_chUfB2b3-rdVx2vUxB5Kseq8WzYwRDXY7g5HdyyfVuShDVuUF-kr9pNs9nudc5C9yQfzw&mlSearchSessionGuid=a3cd6718a5962abc2f653259f6a8f554;Санкт-Петербург;sale;flat;6;9;2;72.5;30990000;Адмиралтейский;набережная Обводного Канала;169;Балтийская;Лермонтовский 54
Яков Ермошкевич;realtor;https://spb.cian.ru/sale/flat/334519442/?context=4._Lc4ivIvq5c.zhTXTahken6EdTZHg8Suit3IFicxAOtgTh06QRcGJZ6XisYG_lrMUjJdBgvH1aj-S-fNetO-mQQFSA&mlSearchSessionGuid=a3cd6718a5962abc2f653259f6a8f554;Санкт-Петербург;sale;flat;4;5;2;42.0;7400000;Красносельский; Летчика Пилютова;13К1;Юго-Западная;
ИП Богачков;real_estate_agent;https://spb.cian.ru/sale/flat/332207823/?context=4.xVdldlMrabE.vRYZ_gJt93mzhb--o1ZsCXet-HeYxWp4fbmkBW7PjnnRa-jTuLJJINr1ClY7jQ_s6UKkkCl3dg4-lw&mlSearchSessionGuid=a3cd6718a5962abc2f653259f6a8f554;Санкт-Петербург;sale;flat;5;6;2;57.38;28690000;Петроградский; Профессора Попова;;Петроградская;ID Petrogradskaya
ПИА Недвижимость;real_estate_agent;https://spb.cian.ru/sale/flat/333475205/?context=4.L6NzGxF_jAE.gGiCqdeV8rhPgvn_B9TRm5S62eS-7v1_SAkDvpiUqPDrs0RbGrCMMA831PiIFtbA0ihqiPC9oSUduw&mlSearchSessionGuid=a3cd6718a5962abc2f653259f6a8f554;Санкт-Петербург;sale;flat;5;9;2;50.1;11200000;Невский;Искровский проспект;26В;Улица Дыбенко;
ID 58387287;real_estate_agent;https://spb.cian.ru/sale/flat/333503194/?context=4.17QKa8OSZUY.pPIDAc8pHftbDeBuNAy7QtpGzJA3lNLUSdBVBDOBGLZ7IFd-oeEAvU2Px7GExxgy0VVXObwi2NAIXA&mlSearchSessionGuid=a3cd6718a5962abc2f653259f6a8f554;Санкт-Петербург;sale;flat;4;9;1;40.0;9180000;Невский; Белышева;8к1Н;Проспект Большевиков;
ГК ФСК;developer;https://spb.cian.ru/sale/flat/334472661/?context=4.rjLbmFvKTC4.bQjo7hHvLNuBLW0Y5-K8nqzQD9gAODGEv6MAt8lWFkuVuJTs68nOLeZBwK6WBxF3IYZzZajAxVezKg&mlSearchSessionGuid=a3cd6718a5962abc2f653259f6a8f554;Санкт-Петербург;sale;flat;3;11;1;36.01;16275799;Выборгский;2-й Муринский проспект;49;Площадь Мужества;Фабула
ПИА Недвижимость;real_estate_agent;https://spb.cian.ru/sale/flat/334584058/?context=4.VnCxj0PYmuU.lVu0Jp72_UrsdmfgEVNvMztQHfwq9GZqruPl-NzKgAG8grRbwdT1BZPHf8GxOrpXrNxTggZsWuMpMw&mlSearchSessionGuid=a3cd6718a5962abc2f653259f6a8f554;Санкт-Петербург;sale;flat;11;17;2;50.0;14100000;Приморский;Туристская ;30к1;Комендантский проспект;ЦДС Юнтоловский
Балтийская Коммерция;real_estate_agent;https://spb.cian.ru/sale/flat/334420054/?context=4.sNmj0WbF-oQ.dNU_8ZrP4Fq4jZzUI2QHLh1fL16UhUB4hsco9jivIyj0B-IoxlOjqk_xZEK0JMD0aauV4vqeq6dj5w&mlSearchSessionGuid=a3cd6718a5962abc2f653259f6a8f554;Санкт-Петербург;sale;flat;8;11;1;35.9;18500000;Петроградский;Вяземский переулок;6;Петроградская;
ELEMENT;developer;https://spb.cian.ru/sale/flat/328054219/?context=4.PLVVJbjDqZY.d6uO8EtuWccpkWRmeBGW36_rwQXtj8AY6v48xb12t3fZmRhCFl67nCskN6IssW-K7cbsyt9E_1poQw&mlSearchSessionGuid=a3cd6718a5962abc2f653259f6a8f554;Санкт-Петербург;sale;flat;8;8;5;180.03;264734115;Петроградский;Ремесленная ;17литЗ;Спортивная;17/33 Петровский остров
ПИА Недвижимость;real_estate_agent;https://spb.cian.ru/sale/flat/333801883/?context=4.eqorRe8C1PQ.dnVvJSZ6RoGUUwvK6kiZHu2WNTKtKIfJtVDtwk60UTvYSEkov5FEF0TL_bMsjldUtGia4-R_6VW_hQ&mlSearchSessionGuid=a3cd6718a5962abc2f653259f6a8f554;Санкт-Петербург;sale;flat;3;13;1;43.0;13990000;1 комн. кв-ра в развитом е!1-комн. квартира;43 м²;;;
Северный модерн;real_estate_agent;https://spb.cian.ru/sale/flat/332749154/?context=4.Txl4eTCBh8A.hO5h0rdJq3WLSl-9PbXXmqCf2YaEwQvNwiyXhdYIlzD3BE_GOzZZBi6OaGQWS95jxj9kDW---PE9mw&mlSearchSessionGuid=a3cd6718a5962abc2f653259f6a8f554;Санкт-Петербург;sale;flat;4;7;5;128.7;25000000;Центральный;9-я Советская ;39/24;Площадь Восстания;
Level Group;developer;https://spb.cian.ru/sale/flat/333636869/?context=4.CWtl4_3bOaY.PsgW26Lu88m5ZHOD_3tDwivmUZCi8BleH5xTAZX0B6F31-3dwBLlRzGuSFj86Iv4HPwMK0oVajtSkA&mlSearchSessionGuid=a3cd6718a5962abc2f653259f6a8f554;Санкт-Петербург;sale;flat;2;9;2;48.8;16579389;Калининский;проспект Мечникова;40Л;Выборгская;Левел Мечникова
ПИА Недвижимость;real_estate_agent;https://spb.cian.ru/sale/flat/334556728/?context=4._-d8M_B8zx0.F13o7rCWcoLs19Sk3lbZGk-VsTIZvNJKNDV8Mh4yI_eboopEFur9qplPavnBt8jWYXh36DC-vpeI0g&mlSearchSessionGuid=a3cd6718a5962abc2f653259f6a8f554;Санкт-Петербург;sale;flat;10;19;1;34.8;10400000;1 комн. кв-ра в развитом е!1-комн. квартира;10/19 этаж;;;
Экотон;real_estate_agent;https://spb.cian.ru/sale/flat/334156987/?context=4.z2MtguU7ylk.3oBsL2qURpKOwDO4J4sSGVbJnK5KiSZjcBFKRZo4L9-5WJbOq6KMANARvcn5i4FbtQOAamPFfSVKrQ&mlSearchSessionGuid=a3cd6718a5962abc2f653259f6a8f554;Санкт-Петербург;sale;flat;2;5;4;48.3;8800000;Кировский;бульвар Новаторов;20;Ленинский проспект;
ФСК;developer;https://spb.cian.ru/sale/flat/327078834/?context=4.ykjhFIMFyZo.9lltiNpMvFaZ9n1Rw6AlKWYgBJgR2mhCaDBofVNlAou4RjykIB4D33La8OBtv73_BSdjDSsRtcQl0A&mlSearchSessionGuid=a3cd6718a5962abc2f653259f6a8f554;Санкт-Петербург;sale;flat;5;17;1;34.2;7954065;Невский; Архивная;3к1;Улица Дыбенко;Апарт-комплекс Зум на Неве
ПИА Недвижимость;real_estate_agent;https://spb.cian.ru/sale/flat/334346700/?context=4.3IxMPaK5Ma4.e74wIWc-VCWcKJFdE6xPvTvuqMbWuihVCt2iBcX8EKa7AwSOxdMx8bzEVk1EgsUN4nYdTsDmKIniaw&mlSearchSessionGuid=a3cd6718a5962abc2f653259f6a8f554;Санкт-Петербург;sale;flat;17;24;1;30.7;9090000;Приморский; Плесецкая;10;Комендантский проспект;Полис на Комендантском
Мир Квартир Элит;real_estate_agent;https://spb.cian.ru/sale/flat/329755073/?context=4.1zM4QYNRnK8.kcyWm40Q9RzNaX33eYXLzrVrVTDk06zODh-wWtKj13PM8ptKL31vF_m8o0plW7vSCvULJA0k9qnlVA&mlSearchSessionGuid=a3cd6718a5962abc2f653259f6a8f554;Санкт-Петербург;sale;flat;5;7;5;248.5;56900000;Центральный; Некрасова;58;Площадь Восстания;
LEGENDA Development;developer;https://spb.cian.ru/sale/flat/333531670/?context=4.LTZDoxQ50c8.WokB0POfOYohs-gV4iS0rVlwJ2U-W14vw0ucho8veeRy4d6ucZjYwtPAaf9Z_0RCG_PJZioyxK5gdQ&mlSearchSessionGuid=a3cd6718a5962abc2f653259f6a8f554;Санкт-Петербург;sale;flat;2;22;2;64.76;28355166;Василеостровский;Морской;;Приморская;ЛЕГЕНДА У МОРЯ
ELEMENT;developer;https://spb.cian.ru/sale/flat/327104313/?context=4.bo1TQcJVf44.-xE8vrmUIhap6cQN-Eqv8rCSyxsFIlmIhr6d7fwGWJ3-1Y_yI0nLPRIgAjPTMDsqoraoyI3OkPiwJA&mlSearchSessionGuid=a3cd6718a5962abc2f653259f6a8f554;Санкт-Петербург;sale;flat;24;24;3;162.9;193574070;Московский;Алтайская ;39;Московская;Шепилевский
ИнвестКомплекс;official_representative;https://spb.cian.ru/sale/flat/327465863/?context=4.VmKV6c7lZjQ.bCBBF1HDIyPAJLe_3YnIPM21lS68Kt4Ga62gFVofu4p_RHqiRmdGgY_g39S0WEN8rqQQ9kfY1FXz6w&mlSearchSessionGuid=a3cd6718a5962abc2f653259f6a8f554;Санкт-Петербург;sale;flat;1;4;1;48.3;8800000;Приморский; Новая;51к13;Беговая;
Level Group;developer;https://spb.cian.ru/sale/flat/333732394/?context=4.huvvU-opxdk.sudH9q8I2FwxEnAzJ7HaepBFjcy62f_yPskS2sf-nB6eZIijEAoTBzRMj9ob76T8Sget2N9WG6Pytg&mlSearchSessionGuid=a3cd6718a5962abc2f653259f6a8f554;Санкт-Петербург;sale;flat;2;9;1;37.2;11886402;Калининский;Пискарёвка;;Выборгская;Левел Мечникова
РК-Газсетьсервис;developer;https://spb.cian.ru/sale/flat/332233080/?context=4.lEyE9Aod1Ps.Ma-FPv2lNmw8OvdAe_nbzC0cFxbNAJDHsDj0MuMxENahrA1elNRLEATzQc1euG_EJRNyPugZO1hPyA&mlSearchSessionGuid=a3cd6718a5962abc2f653259f6a8f554;Санкт-Петербург;sale;flat;6;12;2;42.07;14387940;Приморский;Камышовая ;25;Комендантский проспект;YE'S Primorsky Комплекс Апартаментов
Балтийская Коммерция;real_estate_agent;https://spb.cian.ru/sale/flat/320297298/?context=4.vaS-5_iky_M.MDSUpHOTYuSYMEHbDXDQYpOya1tSxbsTEPCA_ZGZKxqxHOqRjTMF5jqN_9TPE3ydCGH4S5ynYllSgA&mlSearchSessionGuid=a3cd6718a5962abc2f653259f6a8f554;Санкт-Петербург;sale;flat;9;9;3;175.5;77900000;Петроградский; Чапаева;17к2;Петроградская;Мануфактура
АР НУВО;real_estate_agent;https://spb.cian.ru/sale/flat/332601518/?context=4.SYIwiogE1cc.iVu5H7KSC8AEbjx_dnWWvVFnR9abIQu3DAB5oIMH5bPyZp7LvIQVaGoeHf5mcuQiH8a7-oBI7Y4eIQ&mlSearchSessionGuid=a3cd6718a5962abc2f653259f6a8f554;Санкт-Петербург;sale;flat;2;5;1;34.15;7700000;Московский;Пулковский меридиан;;Московская;Парадный ансамбль
AAG;developer;https://spb.cian.ru/sale/flat/323514188/?context=4.qEyMgKW1voo.pq9rqS1ZpeDENbu7BHNTGQRBnF9OumLJQAiBubIi4-H6xKOi7Svwjzlj-fun8JDFfLB6k_Sam44DUw&mlSearchSessionGuid=a3cd6718a5962abc2f653259f6a8f554;Санкт-Петербург;sale;flat;1;7;2;105.9;43500000;Василеостровский;12-я Васильевского острова линия;41к2;Василеостровская;Амо
BARNES International Realty;real_estate_agent;https://spb.cian.ru/sale/flat/333570665/?context=4.lqfJI7WAonM.aAIKoDIU5HYv1vGFdFK8L3a7OdHzJdxsMP8dksdIvt7SkV3FtuF03L27pPUHYYMFF5bEfLKlJuO78A&mlSearchSessionGuid=a3cd6718a5962abc2f653259f6a8f554;Санкт-Петербург;sale;flat;5;9;3;105.3;75000000;Петроградский;проезд Петровская коса;6к1;Крестовский остров;Петровская Доминанта
АВЕНТИН;real_estate_agent;https://spb.cian.ru/sale/flat/334066324/?context=4.CtisQCyoeow.IgNdNozv1-3e4ue3ZycRFmGiz6U7gBXbn9X-r6AT5mytrlS9S_uDOEQteu4q7iziU2I3xD1vNkPUDA&mlSearchSessionGuid=a3cd6718a5962abc2f653259f6a8f554;Санкт-Петербург;sale;flat;5;9;1;28.0;6700000;Красногвардейский;Хасанская ;22к1;Проспект Большевиков;
Sun Development;developer;https://spb.cian.ru/sale/flat/334472638/?context=4.muqzWQsq224.p0LuAk9slRyPfYC2igisB2et3NYtTziOtSOLE9OsnKUdTKbOIJ3_tiPl6Q2fzsSaiEpbiFs1dtZ7XA&mlSearchSessionGuid=a3cd6718a5962abc2f653259f6a8f554;Санкт-Петербург;sale;flat;2;7;3;136.6;51367914;Василеостровский;11-я Васильевского острова линия;56;Василеостровская;Клубный дом Монодом Лайн
A-estate;real_estate_agent;https://spb.cian.ru/sale/flat/331521498/?context=4.slAyIv0T2bo.49lxTbpA7rVhvX8Ak9Ao0fYLAdPbdgcI3Su_0Ww3i_HEZQWbxy3RY9ooYEQVJJDQQLyO2M-Wus9mYA&mlSearchSessionGuid=a3cd6718a5962abc2f653259f6a8f554;Санкт-Петербург;sale;flat;6;9;2;72.5;30990000;Адмиралтейский;набережная Обводного Канала;169;Балтийская;Лермонтовский 54
Яков Ермошкевич;realtor;https://spb.cian.ru/sale/flat/334519442/?context=4.bL94WVwa3g8.LRPu18LHXzNoy2y29MVi43UjxstqEwqbUCAhaE-urJdrZPDAxj4Hy_Bta-f0Ayiip1cjD1_KKOIsMg&mlSearchSessionGuid=a3cd6718a5962abc2f653259f6a8f554;Санкт-Петербург;sale;flat;4;5;2;42.0;7400000;Красносельский; Летчика Пилютова;13К1;Юго-Западная;
ИП Богачков;real_estate_agent;https://spb.cian.ru/sale/flat/332207823/?context=4.Qp7nqebGP5E.sRa8Uk24LovQnZ2-RZ2z0g37V6aZrZdhUWdU_9hntOiv5N3hreLhgxuTAAYEYiyxx3cC6K2FcLHqAQ&mlSearchSessionGuid=a3cd6718a5962abc2f653259f6a8f554;Санкт-Петербург;sale;flat;5;6;2;57.38;28690000;Петроградский; Профессора Попова;;Петроградская;ID Petrogradskaya
ПИА Недвижимость;real_estate_agent;https://spb.cian.ru/sale/flat/333475205/?context=4.mul00gzoBJE.R9YWu2jgkBMec_dx9e3afx-hDlf1cZqOhMj_2LmxOInkBNZIY0uaR6w0syJhzbRK2rfykSWzeQksgQ&mlSearchSessionGuid=a3cd6718a5962abc2f653259f6a8f554;Санкт-Петербург;sale;flat;5;9;2;50.1;11200000;Невский;Искровский проспект;26В;Улица Дыбенко;
ID 58387287;real_estate_agent;https://spb.cian.ru/sale/flat/333503194/?context=4.cV8V8aKqA-w.OECdeRttJN8KFkYB2B5na8hZoYUJVvfJdxUDNlxPFvtMpbLe6RmomWwfemKHiJwoaJd1hbyHIHRNQQ&mlSearchSessionGuid=a3cd6718a5962abc2f653259f6a8f554;Санкт-Петербург;sale;flat;4;9;1;40.0;9180000;Невский; Белышева;8к1Н;Проспект Большевиков;
ГК ФСК;developer;https://spb.cian.ru/sale/flat/334472661/?context=4.ZGCzYrCQFSU.tepyeBG0dN5PfyeA5GIJJKK6vGpGGJzqkUHScdednF4GkpdGxDfnmANhw6vDUDL9YPbAc8rAnwZpiw&mlSearchSessionGuid=a3cd6718a5962abc2f653259f6a8f554;Санкт-Петербург;sale;flat;3;11;1;36.01;16275799;Выборгский;2-й Муринский проспект;49;Площадь Мужества;Фабула
ПИА Недвижимость;real_estate_agent;https://spb.cian.ru/sale/flat/334584058/?context=4.LKse2cZnJqY.F_WICW9QpqTfalXlUBzvleYrzhRWYLF-ULRYwl_aoKbE2fWeXh7kM99LEAZQIzwB28zoxK_SbLkuoA&mlSearchSessionGuid=a3cd6718a5962abc2f653259f6a8f554;Санкт-Петербург;sale;flat;11;17;2;50.0;14100000;Приморский;Туристская ;30к1;Комендантский проспект;ЦДС Юнтоловский
Балтийская Коммерция;real_estate_agent;https://spb.cian.ru/sale/flat/334420054/?context=4.CR_dEo-LyJM.SoCH6toFkJPLA26BpBh_qaWSj0urEa2w7FkSpcTGquZPopMaiL2RYc8QT23nyCqi5K7CpDMp7ADqqg&mlSearchSessionGuid=a3cd6718a5962abc2f653259f6a8f554;Санкт-Петербург;sale;flat;8;11;1;35.9;18500000;Петроградский;Вяземский переулок;6;Петроградская;
ELEMENT;developer;https://spb.cian.ru/sale/flat/328054219/?context=4.-aVqppkBbpg.puoKjUjz7iwQqyaRuL2-r7xZer6u58pOpVnIpazMHnGS8z0sOItxLevE50GSScYxZ24XFb4Ty1Gumw&mlSearchSessionGuid=a3cd6718a5962abc2f653259f6a8f554;Санкт-Петербург;sale;flat;8;8;5;180.03;264734115;Петроградский;Ремесленная ;17литЗ;Спортивная;17/33 Петровский остров
ПИА Недвижимость;real_estate_agent;https://spb.cian.ru/sale/flat/333801883/?context=4.DjOMlpeVtAc.M4bs4JJEMdJnyy_7zjebWb1n711znXKRd9lE4TphASaaPMbVsh5jdoS4A_UzF7BkAcXdc-hcWZK0XQ&mlSearchSessionGuid=a3cd6718a5962abc2f653259f6a8f554;Санкт-Петербург;sale;flat;3;13;1;43.0;13990000;1 комн. кв-ра в развитом е!1-комн. квартира;43 м²;;;
Северный модерн;real_estate_agent;https://spb.cian.ru/sale/flat/332749154/?context=4.nM8RJ-IPKH8.PGIWB0aExaWc6LXqEnv90kpOnFdBj0_HKnqje02cqKIXm-DOSPd6FLCNHARCNT5zN3kaHiX5l_2Pgg&mlSearchSessionGuid=a3cd6718a5962abc2f653259f6a8f554;Санкт-Петербург;sale;flat;4;7;5;128.7;25000000;Центральный;9-я Советская ;39/24;Площадь Восстания;
Level Group;developer;https://spb.cian.ru/sale/flat/333636869/?context=4.ulUYap0s5ZQ.EwFFO-_Egb10k3-WpIczminZIEiJNplrLoMGxmOeyGhDTiVKg07BkieG2Q2e8di3yIioqRn-SeVQyQ&mlSearchSessionGuid=a3cd6718a5962abc2f653259f6a8f554;Санкт-Петербург;sale;flat;2;9;2;48.8;16579389;Калининский;проспект Мечникова;40Л;Выборгская;Левел Мечникова
ПИА Недвижимость;real_estate_agent;https://spb.cian.ru/sale/flat/334556728/?context=4.Lo5gdIsuDfw.-F8QYBSUv2rQBzRlrRSc3vBDqD1Iq6Kfy3oi2M7PxdGLDHaGc9gkVsivwR3eJFBM2mwE5Kn5W6IIqg&mlSearchSessionGuid=a3cd6718a5962abc2f653259f6a8f554;Санкт-Петербург;sale;flat;10;19;1;34.8;10400000;1 комн. кв-ра в развитом е!1-комн. квартира;10/19 этаж;;;
Экотон;real_estate_agent;https://spb.cian.ru/sale/flat/334156987/?context=4.0K9263JtQ_c.ti-YECn81uTXPMm7Yh1L4cG0MiJ8ovsS21_HZXek7eHmmQE2VQ3s0PB-MMAchnAnzyOWyvDazGT2SQ&mlSearchSessionGuid=a3cd6718a5962abc2f653259f6a8f554;Санкт-Петербург;sale;flat;2;5;4;48.3;8800000;Кировский;бульвар Новаторов;20;Ленинский проспект;
ФСК;developer;https://spb.cian.ru/sale/flat/327078834/?context=4.2x6HNTZeZiU.6crx_abPbuujDlRHpM3fBVcM-o3SvRYAJ53eAmY4gQuXKt-9PkI0aewu1yy9yhn_tz8uvDi3XL3NfQ&mlSearchSessionGuid=a3cd6718a5962abc2f653259f6a8f554;Санкт-Петербург;sale;flat;5;17;1;34.2;7954065;Невский; Архивная;3к1;Улица Дыбенко;Апарт-комплекс Зум на Неве
ПИА Недвижимость;real_estate_agent;https://spb.cian.ru/sale/flat/334346700/?context=4.j4bRAyNfgKg.7JQH1nxHXKMYzvlz08HVTYH_dcXnNS1ik1k00LFzGU6BWdII3IvgtyIh4XiNBbCB4VlwK38d_b9znA&mlSearchSessionGuid=a3cd6718a5962abc2f653259f6a8f554;Санкт-Петербург;sale;flat;17;24;1;30.7;9090000;Приморский; Плесецкая;10;Комендантский проспект;Полис на Комендантском
Мир Квартир Элит;real_estate_agent;https://spb.cian.ru/sale/flat/329755073/?context=4.A5-2S9YnC3U.3AfKjSpUkgv5dwN5vQA_pHBNNvjBoP4-o-Ku_RUCAYHcjXId3OWeNhJBZeVKtc9cynzn4iejaKvqiw&mlSearchSessionGuid=a3cd6718a5962abc2f653259f6a8f554;Санкт-Петербург;sale;flat;5;7;5;248.5;56900000;Центральный; Некрасова;58;Площадь Восстания;
LEGENDA Development;developer;https://spb.cian.ru/sale/flat/333531670/?context=4.snNxsuMjvgg.JwjO3B6Z9QeXUXm7NUFQdKRO2boCwLP06JkHRGA89QgSGReaHsNzv-o2WGjD5pmGY3HHAMqSSWaurQ&mlSearchSessionGuid=a3cd6718a5962abc2f653259f6a8f554;Санкт-Петербург;sale;flat;2;22;2;64.76;28355166;Василеостровский;Морской;;Приморская;ЛЕГЕНДА У МОРЯ
ELEMENT;developer;https://spb.cian.ru/sale/flat/327104313/?context=4.1O-MVTzTARQ.0heUUb8iSQ7tiN_ZlzL1WcQVhYgoolUL-OH0HGEszc-qJFnPmz-IQ15TSfsXJmXQdAgXrCPJIE_nVw&mlSearchSessionGuid=a3cd6718a5962abc2f653259f6a8f554;Санкт-Петербург;sale;flat;24;24;3;162.9;193574070;Московский;Алтайская ;39;Московская;Шепилевский
ИнвестКомплекс;official_representative;https://spb.cian.ru/sale/flat/327465863/?context=4.qn3bq9sICJ4.RZDxWo_BCDuXnsqcXhuiBFOLs4hHA7fUb_IenkdZwkb-3gVwoo0v0Hw_vmPG_muFrTbAQ0SU593UOQ&mlSearchSessionGuid=a3cd6718a5962abc2f653259f6a8f554;Санкт-Петербург;sale;flat;1;4;1;48.3;8800000;Приморский; Новая;51к13;Беговая;
Level Group;developer;https://spb.cian.ru/sale/flat/333732394/?context=4.8UFwI7p4BjM.A9mGAAFRqSy-Hu03v0Prbw5EkX3OTStv0hlrLFEtlu-LZ3BC7sLWofuAPhaeKA7qijo4thpFZowA2Q&mlSearchSessionGuid=a3cd6718a5962abc2f653259f6a8f554;Санкт-Петербург;sale;flat;2;9;1;37.2;11886402;Калининский;Пискарёвка;;Выборгская;Левел Мечникова
РК-Газсетьсервис;developer;https://spb.cian.ru/sale/flat/332233080/?context=4.hd4hYMY9nfI.lj0YW5nPHiuUzUHLr7_rmxpGTlc645f7VG1lED-90xhU4PXsELj0WRStXlN0xfagSZWWHxmwuip_jg&mlSearchSessionGuid=a3cd6718a5962abc2f653259f6a8f554;Санкт-Петербург;sale;flat;6;12;2;42.07;14387940;Приморский;Камышовая ;25;Комендантский проспект;YE'S Primorsky Комплекс Апартаментов
Балтийская Коммерция;real_estate_agent;https://spb.cian.ru/sale/flat/320297298/?context=4.j0W0UVm4ymw.cB41GpNkWgO1PDkqUqLVglmq-fLlIQCFkCBPEuI7q-esgJCwpQInuI9GBx0Tpur5Gy2XzuF2FVMuww&mlSearchSessionGuid=a3cd6718a5962abc2f653259f6a8f554;Санкт-Петербург;sale;flat;9;9;3;175.5;77900000;Петроградский; Чапаева;17к2;Петроградская;Мануфактура
АР НУВО;real_estate_agent;https://spb.cian.ru/sale/flat/332601518/?context=4.G2NLM07vgAM.d2SBCxR7UZbsetTgFL2P31HckHjRuPJLdj87trhLAJD7kbHOjyGYKF9nri55HZx7NaDNLYwYJf76fA&mlSearchSessionGuid=a3cd6718a5962abc2f653259f6a8f554;Санкт-Петербург;sale;flat;2;5;1;34.15;7700000;Московский;Пулковский меридиан;;Московская;Парадный ансамбль
AAG;developer;https://spb.cian.ru/sale/flat/323514188/?context=4.cCN47Hkjnkc.peUFNcRdFEi5nexcAbFgd1eEfNv8soSjzBI317NxBQt0OCd7c8cothmnFZKHyDGyXi3Tx3VMynMp2g&mlSearchSessionGuid=a3cd6718a5962abc2f653259f6a8f554;Санкт-Петербург;sale;flat;1;7;2;105.9;43500000;Василеостровский;12-я Васильевского острова линия;41к2;Василеостровская;Амо
BARNES International Realty;real_estate_agent;https://spb.cian.ru/sale/flat/333570665/?context=4.-j7MribUWjU.cXFxtqiYVgLAETmItYT5nshzPipInmvJV-tRho8Sf3CQ2JXKpe7Q9jhVBEmHt99YuUV8yHXZKsh6Vg&mlSearchSessionGuid=a3cd6718a5962abc2f653259f6a8f554;Санкт-Петербург;sale;flat;5;9;3;105.3;75000000;Петроградский;проезд Петровская коса;6к1;Крестовский остров;Петровская Доминанта
АВЕНТИН;real_estate_agent;https://spb.cian.ru/sale/flat/334066324/?context=4.LB5UUJFU7_4.qKhRhMTu4Y06CgXJqTdMolRZ0HJfLlHP2otg9y4P0Db4bvgipa2nbF1FvRC6e2n4zRKzxDw87hwMlA&mlSearchSessionGuid=a3cd6718a5962abc2f653259f6a8f554;Санкт-Петербург;sale;flat;5;9;1;28.0;6700000;Красногвардейский;Хасанская ;22к1;Проспект Большевиков;
Sun Development;developer;https://spb.cian.ru/sale/flat/334472638/?context=4.7POINY0vNKk.bB55aE8vc0Z1O7PWWjyg-e7pSna3gi3ScqjHuqSQKYmdk3WKvKrDV-UqHOz_G7oRxyZV0T0dKuDb9w&mlSearchSessionGuid=a3cd6718a5962abc2f653259f6a8f554;Санкт-Петербург;sale;flat;2;7;3;136.6;51367914;Василеостровский;11-я Васильевского острова линия;56;Василеостровская;Клубный дом Монодом Лайн
A-estate;real_estate_agent;https://spb.cian.ru/sale/flat/331521498/?context=4.NxGZlZVb1hM.f9EcVnbxhzU-rK7EH6zaskEbjZbs_dYXZGe7G25MyNPq0VGfoIjf0ceS4IdKA6A4HEgj2f0yoR07Vg&mlSearchSessionGuid=a3cd6718a5962abc2f653259f6a8f554;Санкт-Петербург;sale;flat;6;9;2;72.5;30990000;Адмиралтейский;набережная Обводного Канала;169;Балтийская;Лермонтовский 54
Яков Ермошкевич;realtor;https://spb.cian.ru/sale/flat/334519442/?context=4.EGvxwP1E0eQ.4L3icY0EA7oRZwQ-A7LLN4t75ndpWXX9bjoVmA9B4ZghXDeW0kiZ9VRmqvg5yB7_G5KDaM4hHhGQWA&mlSearchSessionGuid=a3cd6718a5962abc2f653259f6a8f554;Санкт-Петербург;sale;flat;4;5;2;42.0;7400000;Красносельский; Летчика Пилютова;13К1;Юго-Западная;
ИП Богачков;real_estate_agent;https://spb.cian.ru/sale/flat/332207823/?context=4.uKemdGtFFag.v0iyXaINdN76zc82ocxRpM_NA-cuoVIrSUNzpglvNJzeYu-S4_aetCIjPBgOC9UZB00KXKqRsQIHmA&mlSearchSessionGuid=a3cd6718a5962abc2f653259f6a8f554;Санкт-Петербург;sale;flat;5;6;2;57.38;28690000;Петроградский; Профессора Попова;;Петроградская;ID Petrogradskaya
ПИА Недвижимость;real_estate_agent;https://spb.cian.ru/sale/flat/333475205/?context=4.pLUT8EC5j98.rSCRmjaA-4TgRiKhflQDcOUduE_G-kWw7VEQtzIbA90GeObX2aqPkBmg4rKrtuxndeMDk9ceV2jj2w&mlSearchSessionGuid=a3cd6718a5962abc2f653259f6a8f554;Санкт-Петербург;sale;flat;5;9;2;50.1;11200000;Невский;Искровский проспект;26В;Улица Дыбенко;
ID 58387287;real_estate_agent;https://spb.cian.ru/sale/flat/333503194/?context=4.77VGitBhfgU.TqUL9p00KH9EdZdrkSGFe0PN8yxinQx1no8jg27bPrtMzJxjllEQnj-j0ZCwwTd3CZkVaO2v09jB5Q&mlSearchSessionGuid=a3cd6718a5962abc2f653259f6a8f554;Санкт-Петербург;sale;flat;4;9;1;40.0;9180000;Невский; Белышева;8к1Н;Проспект Большевиков;
ГК ФСК;developer;https://spb.cian.ru/sale/flat/334472661/?context=4.xe0a9gxZ0Ck.Kqnv6VE7eeSYR-slCE3PWDGZ5kUeIK9jKoRUcyPPnp4eHcuBRV7M01574pJUQb8r05shCLG831_0zQ&mlSearchSessionGuid=a3cd6718a5962abc2f653259f6a8f554;Санкт-Петербург;sale;flat;3;11;1;36.01;16275799;Выборгский;2-й Муринский проспект;49;Площадь Мужества;Фабула
ПИА Недвижимость;real_estate_agent;https://spb.cian.ru/sale/flat/334584058/?context=4.ZJjoZUK4ow0.2IcY0C07y_U-crlJPAzOxRJJIYNJOqnFVWLKzZxPtgVFiyiksWCXxa5g5FYW9sKDDSGniZ1YP9ocxg&mlSearchSessionGuid=a3cd6718a5962abc2f653259f6a8f554;Санкт-Петербург;sale;flat;11;17;2;50.0;14100000;Приморский;Туристская ;30к1;Комендантский проспект;ЦДС Юнтоловский
Балтийская Коммерция;real_estate_agent;https://spb.cian.ru/sale/flat/334420054/?context=4.2UgA2nJz_JI.Trl74LJeltB99vXU3vg3Ewsq8sIcZMfn16R3qjs4Aryen378Z4-H6MnZA6Bckf_s_7aqmW-iY7VeFg&mlSearchSessionGuid=a3cd6718a5962abc2f653259f6a8f554;Санкт-Петербург;sale;flat;8;11;1;35.9;18500000;Петроградский;Вяземский переулок;6;Петроградская;
ELEMENT;developer;https://spb.cian.ru/sale/flat/328054219/?context=4.C-9XFzN8-Ns.LLdJG7OH_rIz2Ta6cS7lYoA409YGP7A7tpDIV8n_L4G8adjfhLzDvtvIxtIoTjD97M_pJhrgspzCOA&mlSearchSessionGuid=a3cd6718a5962abc2f653259f6a8f554;Санкт-Петербург;sale;flat;8;8;5;180.03;264734115;Петроградский;Ремесленная ;17литЗ;Спортивная;17/33 Петровский остров
ПИА Недвижимость;real_estate_agent;https://spb.cian.ru/sale/flat/333801883/?context=4.l6NBYgEJ64I.8wNAPbEpjOsXwRvi-VQqlk0Q0Lee-fJhUb55VR06EldLXEvtzMZUsA68_80phR-eNQkfYv1AD-Bhjw&mlSearchSessionGuid=a3cd6718a5962abc2f653259f6a8f554;Санкт-Петербург;sale;flat;3;13;1;43.0;13990000;1 комн. кв-ра в развитом е!1-комн. квартира;43 м²;;;
Северный модерн;real_estate_agent;https://spb.cian.ru/sale/flat/332749154/?context=4.Gy4eCLv7GWo.ncn9H2zUc9n2MDVLikcdoXZMB21ywRJ_z0Y8F4V1VCLNc0V4-1oLgZgvmRRgSaYY6Y9VToUAMmNyvA&mlSearchSessionGuid=a3cd6718a5962abc2f653259f6a8f554;Санкт-Петербург;sale;flat;4;7;5;128.7;25000000;Центральный;9-я Советская ;39/24;Площадь Восстания;
Level Group;developer;https://spb.cian.ru/sale/flat/333636869/?context=4.bY65apfkoCY.vJYsmX2fTGK_G-WRa7wXctSPiZw4RHclXiZB4mzTjvCKwl5KlHWUmqa_q7M3X5IVsRtyH2RJF4H7jw&mlSearchSessionGuid=a3cd6718a5962abc2f653259f6a8f554;Санкт-Петербург;sale;flat;2;9;2;48.8;16579389;Калининский;проспект Мечникова;40Л;Выборгская;Левел Мечникова
ПИА Недвижимость;real_estate_agent;https://spb.cian.ru/sale/flat/334556728/?context=4.9iqx8f9iISw.1jGp1I-qX7z10ZYq6gIIKk6SR0gWXYvf8SX_npOW5cK0kGMY379H8n0cjn6r_LKPBrY6obc8JzF8SQ&mlSearchSessionGuid=a3cd6718a5962abc2f653259f6a8f554;Санкт-Петербург;sale;flat;10;19;1;34.8;10400000;1 комн. кв-ра в развитом е!1-комн. квартира;10/19 этаж;;;
Экотон;real_estate_agent;https://spb.cian.ru/sale/flat/334156987/?context=4.9i6yaeeBgrc.kChPUZaW6qTSFOf0dQwdbEOXMdIFQhPC8fVu75AuWzr-2Swh_cTScnqfg0kWCuOfN9QBQnKBHisLFg&mlSearchSessionGuid=a3cd6718a5962abc2f653259f6a8f554;Санкт-Петербург;sale;flat;2;5;4;48.3;8800000;Кировский;бульвар Новаторов;20;Ленинский проспект;
ФСК;developer;https://spb.cian.ru/sale/flat/327078834/?context=4.Z9QAv_F91r4.j3418TRy--oQ9gYztyAuzCw6aLpFiWlTjW5QLre1geirwhWP132gGuAIFbGJHw4IVHvcq4LYAkmNZA&mlSearchSessionGuid=a3cd6718a5962abc2f653259f6a8f554;Санкт-Петербург;sale;flat;5;17;1;34.2;7954065;Невский; Архивная;3к1;Улица Дыбенко;Апарт-комплекс Зум на Неве
ПИА Недвижимость;real_estate_agent;https://spb.cian.ru/sale/flat/334346700/?context=4.uT8mNxsXcCY.XPxJLHUXDQkb9WPHjxgkFcndEbMtl6ZNvCDsc61mTrUg0WGpzDBHMojBO6NRwXj40mYfQ-z4Q_4XsA&mlSearchSessionGuid=a3cd6718a5962abc2f653259f6a8f554;Санкт-Петербург;sale;flat;17;24;1;30.7;9090000;Приморский; Плесецкая;10;Комендантский проспект;Полис на Комендантском
Мир Квартир Элит;real_estate_agent;https://spb.cian.ru/sale/flat/329755073/?context=4.XaPDlklh8_g.MPFW0D48mBwL1rocnxRen-Q0EGuPDnzlVyLKQ8qLLuzNce_OBfAX01YF6HbuU3c38HSP6HVcOVCW4g&mlSearchSessionGuid=a3cd6718a5962abc2f653259f6a8f554;Санкт-Петербург;sale;flat;5;7;5;248.5;56900000;Центральный; Некрасова;58;Площадь Восстания;
LEGENDA Development;developer;https://spb.cian.ru/sale/flat/333531670/?context=4.lOmOmn5XGik.W7XRcbF7iqeeoK50JwVnDj5HlciPnbzBStMkS9BF-ECVVX2aCABZ-tG-7U6qfvztGgysvEytunNVIQ&mlSearchSessionGuid=a3cd6718a5962abc2f653259f6a8f554;Санкт-Петербург;sale;flat;2;22;2;64.76;28355166;Василеостровский;Морской;;Приморская;ЛЕГЕНДА У МОРЯ
ELEMENT;developer;https://spb.cian.ru/sale/flat/327104313/?context=4.7cEqqEL-YBI.MMvZoUqPe2bUuufH4BggASeW7MPsDVdcao5X9eB6Wd0QVkjhFfBt7CP681WoCBRTmk-RRj0DOxdqMA&mlSearchSessionGuid=a3cd6718a5962abc2f653259f6a8f554;Санкт-Петербург;sale;flat;24;24;3;162.9;193574070;Московский;Алтайская ;39;Московская;Шепилевский
ИнвестКомплекс;official_representative;https://spb.cian.ru/sale/flat/327465863/?context=4.BCQjrvsaLzs.7fWO811rOlYmv49q35THpp4KCSfBPwQqrDr5goOA526euoKEs2dV-XT4jRO6BS-1DoiY1IAjrIqgfQ&mlSearchSessionGuid=a3cd6718a5962abc2f653259f6a8f554;Санкт-Петербург;sale;flat;1;4;1;48.3;8800000;Приморский; Новая;51к13;Беговая;
Level Group;developer;https://spb.cian.ru/sale/flat/333732394/?context=4.6upKX9rRUG0.VPpcmTpHtpOZUYT3S4z4hJsyflTFvmWIPDBLDfsWo1X-lcI1CqOnurl4mSsxUUhWRmBErMkdJxX1Hg&mlSearchSessionGuid=a3cd6718a5962abc2f653259f6a8f554;Санкт-Петербург;sale;flat;2;9;1;37.2;11886402;Калининский;Пискарёвка;;Выборгская;Левел Мечникова
РК-Газсетьсервис;developer;https://spb.cian.ru/sale/flat/332233080/?context=4.m3hxVeevJWE.0oF7yAXpX4a0MVVnujJF692LKguPpdptmORqw8OIK4yp57mt5I3DrL0n-wOitBFM_fMIgAPMWfY3cw&mlSearchSessionGuid=a3cd6718a5962abc2f653259f6a8f554;Санкт-Петербург;sale;flat;6;12;2;42.07;14387940;Приморский;Камышовая ;25;Комендантский проспект;YE'S Primorsky Комплекс Апартаментов
Балтийская Коммерция;real_estate_agent;https://spb.cian.ru/sale/flat/320297298/?context=4.fe-_VNckt-o.vITlvnfrh18zGnDogE4IQD2Ew42OCO2_MhGzHpC7J9MtQNtAbuRVr_-sQgpgWs8TPzpKp90CmuvDHQ&mlSearchSessionGuid=a3cd6718a5962abc2f653259f6a8f554;Санкт-Петербург;sale;flat;9;9;3;175.5;77900000;Петроградский; Чапаева;17к2;Петроградская;Мануфактура
АР НУВО;real_estate_agent;https://spb.cian.ru/sale/flat/332601518/?context=4.OV8YwhvSV9M.eV_N72wIdOETnZHwd15_Ez-aTp6Tt3EhDUMfNtr6Zj0eo6-NaaFux4hICIoT2EPxGEir48XdEk4uIg&mlSearchSessionGuid=a3cd6718a5962abc2f653259f6a8f554;Санкт-Петербург;sale;flat;2;5;1;34.15;7700000;Московский;Пулковский меридиан;;Московская;Парадный ансамбль
AAG;developer;https://spb.cian.ru/sale/flat/323514188/?context=4.xyYC8CSOqmo.c3bnjipq_KGwpnaEL5lXx2YXLwP9HwyCFAR413hdBLGLpwc3cg36ng4lyQo6JpxRL4Vg397eyoWpHA&mlSearchSessionGuid=a3cd6718a5962abc2f653259f6a8f554;Санкт-Петербург;sale;flat;1;7;2;105.9;43500000;Василеостровский;12-я Васильевского острова линия;41к2;Василеостровская;Амо
BARNES International Realty;real_estate_agent;https://spb.cian.ru/sale/flat/333570665/?context=4.hp92qzrUdmM.RhvsNnRqkYU31P51Hzv2_NH8nfsqHb83Zs7mbA0Bbb3TrUq6VDSrhLsO6098F3RBfEMTHYciqod6EQ&mlSearchSessionGuid=a3cd6718a5962abc2f653259f6a8f554;Санкт-Петербург;sale;flat;5;9;3;105.3;75000000;Петроградский;проезд Петровская коса;6к1;Крестовский остров;Петровская Доминанта
АВЕНТИН;real_estate_agent;https://spb.cian.ru/sale/flat/334066324/?context=4.MOqTiY0a_v4.B8OxZXZ96R7Ah6UUipOSwyhnlQYb6AOQh0ObTsqiFYFNvLrc-AUFopWQt_H1Ngmp0J-OnGFlmVxjJg&mlSearchSessionGuid=a3cd6718a5962abc2f653259f6a8f554;Санкт-Петербург;sale;flat;5;9;1;28.0;6700000;Красногвардейский;Хасанская ;22к1;Проспект Большевиков;
Sun Development;developer;https://spb.cian.ru/sale/flat/334472638/?context=4.wyLH_3CdRrA.nDoGJWIBdOgsOShnlEt0wFmZHARsn7dA6_2WQUDWXcZPagQSO8sgFJoZUVz-L9nrB_X4MBMvTGBM5A&mlSearchSessionGuid=a3cd6718a5962abc2f653259f6a8f554;Санкт-Петербург;sale;flat;2;7;3;136.6;51367914;Василеостровский;11-я Васильевского острова линия;56;Василеостровская;Клубный дом Монодом Лайн
A-estate;real_estate_agent;https://spb.cian.ru/sale/flat/331521498/?context=4.5SJ0LmeLFz8.5kb8RmdBjmPsigL2n_6J00WwcfMTaYUCZXdfEp_bHXGviquN5D3JzwV0xYPyK2SvBy3-3237lsRvXQ&mlSearchSessionGuid=a3cd6718a5962abc2f653259f6a8f554;Санкт-Петербург;sale;flat;6;9;2;72.5;30990000;Адмиралтейский;набережная Обводного Канала;169;Балтийская;Лермонтовский 54
Яков Ермошкевич;realtor;https://spb.cian.ru/sale/flat/334519442/?context=4.0GZY_cNRdeo.92ZD3c2pX7sOYS8bebkBsZM0rH5dm01ifzEcYJVpXSP7bG_QI06xyu9FPnFY9SUduRp92mXl6mgMfg&mlSearchSessionGuid=a3cd6718a5962abc2f653259f6a8f554;Санкт-Петербург;sale;flat;4;5;2;42.0;7400000;Красносельский; Летчика Пилютова;13К1;Юго-Западная;
ИП Богачков;real_estate_agent;https://spb.cian.ru/sale/flat/332207823/?context=4.Iyk12cRx3jc.MXOK3iwIdAPlyoKNXBh7RAJoguU_chT9xpQGkYG6t9xaeGTKOnXPs11BlVKOOBTw1gxPZTdM6nW3TA&mlSearchSessionGuid=a3cd6718a5962abc2f653259f6a8f554;Санкт-Петербург;sale;flat;5;6;2;57.38;28690000;Петроградский; Профессора Попова;;Петроградская;ID Petrogradskaya
ПИА Недвижимость;real_estate_agent;https://spb.cian.ru/sale/flat/333475205/?context=4.MNFqi2_WJKQ.OoroQ9EBGBf0o7Wuanp0i4xgC5Uh6_81GSprxAba1JrYCxFYG3x4oH-Q2u8CvUmAWxwxS3raN7ZzoA&mlSearchSessionGuid=a3cd6718a5962abc2f653259f6a8f554;Санкт-Петербург;sale;flat;5;9;2;50.1;11200000;Невский;Искровский проспект;26В;Улица Дыбенко;
ID 58387287;real_estate_agent;https://spb.cian.ru/sale/flat/333503194/?context=4.n6_ie9Tpd28.FXnjz1kHxZlmFLiAAKKf0Zpdi_h2azy88PkaF66-70CnZ8As7peGZt9SWeXIPTT2TO3xrfuRtqviZQ&mlSearchSessionGuid=a3cd6718a5962abc2f653259f6a8f554;Санкт-Петербург;sale;flat;4;9;1;40.0;9180000;Невский; Белышева;8к1Н;Проспект Большевиков;
ГК ФСК;developer;https://spb.cian.ru/sale/flat/334472661/?context=4.W1kcpASA-NU.O22VDjVdtw6qPj9zTsVPFwIvdmjsO_EofrJf161e4qDeNsERybYhuvn5ECjrcOSqGfewVTVLcLk1aA&mlSearchSessionGuid=a3cd6718a5962abc2f653259f6a8f554;Санкт-Петербург;sale;flat;3;11;1;36.01;16275799;Выборгский;2-й Муринский проспект;49;Площадь Мужества;Фабула
ПИА Недвижимость;real_estate_agent;https://spb.cian.ru/sale/flat/334584058/?context=4.jlyS7d3jkW8.FvFPXLKtd-PibgDtfBuGgpN1vOJkqUUc69u1E96hQuBHQNcs_VjQY6Vb36_RP2LQjwQiSHFP4epJZQ&mlSearchSessionGuid=a3cd6718a5962abc2f653259f6a8f554;Санкт-Петербург;sale;flat;11;17;2;50.0;14100000;Приморский;Туристская ;30к1;Комендантский проспект;ЦДС Юнтоловский
Балтийская Коммерция;real_estate_agent;https://spb.cian.ru/sale/flat/334420054/?context=4.w6rDU_kdnj4.EhNOF3XlGI1TaxHw_1A3X8A0rc22PEN9HoMrL9R5z4wCvtFyrzdnbyrQ1qwCrsp68G385j6_TtqjUQ&mlSearchSessionGuid=a3cd6718a5962abc2f653259f6a8f554;Санкт-Петербург;sale;flat;8;11;1;35.9;18500000;Петроградский;Вяземский переулок;6;Петроградская;
ELEMENT;developer;https://spb.cian.ru/sale/flat/328054219/?context=4.UqSFI8ei9wI.Qj2XfRrdgbS0iRpj2KEKEJ_54J5IHps_Fc4wtucH-XzFQwarDFkM-g_Hl5oOkCTdcjtMDV_XQpRF6g&mlSearchSessionGuid=a3cd6718a5962abc2f653259f6a8f554;Санкт-Петербург;sale;flat;8;8;5;180.03;264734115;Петроградский;Ремесленная ;17литЗ;Спортивная;17/33 Петровский остров
ПИА Недвижимость;real_estate_agent;https://spb.cian.ru/sale/flat/333801883/?context=4.oxJGFkp3y6A.3Q62aI-X20-fnwQXzAZcSA0gpqkvPatxHSqs6h5O5_X1pAnolT2mBEYXLJUTbLZzet0wQpJ3v4C6DQ&mlSearchSessionGuid=a3cd6718a5962abc2f653259f6a8f554;Санкт-Петербург;sale;flat;3;13;1;43.0;13990000;1 комн. кв-ра в развитом е!1-комн. квартира;43 м²;;;
Северный модерн;real_estate_agent;https://spb.cian.ru/sale/flat/332749154/?context=4.16MY9tC_MAE.LU0b00V1ORbo4GkiMLBy3161qfsqVkrMLSqZVLAN6T3Vx4kZprEriVbvk9ocHta0GSckhqeD21vNmw&mlSearchSessionGuid=a3cd6718a5962abc2f653259f6a8f554;Санкт-Петербург;sale;flat;4;7;5;128.7;25000000;Центральный;9-я Советская ;39/24;Площадь Восстания;
Level Group;developer;https://spb.cian.ru/sale/flat/333636869/?context=4.M9s6GiN6xbM.YysxHftPJPX8sgUvQQk3HV9wdrfsTGWGld81IB0t7HTv1NCxstlr7jpB26EYw2vg0xymmMKHDmjpbw&mlSearchSessionGuid=a3cd6718a5962abc2f653259f6a8f554;Санкт-Петербург;sale;flat;2;9;2;48.8;16579389;Калининский;проспект Мечникова;40Л;Выборгская;Левел Мечникова
ПИА Недвижимость;real_estate_agent;https://spb.cian.ru/sale/flat/334556728/?context=4.II3faKcfLrg.MT7gJf-2zTlt6XPq8V3nzsj7nV66rByQcvdRXM8HgXvYYpTaKqvDFuyGcXGLR89ySTHL5CLPjSS4Ew&mlSearchSessionGuid=a3cd6718a5962abc2f653259f6a8f554;Санкт-Петербург;sale;flat;10;19;1;34.8;10400000;1 комн. кв-ра в развитом е!1-комн. квартира;10/19 этаж;;;
Экотон;real_estate_agent;https://spb.cian.ru/sale/flat/334156987/?context=4._mHTa_5g4PY.JPXPlHLsBA2M3nftDG9yp-mS806_7uOBooiFM4uUClXqREqfspGDc8KbFH6FQ076C628gNUYfefrnw&mlSearchSessionGuid=a3cd6718a5962abc2f653259f6a8f554;Санкт-Петербург;sale;flat;2;5;4;48.3;8800000;Кировский;бульвар Новаторов;20;Ленинский проспект;
ФСК;developer;https://spb.cian.ru/sale/flat/327078834/?context=4.DUhqI9bDZWs.xjNbyXDDcUEtwW2m2TrIF6wwSqoYyHlkG7wkCLMgrIa__fkNCLbwf2g26BBDNGx9D6MNzoYnEemaBA&mlSearchSessionGuid=a3cd6718a5962abc2f653259f6a8f554;Санкт-Петербург;sale;flat;5;17;1;34.2;7954065;Невский; Архивная;3к1;Улица Дыбенко;Апарт-комплекс Зум на Неве
ПИА Недвижимость;real_estate_agent;https://spb.cian.ru/sale/flat/334346700/?context=4.PavreM6a5I0.sp6e_qquATr92TQg1TQS_XBIHcC5_CPochmE5lpeSgZ4O5K1yzvk6wsIOXe4a4dwJwB8v-XeQXhTfw&mlSearchSessionGuid=a3cd6718a5962abc2f653259f6a8f554;Санкт-Петербург;sale;flat;17;24;1;30.7;9090000;Приморский; Плесецкая;10;Комендантский проспект;Полис на Комендантском
Мир Квартир Элит;real_estate_agent;https://spb.cian.ru/sale/flat/329755073/?context=4.t2UgkaYlivQ.5cura5PZ3qGEc7zs5UpCU-yNmKcj-T17oDv4n4qSwtaI-MhbJWTejGbfOAdByitvONbDWyBoZyjYmA&mlSearchSessionGuid=a3cd6718a5962abc2f653259f6a8f554;Санкт-Петербург;sale;flat;5;7;5;248.5;56900000;Центральный; Некрасова;58;Площадь Восстания;
LEGENDA Development;developer;https://spb.cian.ru/sale/flat/333531670/?context=4.PFQRhGtzbzE.xTRUE0zhFg8XoZB6_yRCiEQIiikHOBdHKHv50MLL79T_0u_xsf8p2E7GFJCIlAf2NL2_aEXKR4qz-A&mlSearchSessionGuid=a3cd6718a5962abc2f653259f6a8f554;Санкт-Петербург;sale;flat;2;22;2;64.76;28355166;Василеостровский;Морской;;Приморская;ЛЕГЕНДА У МОРЯ
ELEMENT;developer;https://spb.cian.ru/sale/flat/327104313/?context=4.ETINc1RZoO4.FRKIcs9qAJpwumTsROp3FX-TWQSw3eAFouRuFttByXsOELBfsxP3a6iTq_f3Bmuafvt04fpIpiO59w&mlSearchSessionGuid=a3cd6718a5962abc2f653259f6a8f554;Санкт-Петербург;sale;flat;24;24;3;162.9;193574070;Московский;Алтайская ;39;Московская;Шепилевский
ИнвестКомплекс;official_representative;https://spb.cian.ru/sale/flat/327465863/?context=4.WgovCt88Xhc.GVZSWUh9RMnBTlWMC-BrvdhFIykiIiwIis7FrZNQ44RKQhBnKQiqb9LhdMMwN0GO5LMldi00RZKJWA&mlSearchSessionGuid=a3cd6718a5962abc2f653259f6a8f554;Санкт-Петербург;sale;flat;1;4;1;48.3;8800000;Приморский; Новая;51к13;Беговая;
Level Group;developer;https://spb.cian.ru/sale/flat/333732394/?context=4.GD61GmnzOL8.qvkEY5-a3fVCt_KI_mh4m59Iemqz1r1VLKmJ_y4n4gavOylZcF-fdpouHlwITkcLZAkL_xnINipMSA&mlSearchSessionGuid=a3cd6718a5962abc2f653259f6a8f554;Санкт-Петербург;sale;flat;2;9;1;37.2;11886402;Калининский;Пискарёвка;;Выборгская;Левел Мечникова
РК-Газсетьсервис;developer;https://spb.cian.ru/sale/flat/332233080/?context=4.g9ezAwNzk-w.dGw3msmNpHlxxoFVy0jcTl_rnmwcCwrs9f3n6Q91p8FGTxfroKztsyfmnyJmTSKm10essi-ZZCMNQg&mlSearchSessionGuid=a3cd6718a5962abc2f653259f6a8f554;Санкт-Петербург;sale;flat;6;12;2;42.07;14387940;Приморский;Камышовая ;25;Комендантский проспект;YE'S Primorsky Комплекс Апартаментов
Балтийская Коммерция;real_estate_agent;https://spb.cian.ru/sale/flat/320297298/?context=4.Z8GLEBIvNsA.Pc5u_7Z4de9egiImgwNKh1wBTdzw7Q5tmdevtw1Fq9daE1hlUioE2U3qcLd7BTx4UaMPUPBMdxi0BQ&mlSearchSessionGuid=a3cd6718a5962abc2f653259f6a8f554;Санкт-Петербург;sale;flat;9;9;3;175.5;77900000;Петроградский; Чапаева;17к2;Петроградская;Мануфактура
АР НУВО;real_estate_agent;https://spb.cian.ru/sale/flat/332601518/?context=4._fwtZGNliJ0.-0I068IowRFAqER4C2NGDcyHbjvi1RBai7riR1QxEK-nrTMe8rOUWBea8eUiZrPXHET_DBwhuHT-vw&mlSearchSessionGuid=a3cd6718a5962abc2f653259f6a8f554;Санкт-Петербург;sale;flat;2;5;1;34.15;7700000;Московский;Пулковский меридиан;;Московская;Парадный ансамбль
AAG;developer;https://spb.cian.ru/sale/flat/323514188/?context=4.dNofcW2sCXI.SJILq5JtoyAObtO3E9jmYStgREU1Abz3vnhH2KvKw75CMOOWmhUNs8vzUFeVFvSb9BrpuDBipiMvdw&mlSearchSessionGuid=a3cd6718a5962abc2f653259f6a8f554;Санкт-Петербург;sale;flat;1;7;2;105.9;43500000;Василеостровский;12-я Васильевского острова линия;41к2;Василеостровская;Амо
BARNES International Realty;real_estate_agent;https://spb.cian.ru/sale/flat/333570665/?context=4.tGlzePJD-TA.QPQJnNb-z8TZ_GRqWaG09ByAv60hoJM6QlKbzec916W6OhkCBbDqk2twRKyM_QX0y-tX8kFqPKQjBg&mlSearchSessionGuid=a3cd6718a5962abc2f653259f6a8f554;Санкт-Петербург;sale;flat;5;9;3;105.3;75000000;Петроградский;проезд Петровская коса;6к1;Крестовский остров;Петровская Доминанта
АВЕНТИН;real_estate_agent;https://spb.cian.ru/sale/flat/334066324/?context=4.kTAw-eaNchY.eCTVy64j9sm01D_YkxGcApTrlaH_VB2jMGYBDd_md94dwvI8m1K6uYXcttLbry9mrtQvUQaC3iawxg&mlSearchSessionGuid=a3cd6718a5962abc2f653259f6a8f554;Санкт-Петербург;sale;flat;5;9;1;28.0;6700000;Красногвардейский;Хасанская ;22к1;Проспект Большевиков;
Sun Development;developer;https://spb.cian.ru/sale/flat/334472638/?context=4.2A0qGhuuIEc.-PtV9S1dtsLSReAYlf6kXBZGmJrMaeONRLmdhZ09n2fp3QZGizIuWE_48POndBtRNSUvOM-MKHHBIw&mlSearchSessionGuid=a3cd6718a5962abc2f653259f6a8f554;Санкт-Петербург;sale;flat;2;7;3;136.6;51367914;Василеостровский;11-я Васильевского острова линия;56;Василеостровская;Клубный дом Монодом Лайн
A-estate;real_estate_agent;https://spb.cian.ru/sale/flat/331521498/?context=4.AthQwBh_lEc.5-fPg9WgfMtDrzJb0IdUK6kTejKYWIoJfMbkZaSfCHnRUgBlJrMFoQjKzycKc5rqxjLj2dIoRAUs9w&mlSearchSessionGuid=a3cd6718a5962abc2f653259f6a8f554;Санкт-Петербург;sale;flat;6;9;2;72.5;30990000;Адмиралтейский;набережная Обводного Канала;169;Балтийская;Лермонтовский 54
Яков Ермошкевич;realtor;https://spb.cian.ru/sale/flat/334519442/?context=4.uBN6wif0nZU.NeCls4aS2sVXVTmifVlDLtfTH1wisCVNhMm8VilJGUiY8Cp7K1AvoGJEKWmRHgoLlyt71MpZ68Vtvg&mlSearchSessionGuid=a3cd6718a5962abc2f653259f6a8f554;Санкт-Петербург;sale;flat;4;5;2;42.0;7400000;Красносельский; Летчика Пилютова;13К1;Юго-Западная;
ИП Богачков;real_estate_agent;https://spb.cian.ru/sale/flat/332207823/?context=4.zeo-4SMVd3g.43sbRc5_4darN7rMVFlSvrQ6j6UOFXajyIPK58v-XD3IAQ1ZektUObOONQbsUBCmq9jkj-kxYAJN4Q&mlSearchSessionGuid=a3cd6718a5962abc2f653259f6a8f554;Санкт-Петербург;sale;flat;5;6;2;57.38;28690000;Петроградский; Профессора Попова;;Петроградская;ID Petrogradskaya
ПИА Недвижимость;real_estate_agent;https://spb.cian.ru/sale/flat/333475205/?context=4.zibTrS4OxjE.Hr97HhHOJ7j0BIG2vk-ZJoO-103x83si6iZHeEtbAk8Mc3TxzavogADfhKsgPduE7TPhEBGdXDFFqQ&mlSearchSessionGuid=a3cd6718a5962abc2f653259f6a8f554;Санкт-Петербург;sale;flat;5;9;2;50.1;11200000;Невский;Искровский проспект;26В;Улица Дыбенко;
ID 58387287;real_estate_agent;https://spb.cian.ru/sale/flat/333503194/?context=4.CSgbVzo9T7k.WP0wfp8Y13SDGV4STGqdaCvTQxtDwjQodDl8AekHGu9c9iMMGPk6N9LnCGn_4OTKAL_4vsRheF6z6w&mlSearchSessionGuid=a3cd6718a5962abc2f653259f6a8f554;Санкт-Петербург;sale;flat;4;9;1;40.0;9180000;Невский; Белышева;8к1Н;Проспект Большевиков;
ГК ФСК;developer;https://spb.cian.ru/sale/flat/334472661/?context=4.gj4yOxfPqoI.GT-nR0XuyLvgvOaZeZhAIBncz0NYGJLOeunS69BSdwkVw7DwII12Bjvhq7RBKgIrFaKWK8Cc8ITKGg&mlSearchSessionGuid=a3cd6718a5962abc2f653259f6a8f554;Санкт-Петербург;sale;flat;3;11;1;36.01;16275799;Выборгский;2-й Муринский проспект;49;Площадь Мужества;Фабула
ПИА Недвижимость;real_estate_agent;https://spb.cian.ru/sale/flat/334584058/?context=4.8eri5CTKTAk.pyNVQIq6cOknxUpS_x5vXnjuWF1gAfFOuYOytsZnfc6sd_MwvrdpY6rt0QMF1K8vB1lwSq4KteciuA&mlSearchSessionGuid=a3cd6718a5962abc2f653259f6a8f554;Санкт-Петербург;sale;flat;11;17;2;50.0;14100000;Приморский;Туристская ;30к1;Комендантский проспект;ЦДС Юнтоловский
Экотон;real_estate_agent;https://spb.cian.ru/sale/flat/334156987/?context=4.EI4Fl_fkkZ4.dXSpJFgtnsQd5ZU7zLuTC2MwGYhv3dyP_V8VImHwnpPLWo1UqTvTwWK1ZFtBymSfxqHrm0A1BDd1Sw&mlSearchSessionGuid=a3cd6718a5962abc2f653259f6a8f554;Санкт-Петербург;sale;flat;2;5;4;48.3;8800000;Кировский;бульвар Новаторов;20;Ленинский проспект;
ELEMENT;developer;https://spb.cian.ru/sale/flat/328054219/?context=4.o4dPpC53H70.xdggV5qM6bxOz4Ypc8VQhaCf29r_NcTRC0fBHodL-Sm7J_xW7C00XqVCbIiZKb7xoz8Jz2d-znNDtQ&mlSearchSessionGuid=a3cd6718a5962abc2f653259f6a8f554;Санкт-Петербург;sale;flat;8;8;5;180.03;264734115;Петроградский;Ремесленная ;17литЗ;Спортивная;17/33 Петровский остров
ПИА Недвижимость;real_estate_agent;https://spb.cian.ru/sale/flat/333801883/?context=4.fLE8htbL4ko.dd0kQjZdHtQI5GKtSorg8a9JQ046sgp9Qtva7I_C2JuCyyifRGoASeyDmIlEqgZUhRcDk7uCXksQxQ&mlSearchSessionGuid=a3cd6718a5962abc2f653259f6a8f554;Санкт-Петербург;sale;flat;3;13;1;43.0;13990000;1 комн. кв-ра в развитом е!1-комн. квартира;43 м²;;;
Балтийская Коммерция;real_estate_agent;https://spb.cian.ru/sale/flat/334420054/?context=4.iC6LlODYzrk.kd8UaQl5s7MHrET_WQnucYGLVrxMCBwoyFn0oGOV5lwGd43ZDiN6AEAMZKqwrW6ifSyGdFilJH64Yw&mlSearchSessionGuid=a3cd6718a5962abc2f653259f6a8f554;Санкт-Петербург;sale;flat;8;11;1;35.9;18500000;Петроградский;Вяземский переулок;6;Петроградская;
Level Group;developer;https://spb.cian.ru/sale/flat/333636869/?context=4.0rsaIRBW6qo.6e5pySpAL72AIPZsZRbe8HWnp0UuKoxl6GsJ0c7vFU4ZauSXV14PoZvGTlUFIXPN2Uo2NbvZfYl0bA&mlSearchSessionGuid=a3cd6718a5962abc2f653259f6a8f554;Санкт-Петербург;sale;flat;2;9;2;48.8;16579389;Калининский;проспект Мечникова;40Л;Выборгская;Левел Мечникова
ПИА Недвижимость;real_estate_agent;https://spb.cian.ru/sale/flat/334556728/?context=4.hU89hqguxMM.rpeKLfKWqVSb5naG1Fkwf7DqW2vUSpPZNI-r2O6fWzgMn0L8C2GpmvBDSTtCx6RtJ4o1DVWYJ0VRGg&mlSearchSessionGuid=a3cd6718a5962abc2f653259f6a8f554;Санкт-Петербург;sale;flat;10;19;1;34.8;10400000;1 комн. кв-ра в развитом е!1-комн. квартира;10/19 этаж;;;
Северный модерн;real_estate_agent;https://spb.cian.ru/sale/flat/332749154/?context=4.o59ba888lCA.OEdHKb7cd4D8D8QsjZbQPOvO9202GTJ2X2fkrB77oGXLp67_1oQDCRipYtlHMhWVQkWnnJ63Wjdnzw&mlSearchSessionGuid=a3cd6718a5962abc2f653259f6a8f554;Санкт-Петербург;sale;flat;4;7;5;128.7;25000000;Центральный;9-я Советская ;39/24;Площадь Восстания;
ФСК;developer;https://spb.cian.ru/sale/flat/327078834/?context=4.fvbzfmSqGy4.3Tm9g50p8dFB6wVRTfgrrIBLzqGf094Rnkngt8RC5HSquNwcDyX6WQAmJkS8kLhvWwYUKQuRdqaCOA&mlSearchSessionGuid=a3cd6718a5962abc2f653259f6a8f554;Санкт-Петербург;sale;flat;5;17;1;34.2;7954065;Невский; Архивная;3к1;Улица Дыбенко;Апарт-комплекс Зум на Неве
ПИА Недвижимость;real_estate_agent;https://spb.cian.ru/sale/flat/334346700/?context=4.dUEqCwPyO6E.cT-3ZPivoBKjYfbP-SbinWQoOE3G6UA9TLLN8i8CV9pcYmvBgBF2SlvF4q47Qdpntf-qes7rOK_rPA&mlSearchSessionGuid=a3cd6718a5962abc2f653259f6a8f554;Санкт-Петербург;sale;flat;17;24;1;30.7;9090000;Приморский; Плесецкая;10;Комендантский проспект;Полис на Комендантском
Мир Квартир Элит;real_estate_agent;https://spb.cian.ru/sale/flat/329755073/?context=4.Pj1-rkiJkA8.C0PQgI_gHhybez-12U0VQfykhRSFIGQ3INskwOZ3ms-ddvMtoQG8GPRlW9c1-v9gjyQ7TNZZln5Zdg&mlSearchSessionGuid=a3cd6718a5962abc2f653259f6a8f554;Санкт-Петербург;sale;flat;5;7;5;248.5;56900000;Центральный; Некрасова;58;Площадь Восстания;
LEGENDA Development;developer;https://spb.cian.ru/sale/flat/333531670/?context=4.CFLWtv4jH5Q.ASxZ7Z0YJS-5xEJLJSYA52csSG-v439U9-eMOtHEUh4ea7EAPmPZa3DSLcNZg2nnuNMmswp5YaOW1g&mlSearchSessionGuid=a3cd6718a5962abc2f653259f6a8f554;Санкт-Петербург;sale;flat;2;22;2;64.76;28355166;Василеостровский;Морской;;Приморская;ЛЕГЕНДА У МОРЯ
ELEMENT;developer;https://spb.cian.ru/sale/flat/327104313/?context=4.6aIa88ZQKMc.Z9tV8LC_bkqes1irf-aIeStUYbNFkKhyUimuPRbYfgDA6-B-oniE9sbge3sQQRHnnJN0s7mZTKj_5g&mlSearchSessionGuid=a3cd6718a5962abc2f653259f6a8f554;Санкт-Петербург;sale;flat;24;24;3;162.9;193574070;Московский;Алтайская ;39;Московская;Шепилевский
ИнвестКомплекс;official_representative;https://spb.cian.ru/sale/flat/327465863/?context=4.DrMw0SsrJeI.d2o-PeqHWbE-rpnOhA9QsIUL8twOyyTj-4znwarXg-OYBPilPJsRMvm4SCLGXVtj8hmq1m8PdegQGw&mlSearchSessionGuid=a3cd6718a5962abc2f653259f6a8f554;Санкт-Петербург;sale;flat;1;4;1;48.3;8800000;Приморский; Новая;51к13;Беговая;
Level Group;developer;https://spb.cian.ru/sale/flat/333732394/?context=4.LqMI1e7CElw.TLNZOngJA8Lv9Wtl7d7k_hwIeQHfZE9wkHB0iwRB3iPoNwhNue0KaodtTWQpBLsopkPVWmSObcg3Fw&mlSearchSessionGuid=a3cd6718a5962abc2f653259f6a8f554;Санкт-Петербург;sale;flat;2;9;1;37.2;11886402;Калининский;Пискарёвка;;Выборгская;Левел Мечникова
РК-Газсетьсервис;developer;https://spb.cian.ru/sale/flat/332233080/?context=4.G78JKYr9Prk.fd_oEjFIfOioRRPh-hEI6f3ulOw_9Fj-kZF45apcShvA4jeTKnTyvxsOC9oLMC3XW4xqNHBeEk2wCw&mlSearchSessionGuid=a3cd6718a5962abc2f653259f6a8f554;Санкт-Петербург;sale;flat;6;12;2;42.07;14387940;Приморский;Камышовая ;25;Комендантский проспект;YE'S Primorsky Комплекс Апартаментов
Балтийская Коммерция;real_estate_agent;https://spb.cian.ru/sale/flat/320297298/?context=4.kgpVk8gkml8.VDmVCCVQlYMC2Ze4YuA-KpIaF6fdImIOUbDuG4tvAjswfGK-34JRp_hJ8JEWigQVGg1vAit48iFj4A&mlSearchSessionGuid=a3cd6718a5962abc2f653259f6a8f554;Санкт-Петербург;sale;flat;9;9;3;175.5;77900000;Петроградский; Чапаева;17к2;Петроградская;Мануфактура
АР НУВО;real_estate_agent;https://spb.cian.ru/sale/flat/332601518/?context=4._q3rv0XTXRU.E5bddZBVOG8mKEuK4IW-aFaCZkGYSS7UDGZDN9nSqNGLKVGH5Sp5k-nAsXxzNLjM37LiIxDWrVv3Qg&mlSearchSessionGuid=a3cd6718a5962abc2f653259f6a8f554;Санкт-Петербург;sale;flat;2;5;1;34.15;7700000;Московский;Пулковский меридиан;;Московская;Парадный ансамбль
AAG;developer;https://spb.cian.ru/sale/flat/323514188/?context=4.AcY7M5gVGSQ.jecmaeS376D-JIrhNrq7aWnWW_r6HluBdXMXzVxBRQB7lZeKLQzTc-jaG3jo-Awh9PDBPvw1xSlp8Q&mlSearchSessionGuid=a3cd6718a5962abc2f653259f6a8f554;Санкт-Петербург;sale;flat;1;7;2;105.9;43500000;Василеостровский;12-я Васильевского острова линия;41к2;Василеостровская;Амо
BARNES International Realty;real_estate_agent;https://spb.cian.ru/sale/flat/333570665/?context=4.nluM1YIovrY.x48-tZiUtWb27RdRqXF34o7jeqDyLGC9Yfc2_BXEh0SOokUdZ7nWu61zEIOylmbE_Bv-wCXoA7VLwA&mlSearchSessionGuid=a3cd6718a5962abc2f653259f6a8f554;Санкт-Петербург;sale;flat;5;9;3;105.3;75000000;Петроградский;проезд Петровская коса;6к1;Крестовский остров;Петровская Доминанта
АВЕНТИН;real_estate_agent;https://spb.cian.ru/sale/flat/334066324/?context=4.wUCqi_QLo54.1RUkWCnYlcfpV1h-N0sTNVkJwwn9uQwnckmIQtExjvWDSGcR68nuA4T6qsrZMzgnuI7XJSKksjgwwA&mlSearchSessionGuid=a3cd6718a5962abc2f653259f6a8f554;Санкт-Петербург;sale;flat;5;9;1;28.0;6700000;Красногвардейский;Хасанская ;22к1;Проспект Большевиков;
Sun Development;developer;https://spb.cian.ru/sale/flat/334472638/?context=4.3ndk6GGNWmg.ncGFTIvY-I_jA-nSw1qtdddQtoSVsRxc5EprXz8WK9o75aXx3Zvq4hDNZnN--HIp8mjh9d4va38aHw&mlSearchSessionGuid=a3cd6718a5962abc2f653259f6a8f554;Санкт-Петербург;sale;flat;2;7;3;136.6;51367914;Василеостровский;11-я Васильевского острова линия;56;Василеостровская;Клубный дом Монодом Лайн
A-estate;real_estate_agent;https://spb.cian.ru/sale/flat/331521498/?context=4.7aSJsDI-Hj0.2ltP58TuRIi6ga6ZpImHOMnpfjLXcnKbAZ0WgzDt2GYlsx8wfPNv6blsAQQbkrkBJpT2qf8JWw1VTw&mlSearchSessionGuid=a3cd6718a5962abc2f653259f6a8f554;Санкт-Петербург;sale;flat;6;9;2;72.5;30990000;Адмиралтейский;набережная Обводного Канала;169;Балтийская;Лермонтовский 54
Яков Ермошкевич;realtor;https://spb.cian.ru/sale/flat/334519442/?context=4.X_-caq4l7aQ.QOhxmtAJtAob0N43L35LRHKYfTN371KsMopcdkfMm2-ipQSCd97PnjIsZazmpnR4ZpetnzNYFQhsdA&mlSearchSessionGuid=a3cd6718a5962abc2f653259f6a8f554;Санкт-Петербург;sale;flat;4;5;2;42.0;7400000;Красносельский; Летчика Пилютова;13К1;Юго-Западная;
ИП Богачков;real_estate_agent;https://spb.cian.ru/sale/flat/332207823/?context=4.wwmB88bh9Fc.l-CMD-HajLsjEUhWH830ZsgJub0GiuF3jl2jnHPhg01v_zDeuZjlGQrNqbGSWBxrI9uA1C5BiXrR5A&mlSearchSessionGuid=a3cd6718a5962abc2f653259f6a8f554;Санкт-Петербург;sale;flat;5;6;2;57.38;28690000;Петроградский; Профессора Попова;;Петроградская;ID Petrogradskaya
ПИА Недвижимость;real_estate_agent;https://spb.cian.ru/sale/flat/333475205/?context=4.4cqh4PW3tEA.UJG1EDoEgyCXY1Ndm13IOI9KF0_Qndz67HuyDPb3qKOME9jgRdGWQaAJawWyLlTW0t5wISWTArZ1Mw&mlSearchSessionGuid=a3cd6718a5962abc2f653259f6a8f554;Санкт-Петербург;sale;flat;5;9;2;50.1;11200000;Невский;Искровский проспект;26В;Улица Дыбенко;
ID 58387287;real_estate_agent;https://spb.cian.ru/sale/flat/333503194/?context=4.Z3AwvJcxbIE.VvrxFOnabmfwgRQsN3Crh5fA-NVSwUC1sNnnhgfJtibzx2zveghZX_d3VrTxcGVxiAE7fZrohDzLwQ&mlSearchSessionGuid=a3cd6718a5962abc2f653259f6a8f554;Санкт-Петербург;sale;flat;4;9;1;40.0;9180000;Невский; Белышева;8к1Н;Проспект Большевиков;
ГК ФСК;developer;https://spb.cian.ru/sale/flat/334472661/?context=4.vlFXDRbCZzk.Q8mnlV86Zt-gN6AWxMRtXL0hoIIPmXQRrC-vaRmXqq0T9LNpT6eD424-DF9glhHkAdw9IQss1u2Vfg&mlSearchSessionGuid=a3cd6718a5962abc2f653259f6a8f554;Санкт-Петербург;sale;flat;3;11;1;36.01;16275799;Выборгский;2-й Муринский проспект;49;Площадь Мужества;Фабула
ПИА Недвижимость;real_estate_agent;https://spb.cian.ru/sale/flat/334584058/?context=4.8dLKBxgfXUk.0aCmru46dsMPtkkLtfAOI8quyJZpYCidMMdo_NSTQZHAoenaIQlpanB5rMXeHz8yeo4oi_dIkbt2GQ&mlSearchSessionGuid=a3cd6718a5962abc2f653259f6a8f554;Санкт-Петербург;sale;flat;11;17;2;50.0;14100000;Приморский;Туристская ;30к1;Комендантский проспект;ЦДС Юнтоловский
Экотон;real_estate_agent;https://spb.cian.ru/sale/flat/334156987/?context=4.mc3MUrHDbow.SDOIbjdPaJSDbZHFXzKn3lTmlWliTPe16O9Cu0xVksxok1EHfw1LxSmSCRtLrIPKC07Egb-2DMgXbQ&mlSearchSessionGuid=a3cd6718a5962abc2f653259f6a8f554;Санкт-Петербург;sale;flat;2;5;4;48.3;8800000;Кировский;бульвар Новаторов;20;Ленинский проспект;
ELEMENT;developer;https://spb.cian.ru/sale/flat/328054219/?context=4.-Xgx34HbkWs.1l4aIJXfwH7m8t80fIn7S1fjQOC649u6UCzam5uaOnXathKxcu37dKysdhXK-isbhtRA_mZY87stRw&mlSearchSessionGuid=a3cd6718a5962abc2f653259f6a8f554;Санкт-Петербург;sale;flat;8;8;5;180.03;264734115;Петроградский;Ремесленная ;17литЗ;Спортивная;17/33 Петровский остров
ПИА Недвижимость;real_estate_agent;https://spb.cian.ru/sale/flat/333801883/?context=4.Z1T18u3EZTg.Nimiiaf_K7v4EY_QMjVv2fEB-aqq9pZS6F9tgLMjO0ploaYK7pVazkq9AS_R9iF-zPr5GyYVanZ3Mg&mlSearchSessionGuid=a3cd6718a5962abc2f653259f6a8f554;Санкт-Петербург;sale;flat;3;13;1;43.0;13990000;1 комн. кв-ра в развитом е!1-комн. квартира;43 м²;;;
Балтийская Коммерция;real_estate_agent;https://spb.cian.ru/sale/flat/334420054/?context=4.KiOvHW3LxuM.1woOcuXZj2JlO9KDlEaNHatGJ4Dv7jh42F3KnbzBBTHokXyCPwz8V7SkDiuukA7vHm2yQmA-NN1paQ&mlSearchSessionGuid=a3cd6718a5962abc2f653259f6a8f554;Санкт-Петербург;sale;flat;8;11;1;35.9;18500000;Петроградский;Вяземский переулок;6;Петроградская;
Level Group;developer;https://spb.cian.ru/sale/flat/333636869/?context=4.PPSVncovd64._p6Ciu0eTkJ1UYj0u3hE69iOcx2BtPH_fo5b6XPQbDaF7AZgMSzimtCRh8D-lg99LlTl1FhLzFvAiA&mlSearchSessionGuid=a3cd6718a5962abc2f653259f6a8f554;Санкт-Петербург;sale;flat;2;9;2;48.8;16579389;Калининский;проспект Мечникова;40Л;Выборгская;Левел Мечникова
ПИА Недвижимость;real_estate_agent;https://spb.cian.ru/sale/flat/334556728/?context=4.2zkPBvOEdWY.t5qzjwuX-_RGrJo-KhpIKA9fUHYJN6YsYnqTBijB5UZ3l3L--rq4qCNslbKBXVTczC0Bz7lYvKt1BA&mlSearchSessionGuid=a3cd6718a5962abc2f653259f6a8f554;Санкт-Петербург;sale;flat;10;19;1;34.8;10400000;1 комн. кв-ра в развитом е!1-комн. квартира;10/19 этаж;;;
Северный модерн;real_estate_agent;https://spb.cian.ru/sale/flat/332749154/?context=4.fNuGcz8lZZU.7UAXmo5Z0-HlnXsJqGbqruyMZtwiqevmLDISVceTFzaeT-hs83bTHQauvNQBSIM3s_IhZTjHAVhjRA&mlSearchSessionGuid=a3cd6718a5962abc2f653259f6a8f554;Санкт-Петербург;sale;flat;4;7;5;128.7;25000000;Центральный;9-я Советская ;39/24;Площадь Восстания;
ФСК;developer;https://spb.cian.ru/sale/flat/327078834/?context=4.m4JeXRtuqP8.xLT9OivDMTkBUcLQohUaU9K-3N1SANfZMgPw_Vj_gfCmWXBpCTWb7R_r3BKyq8iQW5wsJzgLWiYmkw&mlSearchSessionGuid=a3cd6718a5962abc2f653259f6a8f554;Санкт-Петербург;sale;flat;5;17;1;34.2;7954065;Невский; Архивная;3к1;Улица Дыбенко;Апарт-комплекс Зум на Неве
ПИА Недвижимость;real_estate_agent;https://spb.cian.ru/sale/flat/334346700/?context=4.mEZCx5nYzLI.1yIQXVmITtNxMCPX0epY4OQMPGB_C9nlcq0CaSr5AL3_Y1wJaA22_-pT584DOTSnzv-aFcwX4r-eTA&mlSearchSessionGuid=a3cd6718a5962abc2f653259f6a8f554;Санкт-Петербург;sale;flat;17;24;1;30.7;9090000;Приморский; Плесецкая;10;Комендантский проспект;Полис на Комендантском
Мир Квартир Элит;real_estate_agent;https://spb.cian.ru/sale/flat/329755073/?context=4.zszzYvi0zNw.krEvp28hE86nwPOMXcUE47ZdE5G8wVfs2YxaFl6hroxzQoNC4stLVTkQDTeQv2zy2d01oda2neoVKA&mlSearchSessionGuid=a3cd6718a5962abc2f653259f6a8f554;Санкт-Петербург;sale;flat;5;7;5;248.5;56900000;Центральный; Некрасова;58;Площадь Восстания;
LEGENDA Development;developer;https://spb.cian.ru/sale/flat/333531670/?context=4.J-E2OB-Uxvs.BAUMIlASNa5svxycw52vYTm14iEu4zlA9UJB8f92emlQFwxFe2TBDaYUI1u91w51mYUAPZ02yuovFQ&mlSearchSessionGuid=a3cd6718a5962abc2f653259f6a8f554;Санкт-Петербург;sale;flat;2;22;2;64.76;28355166;Василеостровский;Морской;;Приморская;ЛЕГЕНДА У МОРЯ
ELEMENT;developer;https://spb.cian.ru/sale/flat/327104313/?context=4.-lmaqlzkpT0.EGzPIz2l6n0QuQLqGF-bEdPZyt1S2ajxJ_2UPopkYRD0ckgDnAXpSJwitg8MQbJoJ1My8etMr37Y1Q&mlSearchSessionGuid=a3cd6718a5962abc2f653259f6a8f554;Санкт-Петербург;sale;flat;24;24;3;162.9;193574070;Московский;Алтайская ;39;Московская;Шепилевский
ИнвестКомплекс;official_representative;https://spb.cian.ru/sale/flat/327465863/?context=4.E-B9shzpCus.DET5SLfBA_NhAQS5UIPFgXeRLKx0P39nZ01CUwuaRLLLp8ECe9P2AxL2uz8-DjW1c1LhlXZETMOMoA&mlSearchSessionGuid=a3cd6718a5962abc2f653259f6a8f554;Санкт-Петербург;sale;flat;1;4;1;48.3;8800000;Приморский; Новая;51к13;Беговая;
Level Group;developer;https://spb.cian.ru/sale/flat/333732394/?context=4.hugLlfEJKek.0SF0_r3ZYGiOXCLsOhxjO31Mki_GolJ9BFL_AnlMYxL57QCyEAiAqr8nlBQTGXuvn9JtLhgfYFUN0A&mlSearchSessionGuid=a3cd6718a5962abc2f653259f6a8f554;Санкт-Петербург;sale;flat;2;9;1;37.2;11886402;Калининский;Пискарёвка;;Выборгская;Левел Мечникова
РК-Газсетьсервис;developer;https://spb.cian.ru/sale/flat/332233080/?context=4.UysYSrQ2X10.coMLQuUgRuXu-my8nfL4_-W_jExWtn_LXe6ZhLfPrW1SjUV6H95fApOa-EpIpK8mMIdIkqLHLzRIkg&mlSearchSessionGuid=a3cd6718a5962abc2f653259f6a8f554;Санкт-Петербург;sale;flat;6;12;2;42.07;14387940;Приморский;Камышовая ;25;Комендантский проспект;YE'S Primorsky Комплекс Апартаментов
Балтийская Коммерция;real_estate_agent;https://spb.cian.ru/sale/flat/320297298/?context=4.cLMNpHdDelE.pZ3dk_xGd8kSzUDXslWJSsuG5qqqfWtjdjYxYXVh_BqNMEDa_fyycxsQNn5-qQjmbP83UodTJPaCsg&mlSearchSessionGuid=a3cd6718a5962abc2f653259f6a8f554;Санкт-Петербург;sale;flat;9;9;3;175.5;77900000;Петроградский; Чапаева;17к2;Петроградская;Мануфактура
АР НУВО;real_estate_agent;https://spb.cian.ru/sale/flat/332601518/?context=4.Ra_R4QfANno.zGR5iw-NDWxqbrhvmlVu16TScYbyfP0pvzmPObqjefzPpVUJ0lg-nEDkaMzI16MQvOXcPN9gwZ62-Q&mlSearchSessionGuid=a3cd6718a5962abc2f653259f6a8f554;Санкт-Петербург;sale;flat;2;5;1;34.15;7700000;Московский;Пулковский меридиан;;Московская;Парадный ансамбль
AAG;developer;https://spb.cian.ru/sale/flat/323514188/?context=4.4Oc1Nr_boNE.0sRc8g1LhHgCDyMZXvY0AXqs3QZGt0rNsb1pn8miz3i8Y672OJjadaH7RO76sv1lUyHdh0XILZqyuw&mlSearchSessionGuid=a3cd6718a5962abc2f653259f6a8f554;Санкт-Петербург;sale;flat;1;7;2;105.9;43500000;Василеостровский;12-я Васильевского острова линия;41к2;Василеостровская;Амо
BARNES International Realty;real_estate_agent;https://spb.cian.ru/sale/flat/333570665/?context=4.cDoSLRtcesQ.5UrOKdsNrztwOG_nsT30NWBku_JFCzpfWHlsyInMlke1msi191isnmcWiCOTGeT3WOlfryCWXpmScQ&mlSearchSessionGuid=a3cd6718a5962abc2f653259f6a8f554;Санкт-Петербург;sale;flat;5;9;3;105.3;75000000;Петроградский;проезд Петровская коса;6к1;Крестовский остров;Петровская Доминанта
АВЕНТИН;real_estate_agent;https://spb.cian.ru/sale/flat/334066324/?context=4.7tHjL2cGp68.pWlUkX-MDYLNRo7-NADSTrA4zcP5DG7f7YG6VB_pSV-N618m0LAigv8v1ojk7Ngi3bj1JP6bRTmA7g&mlSearchSessionGuid=a3cd6718a5962abc2f653259f6a8f554;Санкт-Петербург;sale;flat;5;9;1;28.0;6700000;Красногвардейский;Хасанская ;22к1;Проспект Большевиков;
Sun Development;developer;https://spb.cian.ru/sale/flat/334472638/?context=4.gxNIsJAtj0A.aqITI-7naOM-CH1IIsp_9NcoBpUFpgdBAjmUZOcAZ3d7yDPa-hUH55_3FsoEds0rGMaTbLZAQkaq1Q&mlSearchSessionGuid=a3cd6718a5962abc2f653259f6a8f554;Санкт-Петербург;sale;flat;2;7;3;136.6;51367914;Василеостровский;11-я Васильевского острова линия;56;Василеостровская;Клубный дом Монодом Лайн
A-estate;real_estate_agent;https://spb.cian.ru/sale/flat/331521498/?context=4.71LGQKaPdrw.CT4LaqD4-bQO16niqALvVfuWESdYYfg-mnvBBIqOv3qZboblHqw8nzfKcoJEMh-g8B94X96-C2w_YQ&mlSearchSessionGuid=a3cd6718a5962abc2f653259f6a8f554;Санкт-Петербург;sale;flat;6;9;2;72.5;30990000;Адмиралтейский;набережная Обводного Канала;169;Балтийская;Лермонтовский 54
Яков Ермошкевич;realtor;https://spb.cian.ru/sale/flat/334519442/?context=4.SlPCC5Pje_c.LQVRnf-P1HWst8irg8wDLadWamvyCJWui8ungqeS7Mryc1P4rkofR5rgCCQKgV1QJplu1AeCiLzapw&mlSearchSessionGuid=a3cd6718a5962abc2f653259f6a8f554;Санкт-Петербург;sale;flat;4;5;2;42.0;7400000;Красносельский; Летчика Пилютова;13К1;Юго-Западная;
ИП Богачков;real_estate_agent;https://spb.cian.ru/sale/flat/332207823/?context=4.QivzSMJGGm4.c9OysWYXKTaxZPvO0DmF3M6MqtMAJVB3XSJ9Atr2cE1GeU9u7bcX9dFl1qSl2V5LwAGc-mmN_xg8Gw&mlSearchSessionGuid=a3cd6718a5962abc2f653259f6a8f554;Санкт-Петербург;sale;flat;5;6;2;57.38;28690000;Петроградский; Профессора Попова;;Петроградская;ID Petrogradskaya
ПИА Недвижимость;real_estate_agent;https://spb.cian.ru/sale/flat/333475205/?context=4.yd4SCa1KBr4.zwT-_XTrtwIuuWcZuWaMtrk1JNl7bwNoqMwL-LuflfGJlsO2oL7a8RBx2AtfoCU9F2URS8jMzZExjQ&mlSearchSessionGuid=a3cd6718a5962abc2f653259f6a8f554;Санкт-Петербург;sale;flat;5;9;2;50.1;11200000;Невский;Искровский проспект;26В;Улица Дыбенко;
ID 58387287;real_estate_agent;https://spb.cian.ru/sale/flat/333503194/?context=4.NMddLk49Kfs.aQE_YuLUFLUA0AM0g-sezED42eD_SUQf56vOr1V8oPm5ZxHmpQlXFlMkpnD1Lxv992Z4y3aK_Tzmrg&mlSearchSessionGuid=a3cd6718a5962abc2f653259f6a8f554;Санкт-Петербург;sale;flat;4;9;1;40.0;9180000;Невский; Белышева;8к1Н;Проспект Большевиков;
ГК ФСК;developer;https://spb.cian.ru/sale/flat/334472661/?context=4.S4IbMFO8boE.byovd_d6ryVd8rAsrRKl4iG4VYsuX0YhLSw4Dxl78G2d8jtataNoD2Mev84A0mMKrPXprrnuvyXYRQ&mlSearchSessionGuid=a3cd6718a5962abc2f653259f6a8f554;Санкт-Петербург;sale;flat;3;11;1;36.01;16275799;Выборгский;2-й Муринский проспект;49;Площадь Мужества;Фабула
ПИА Недвижимость;real_estate_agent;https://spb.cian.ru/sale/flat/334584058/?context=4.1lbe6-FG__0.VLyzMe96bthbTWS_C3_ebPGEM7ShbHPxNZrlZiEqxoMs4sBVR06ToKnOXMjONjxWA9RuAP8X2kKvyw&mlSearchSessionGuid=a3cd6718a5962abc2f653259f6a8f554;Санкт-Петербург;sale;flat;11;17;2;50.0;14100000;Приморский;Туристская ;30к1;Комендантский проспект;ЦДС Юнтоловский
Балтийская Коммерция;real_estate_agent;https://spb.cian.ru/sale/flat/334420054/?context=4.LA3L0zgQv8M.V2n54RMlTNFzJMfzafoDxMpfJrM46r97v7Kh9mQYRJ21oIZup70xUkyRlJLKc2DI2Tcg-rX4JYNFCg&mlSearchSessionGuid=a3cd6718a5962abc2f653259f6a8f554;Санкт-Петербург;sale;flat;8;11;1;35.9;18500000;Петроградский;Вяземский переулок;6;Петроградская;
ELEMENT;developer;https://spb.cian.ru/sale/flat/328054219/?context=4.JJtK1K50QAg.Tw180ko_9b7JCspylSIfONR_9qC_0IHmIM1zN8NDNNTCvp5RT8p_is3PFiNoefwnYyLpxYvoWERCdw&mlSearchSessionGuid=a3cd6718a5962abc2f653259f6a8f554;Санкт-Петербург;sale;flat;8;8;5;180.03;264734115;Петроградский;Ремесленная ;17литЗ;Спортивная;17/33 Петровский остров
ПИА Недвижимость;real_estate_agent;https://spb.cian.ru/sale/flat/333801883/?context=4.J_nT9HSdGmk.Qrpw3QGpZFpQIPAHUqs8ALD9hx4H2eho4qdf_8rUmw0eHQjQLiTTKpy-LnLv2aroBtNOo-EXIVBA2Q&mlSearchSessionGuid=a3cd6718a5962abc2f653259f6a8f554;Санкт-Петербург;sale;flat;3;13;1;43.0;13990000;1 комн. кв-ра в развитом е!1-комн. квартира;43 м²;;;
Северный модерн;real_estate_agent;https://spb.cian.ru/sale/flat/332749154/?context=4.YmSsFnG9F0s.2gG5NUue7NgK7TJ5LjIV8iCljbGooR-nrBoHNsbcVG4gieMWzoD3noebu_V_mdaVUvLQJi16KWg7rw&mlSearchSessionGuid=a3cd6718a5962abc2f653259f6a8f554;Санкт-Петербург;sale;flat;4;7;5;128.7;25000000;Центральный;9-я Советская ;39/24;Площадь Восстания;
Level Group;developer;https://spb.cian.ru/sale/flat/333636869/?context=4.7xYOHt7snuw.-qaNmgsSItdRTF1g--YZvePGy2d98W4upfvq9h7bH6E8YBrlxWQ2FDzBm6TTbLKJXWNmGVbT17EcxA&mlSearchSessionGuid=a3cd6718a5962abc2f653259f6a8f554;Санкт-Петербург;sale;flat;2;9;2;48.8;16579389;Калининский;проспект Мечникова;40Л;Выборгская;Левел Мечникова
ПИА Недвижимость;real_estate_agent;https://spb.cian.ru/sale/flat/334556728/?context=4.vwqFmU6Fwzo.GmciP3Zyfmci-djfkYH6TWKgyA2fey9wN9FVRk4aHT-ztSGjKgy5RWbA5AVRBIBGBIcBFfjbXhtvrQ&mlSearchSessionGuid=a3cd6718a5962abc2f653259f6a8f554;Санкт-Петербург;sale;flat;10;19;1;34.8;10400000;1 комн. кв-ра в развитом е!1-комн. квартира;10/19 этаж;;;
Экотон;real_estate_agent;https://spb.cian.ru/sale/flat/334156987/?context=4.VVujoqgWZ9Y.w6p_8_364CQv7ZrWsWIay50K-oMHzyXiiyatt3L2VgrzgN5f1gx_wauE2TN6lYxto3n0xolMb70rAw&mlSearchSessionGuid=a3cd6718a5962abc2f653259f6a8f554;Санкт-Петербург;sale;flat;2;5;4;48.3;8800000;Кировский;бульвар Новаторов;20;Ленинский проспект;
ФСК;developer;https://spb.cian.ru/sale/flat/327078834/?context=4.Ev2oZrbLcn4.LuzGlsnhGkd13duKQaQaJOS6_IJQ5BWCcyQ1LMzqHtrKAruWTQw1RPOwZA7pu52xNr237vBKuiu8Yg&mlSearchSessionGuid=a3cd6718a5962abc2f653259f6a8f554;Санкт-Петербург;sale;flat;5;17;1;34.2;7954065;Невский; Архивная;3к1;Улица Дыбенко;Апарт-комплекс Зум на Неве
ПИА Недвижимость;real_estate_agent;https://spb.cian.ru/sale/flat/334346700/?context=4.l_gXohWgxUw.2hj4-HotQI4Z5YJP_8gMZcDetCkCiXd2GdICuz2xClVabZKieFEiUQPcc5fc9bmgaucQHrx_U6O7bg&mlSearchSessionGuid=a3cd6718a5962abc2f653259f6a8f554;Санкт-Петербург;sale;flat;17;24;1;30.7;9090000;Приморский; Плесецкая;10;Комендантский проспект;Полис на Комендантском
Мир Квартир Элит;real_estate_agent;https://spb.cian.ru/sale/flat/329755073/?context=4.nW7De9xbiyk.djyEcmFI0MSTdT1xGP90FDGKsNzZOkz_N8ZxnO-lfX4mmp8M1rMiLL8bpkYmiLA-jOiQHKy5Ue_pKQ&mlSearchSessionGuid=a3cd6718a5962abc2f653259f6a8f554;Санкт-Петербург;sale;flat;5;7;5;248.5;56900000;Центральный; Некрасова;58;Площадь Восстания;
LEGENDA Development;developer;https://spb.cian.ru/sale/flat/333531670/?context=4.hlIxWm7p-Qw.ZqSLBkdTZ6Hm945hRBZK879zHR_S0KK5A7jBwjR4m29kIH9-l-7bLSfSd2srspeJModsCXDGceBovQ&mlSearchSessionGuid=a3cd6718a5962abc2f653259f6a8f554;Санкт-Петербург;sale;flat;2;22;2;64.76;28355166;Василеостровский;Морской;;Приморская;ЛЕГЕНДА У МОРЯ
ELEMENT;developer;https://spb.cian.ru/sale/flat/327104313/?context=4.gl96NM-Lg34.XcTgJGK1bL7gOx9YAEKNa6PJjA6f__o01mnEfZuRDFe3s1vwcJVmbp2suZ__EiuLPVyzWA-kGMTdgg&mlSearchSessionGuid=a3cd6718a5962abc2f653259f6a8f554;Санкт-Петербург;sale;flat;24;24;3;162.9;193574070;Московский;Алтайская ;39;Московская;Шепилевский
ИнвестКомплекс;official_representative;https://spb.cian.ru/sale/flat/327465863/?context=4.KzQogD95kq4.W8iDFoQYYPX9AqDHvnWvdk2dA4DAuOo1d3BNAuNx5Il-mdbCITZQc3z-X-YjOQfEmf6DkHemZuf9Gg&mlSearchSessionGuid=a3cd6718a5962abc2f653259f6a8f554;Санкт-Петербург;sale;flat;1;4;1;48.3;8800000;Приморский; Новая;51к13;Беговая;
Level Group;developer;https://spb.cian.ru/sale/flat/333732394/?context=4.thWfKJ_-rd8._m-43XejL0JrInMskikW3QUbdge156mcF9x1W6cxSOdqMU_yM45A8jqmwk6eNhjnftnIOekZY5WmnQ&mlSearchSessionGuid=a3cd6718a5962abc2f653259f6a8f554;Санкт-Петербург;sale;flat;2;9;1;37.2;11886402;Калининский;Пискарёвка;;Выборгская;Левел Мечникова
РК-Газсетьсервис;developer;https://spb.cian.ru/sale/flat/332233080/?context=4.TDTpqd_oVgU.j7G3CItpO0QiTV7Mos9OdnnGpglGwIB2_qrKOLkq2VSeTQ4EPjkHxUPBsNh0vmiydNzEVy9Wz0Hwmw&mlSearchSessionGuid=a3cd6718a5962abc2f653259f6a8f554;Санкт-Петербург;sale;flat;6;12;2;42.07;14387940;Приморский;Камышовая ;25;Комендантский проспект;YE'S Primorsky Комплекс Апартаментов
Балтийская Коммерция;real_estate_agent;https://spb.cian.ru/sale/flat/320297298/?context=4.JABQ3tRLrjw.3FNze52VmsXurg6Yd_Hr2YCHE0QutQ9Ay29kk148Qjp0diVIeL3R-cV0Pq5Gm_SBptILIwBeK1hRlw&mlSearchSessionGuid=a3cd6718a5962abc2f653259f6a8f554;Санкт-Петербург;sale;flat;9;9;3;175.5;77900000;Петроградский; Чапаева;17к2;Петроградская;Мануфактура
АР НУВО;real_estate_agent;https://spb.cian.ru/sale/flat/332601518/?context=4.AOBujCpT8ms.7pIzyLpt2TmGex1nZnoXti9q-09cfGPyrSVRJ1EAOEp4zOuGVwallcwnamTCLa4xtP0vf43T2eKEPw&mlSearchSessionGuid=a3cd6718a5962abc2f653259f6a8f554;Санкт-Петербург;sale;flat;2;5;1;34.15;7700000;Московский;Пулковский меридиан;;Московская;Парадный ансамбль
AAG;developer;https://spb.cian.ru/sale/flat/323514188/?context=4.gGrbX8t3BjE.1xOPYtD9yj2e4zveDdXAlHI3KUrogo9K463RbOKrxo8xqtK96dgzFeXzKwoBVC5yaOxWfvfbwiK1og&mlSearchSessionGuid=a3cd6718a5962abc2f653259f6a8f554;Санкт-Петербург;sale;flat;1;7;2;105.9;43500000;Василеостровский;12-я Васильевского острова линия;41к2;Василеостровская;Амо
BARNES International Realty;real_estate_agent;https://spb.cian.ru/sale/flat/333570665/?context=4.Ku2zONZUXL0.gn0cj6d9PmgyYyE8cdKkqZ3Nmaud8Z-OL8-3IytsfraTHXhiim6Hnr9c6mFrU1S5TU7yUYWMDXZn5A&mlSearchSessionGuid=a3cd6718a5962abc2f653259f6a8f554;Санкт-Петербург;sale;flat;5;9;3;105.3;75000000;Петроградский;проезд Петровская коса;6к1;Крестовский остров;Петровская Доминанта
АВЕНТИН;real_estate_agent;https://spb.cian.ru/sale/flat/334066324/?context=4.uCV71yPrS_U.o95NOWgVS0gc1Xln1SnQie1OTxnixuUwR7Axb0_PrJ647K9bfDv5HCfbUhRbv4Zxuxo6DghsPpNjCg&mlSearchSessionGuid=a3cd6718a5962abc2f653259f6a8f554;Санкт-Петербург;sale;flat;5;9;1;28.0;6700000;Красногвардейский;Хасанская ;22к1;Проспект Большевиков;
Sun Development;developer;https://spb.cian.ru/sale/flat/334472638/?context=4.dJdJ97tk9IA.IFfBXxZyQFS9n83RUHJyF58sAzPdRtxNw3r84gfkCDoyhUSYUyARjlYMUaOvHjc69_z5F80BjfOtFA&mlSearchSessionGuid=a3cd6718a5962abc2f653259f6a8f554;Санкт-Петербург;sale;flat;2;7;3;136.6;51367914;Василеостровский;11-я Васильевского острова линия;56;Василеостровская;Клубный дом Монодом Лайн
A-estate;real_estate_agent;https://spb.cian.ru/sale/flat/331521498/?context=4.W6BMaoX6YQ4.D2Zh0DwXrIoaH9l0XlFM2zyTX0NLg5GhwAAIgDL5gU3U0ARl91Aupgh1FlyV7U43N4IeI6hBRe8k2Q&mlSearchSessionGuid=a3cd6718a5962abc2f653259f6a8f554;Санкт-Петербург;sale;flat;6;9;2;72.5;30990000;Адмиралтейский;набережная Обводного Канала;169;Балтийская;Лермонтовский 54
Яков Ермошкевич;realtor;https://spb.cian.ru/sale/flat/334519442/?context=4.b7NCHZpISsg.cBTFNSotbFaxFBkraNxJzLpLCNMTHSwEZf7TSDAPz1JnvEYV_e3p7j8AfFD2EuOtnRTdboHx9BIgVQ&mlSearchSessionGuid=a3cd6718a5962abc2f653259f6a8f554;Санкт-Петербург;sale;flat;4;5;2;42.0;7400000;Красносельский; Летчика Пилютова;13К1;Юго-Западная;
ИП Богачков;real_estate_agent;https://spb.cian.ru/sale/flat/332207823/?context=4.6t2EWhpvF3Y.NAdtXfNx79f7RoWgTDgZgKK2QFuWNFVlTMInfHw7sB0r9yrVkSpXUZmuWWk_AL446kOJ6shOWzWbkw&mlSearchSessionGuid=a3cd6718a5962abc2f653259f6a8f554;Санкт-Петербург;sale;flat;5;6;2;57.38;28690000;Петроградский; Профессора Попова;;Петроградская;ID Petrogradskaya
ПИА Недвижимость;real_estate_agent;https://spb.cian.ru/sale/flat/333475205/?context=4.kKQUPWT81zY.rEek5guiSMqGfB-22LFMIk-BIlMs39xf-OO73H775rD1MEgg1Wx0IdHZVWx6r3WgZLi3VyQYtQLP0w&mlSearchSessionGuid=a3cd6718a5962abc2f653259f6a8f554;Санкт-Петербург;sale;flat;5;9;2;50.1;11200000;Невский;Искровский проспект;26В;Улица Дыбенко;
ID 58387287;real_estate_agent;https://spb.cian.ru/sale/flat/333503194/?context=4.jEFcEUat7X4.zpQkRsW2RuvwA3XHzUEKoM0rf6nw4i1WZj64cHRLyXZYUo6i0lJQB7tCSx_iaFETUmIcS__Uu_bv9g&mlSearchSessionGuid=a3cd6718a5962abc2f653259f6a8f554;Санкт-Петербург;sale;flat;4;9;1;40.0;9180000;Невский; Белышева;8к1Н;Проспект Большевиков;
ГК ФСК;developer;https://spb.cian.ru/sale/flat/334472661/?context=4.ejMXIT03DhQ.aNBUPPZ39hYbmPqC6Q5gs9uZhOS1IueDd5LJH7Xt1v2zD6YHAbkqyK0dx9QjIp3Nc_21KjUZvucLjA&mlSearchSessionGuid=a3cd6718a5962abc2f653259f6a8f554;Санкт-Петербург;sale;flat;3;11;1;36.01;16275799;Выборгский;2-й Муринский проспект;49;Площадь Мужества;Фабула
ПИА Недвижимость;real_estate_agent;https://spb.cian.ru/sale/flat/334584058/?context=4.ck6FTnoHrxk.ttGUEH7CQnZKfOxwLZaiqbpIdcLjnmt6ww5nkc3J2CgeBFP7_x3J5BWqxUxqvPCiqClwC0KsxrBO_w&mlSearchSessionGuid=a3cd6718a5962abc2f653259f6a8f554;Санкт-Петербург;sale;flat;11;17;2;50.0;14100000;Приморский;Туристская ;30к1;Комендантский проспект;ЦДС Юнтоловский
Балтийская Коммерция;real_estate_agent;https://spb.cian.ru/sale/flat/334420054/?context=4.Vqo0vPaXJvQ.oM1yRzJuNxKKCNxrSIStTDDK5C-1G7wbhNGPo2azoMIuErCdgCadfTZ0PEp2Um9JOf3qmsjv8VtUOA&mlSearchSessionGuid=a3cd6718a5962abc2f653259f6a8f554;Санкт-Петербург;sale;flat;8;11;1;35.9;18500000;Петроградский;Вяземский переулок;6;Петроградская;
ELEMENT;developer;https://spb.cian.ru/sale/flat/328054219/?context=4.Fz-DFRDjCJQ.b1y_TlDbEhFx3Z2Q7zteIZ0uvpx_7hOXhVpDBlci_NL1UB1CX2bY5jGmT-Cy67UaXHK-u174IXxTZA&mlSearchSessionGuid=a3cd6718a5962abc2f653259f6a8f554;Санкт-Петербург;sale;flat;8;8;5;180.03;264734115;Петроградский;Ремесленная ;17литЗ;Спортивная;17/33 Петровский остров
ПИА Недвижимость;real_estate_agent;https://spb.cian.ru/sale/flat/333801883/?context=4.fbMT4I3h08s.LeYVqiCASSMSb0BzI2lNeLsfmNIgtwrTEum58pji5iQS-JaNmoYAefR08MPL4SQ3f7BuUFCo3Y7MJg&mlSearchSessionGuid=a3cd6718a5962abc2f653259f6a8f554;Санкт-Петербург;sale;flat;3;13;1;43.0;13990000;1 комн. кв-ра в развитом е!1-комн. квартира;43 м²;;;
Северный модерн;real_estate_agent;https://spb.cian.ru/sale/flat/332749154/?context=4.5VYe67da8Ao.x77xLP3x685ldeGrDTPMxJDeT-WFzU1Z39AYP0W2hGgoQEV4PiOa-zLR7_XiRK5MiFmjWIxf_WzoVw&mlSearchSessionGuid=a3cd6718a5962abc2f653259f6a8f554;Санкт-Петербург;sale;flat;4;7;5;128.7;25000000;Центральный;9-я Советская ;39/24;Площадь Восстания;
Level Group;developer;https://spb.cian.ru/sale/flat/333636869/?context=4.tRAmKdf-Tpg.00Wr9m--x6LkxN6li4aJ-uT1WqaqcUS5jixbGBbDz9xOqmZeWHNn9kUqrzv4opHIWgFOD17s0cVptw&mlSearchSessionGuid=a3cd6718a5962abc2f653259f6a8f554;Санкт-Петербург;sale;flat;2;9;2;48.8;16579389;Калининский;проспект Мечникова;40Л;Выборгская;Левел Мечникова
ПИА Недвижимость;real_estate_agent;https://spb.cian.ru/sale/flat/334556728/?context=4.5iiukD3nXgg.8uGimA7AxzjJybMIBVuel1yy1Wif1qk9Qb3ZqQ5769rLGEoBK1r9fk5kWyhzz6u9I635BQBaccJjig&mlSearchSessionGuid=a3cd6718a5962abc2f653259f6a8f554;Санкт-Петербург;sale;flat;10;19;1;34.8;10400000;1 комн. кв-ра в развитом е!1-комн. квартира;10/19 этаж;;;
Экотон;real_estate_agent;https://spb.cian.ru/sale/flat/334156987/?context=4.04uAm7KBGnw.PqOyd27MwDF6GK4AJ-aa4vEePZGyfy8Iik3GLCfzH1H8_c7YvQd3aNCQ1jqNixeWSgYGsX2uaNYXxQ&mlSearchSessionGuid=a3cd6718a5962abc2f653259f6a8f554;Санкт-Петербург;sale;flat;2;5;4;48.3;8800000;Кировский;бульвар Новаторов;20;Ленинский проспект;
ФСК;developer;https://spb.cian.ru/sale/flat/327078834/?context=4.o4HWaV9EsVI.SBCVdDZdKai2Qpz2wufxiy3_kMqt8wBjwDXYtiNGM95pWXauFH-SjzhXd3rnEiaIvpggtlgNl1jq6w&mlSearchSessionGuid=a3cd6718a5962abc2f653259f6a8f554;Санкт-Петербург;sale;flat;5;17;1;34.2;7954065;Невский; Архивная;3к1;Улица Дыбенко;Апарт-комплекс Зум на Неве
ПИА Недвижимость;real_estate_agent;https://spb.cian.ru/sale/flat/334346700/?context=4.6MRygzTU788.Xqrze39tWBMzn2IZkM47dmiVrE4bTMKoEL44tkjHBuKBxdOmturhCHVSRY0E3b5YXwG0ngvho6-TqA&mlSearchSessionGuid=a3cd6718a5962abc2f653259f6a8f554;Санкт-Петербург;sale;flat;17;24;1;30.7;9090000;Приморский; Плесецкая;10;Комендантский проспект;Полис на Комендантском
Мир Квартир Элит;real_estate_agent;https://spb.cian.ru/sale/flat/329755073/?context=4.CAoP2MFmXtQ.H9eOERc3ulioSrzju1csQQLwb1DpQIxm_ZN3-iqMshZeT5m39TqAuWGxyRfQsbWpUiKoInSlRLopUg&mlSearchSessionGuid=a3cd6718a5962abc2f653259f6a8f554;Санкт-Петербург;sale;flat;5;7;5;248.5;56900000;Центральный; Некрасова;58;Площадь Восстания;
LEGENDA Development;developer;https://spb.cian.ru/sale/flat/333531670/?context=4.R2kGDuT2xwE.2RFERCzRs4vjQnE4NQ0YYuu88HEaqjc9r6K-Q9oWSmtgr9CfiQ4yxYmVIwdwhhcQ3Od3z0aTTcKkjw&mlSearchSessionGuid=a3cd6718a5962abc2f653259f6a8f554;Санкт-Петербург;sale;flat;2;22;2;64.76;28355166;Василеостровский;Морской;;Приморская;ЛЕГЕНДА У МОРЯ
ELEMENT;developer;https://spb.cian.ru/sale/flat/327104313/?context=4.Mh8pPldKkQo.uS43Ra9esCi_PB1Cb39YnPV5Lb7jRGm5bs02yE6al98t5E7GnqgK5tQUu8K-zwrT0kIqB5NvrWQqYQ&mlSearchSessionGuid=a3cd6718a5962abc2f653259f6a8f554;Санкт-Петербург;sale;flat;24;24;3;162.9;193574070;Московский;Алтайская ;39;Московская;Шепилевский
ИнвестКомплекс;official_representative;https://spb.cian.ru/sale/flat/327465863/?context=4._IuM3U2xmTU.STVa3p2iHXu84QsVFzAHCZtk9VOpFvCDHBaNrX_hVraiKbdiZ3l1x-W-QCzXOhWmU0DqQV4KGeduGg&mlSearchSessionGuid=a3cd6718a5962abc2f653259f6a8f554;Санкт-Петербург;sale;flat;1;4;1;48.3;8800000;Приморский; Новая;51к13;Беговая;
Level Group;developer;https://spb.cian.ru/sale/flat/333732394/?context=4.fx6H3x7YJVM.HQlT-uQ0lhiwWPVPfn3F5buCC32UnkeTtMVNuO6J_4Q48hf_99GSzACFxeD1c6kVb7vUd8rlTM9V9Q&mlSearchSessionGuid=a3cd6718a5962abc2f653259f6a8f554;Санкт-Петербург;sale;flat;2;9;1;37.2;11886402;Калининский;Пискарёвка;;Выборгская;Левел Мечникова
РК-Газсетьсервис;developer;https://spb.cian.ru/sale/flat/332233080/?context=4.xFxzJkDtUyY.62yZbtG6tNRXiCXDSGKRRDUepkL2Xc4FGBBzfs8pRPqC2m0bsU52-_yC7ezD1fmhVYrj2h5Gq-fedw&mlSearchSessionGuid=a3cd6718a5962abc2f653259f6a8f554;Санкт-Петербург;sale;flat;6;12;2;42.07;14387940;Приморский;Камышовая ;25;Комендантский проспект;YE'S Primorsky Комплекс Апартаментов
Балтийская Коммерция;real_estate_agent;https://spb.cian.ru/sale/flat/320297298/?context=4.YVlwA8XIekc.Yq6eDUGUSXP1PHulQk1s33ifX8wSPoMZCuy2IRI8Rw2aUoEJRiQwbx5xRw5cQXmaPBqINXlrmvpkBA&mlSearchSessionGuid=a3cd6718a5962abc2f653259f6a8f554;Санкт-Петербург;sale;flat;9;9;3;175.5;77900000;Петроградский; Чапаева;17к2;Петроградская;Мануфактура
АР НУВО;real_estate_agent;https://spb.cian.ru/sale/flat/332601518/?context=4.PfzIsJsTmWA.DtURh12dc8VTBuxjcM1Yt4CNfb0SF4xY8hRQD3SsQHQND2C4N7BsUPjI6gP96Fcir-1SDZeJcrcWCQ&mlSearchSessionGuid=a3cd6718a5962abc2f653259f6a8f554;Санкт-Петербург;sale;flat;2;5;1;34.15;7700000;Московский;Пулковский меридиан;;Московская;Парадный ансамбль
AAG;developer;https://spb.cian.ru/sale/flat/323514188/?context=4.rnoM6MZ6gGk.8eKMWY3j1H47_UNM6N639QLPgTIxC6sBjebLkKeUGiYM8sxVqd8oaA5h7aT0kVk_roH7Yu0OP2Bg8g&mlSearchSessionGuid=a3cd6718a5962abc2f653259f6a8f554;Санкт-Петербург;sale;flat;1;7;2;105.9;43500000;Василеостровский;12-я Васильевского острова линия;41к2;Василеостровская;Амо
BARNES International Realty;real_estate_agent;https://spb.cian.ru/sale/flat/333570665/?context=4.5BWCTW3MVO4.rSO1p2mPfSc4ZBvpOQXvOVtdSLi__wfM_tAO2hXwHkSYbUqy21QW26InqQR_dE1w7bkPFp_edsYo2A&mlSearchSessionGuid=a3cd6718a5962abc2f653259f6a8f554;Санкт-Петербург;sale;flat;5;9;3;105.3;75000000;Петроградский;проезд Петровская коса;6к1;Крестовский остров;Петровская Доминанта
АВЕНТИН;real_estate_agent;https://spb.cian.ru/sale/flat/334066324/?context=4.smyBEJHG2mk._isb0SdsB3o1tP7ujs2J9GaX_cYlNV2zfxyF19ad04BwXXldclT8zSXeyr5tWMNuwz6pRTP4puSfRg&mlSearchSessionGuid=a3cd6718a5962abc2f653259f6a8f554;Санкт-Петербург;sale;flat;5;9;1;28.0;6700000;Красногвардейский;Хасанская ;22к1;Проспект Большевиков;
Sun Development;developer;https://spb.cian.ru/sale/flat/334472638/?context=4.UeB0q7fSFq4.M7ctwoBfQzeLjc0yEjJKBnAaPK7LccMrw0vC0lnBjhA22TzR-zOnB39c5WWygAR1ZfhUgfndsYV7iQ&mlSearchSessionGuid=a3cd6718a5962abc2f653259f6a8f554;Санкт-Петербург;sale;flat;2;7;3;136.6;51367914;Василеостровский;11-я Васильевского острова линия;56;Василеостровская;Клубный дом Монодом Лайн
A-estate;real_estate_agent;https://spb.cian.ru/sale/flat/331521498/?context=4.Cl_zvMhgD3I.1aNo9zUMgWUJaMndNls5JIhDpn8jDKejDXDcZZ1-3db2pM3t_dv80hmmSHsAw7V4D4sRBak9ZJKImA&mlSearchSessionGuid=a3cd6718a5962abc2f653259f6a8f554;Санкт-Петербург;sale;flat;6;9;2;72.5;30990000;Адмиралтейский;набережная Обводного Канала;169;Балтийская;Лермонтовский 54
Яков Ермошкевич;realtor;https://spb.cian.ru/sale/flat/334519442/?context=4.9iTZDSRk5aI.ZY4y1bwoNo9HDsWblChkPAZVqF5GQeMK24jzSZkINRcKdBS_rgKazJus8CJFz-YSdPTkfeQx3B4ehw&mlSearchSessionGuid=a3cd6718a5962abc2f653259f6a8f554;Санкт-Петербург;sale;flat;4;5;2;42.0;7400000;Красносельский; Летчика Пилютова;13К1;Юго-Западная;
ИП Богачков;real_estate_agent;https://spb.cian.ru/sale/flat/332207823/?context=4.zuKpM2OU4sU.QhU3zyyO4m0fV3bKChE9Vizl-wuEcpGVPTKgDf44yifz8BhNlhJtngUeNBoO9CDw3FZIl8RsHcUJWw&mlSearchSessionGuid=a3cd6718a5962abc2f653259f6a8f554;Санкт-Петербург;sale;flat;5;6;2;57.38;28690000;Петроградский; Профессора Попова;;Петроградская;ID Petrogradskaya
ПИА Недвижимость;real_estate_agent;https://spb.cian.ru/sale/flat/333475205/?context=4.7MwdEzO05bU.1bHM7ZBdIXTRSdFeqE1jl9B3pPrsIyfWD-QlwJ3_EzLx6AMY8r6HWw0iBuL2pE7oFxaAk8Hqgz5pSw&mlSearchSessionGuid=a3cd6718a5962abc2f653259f6a8f554;Санкт-Петербург;sale;flat;5;9;2;50.1;11200000;Невский;Искровский проспект;26В;Улица Дыбенко;
ID 58387287;real_estate_agent;https://spb.cian.ru/sale/flat/333503194/?context=4.KSFyfzh5DEk.iRcLw6IyJd2HzFSsMQkSNMEgvcQUPdQ9Y45tvKz3Jyzwop6sVnSkaYxmLFCI1riG-mVfK8OoAyx28g&mlSearchSessionGuid=a3cd6718a5962abc2f653259f6a8f554;Санкт-Петербург;sale;flat;4;9;1;40.0;9180000;Невский; Белышева;8к1Н;Проспект Большевиков;
ГК ФСК;developer;https://spb.cian.ru/sale/flat/334472661/?context=4.MINmR5Y9X1c.9IJr6QLD3oBzHfhWnrHsIxoyt4NgXH-_6vEDzOJ6HjTmKkv6HdplWKG-cBoLan8Za4-o4dQ7_ygeYg&mlSearchSessionGuid=a3cd6718a5962abc2f653259f6a8f554;Санкт-Петербург;sale;flat;3;11;1;36.01;16275799;Выборгский;2-й Муринский проспект;49;Площадь Мужества;Фабула
ПИА Недвижимость;real_estate_agent;https://spb.cian.ru/sale/flat/334584058/?context=4._FVet9W5xlY.o-Li-KGH8gP_Pv5ACSkidpt8GLSsvftLJ5gfeP6LqLCbgpxafDUqV8w5NtH9A4JLEGuahP4siua3TQ&mlSearchSessionGuid=a3cd6718a5962abc2f653259f6a8f554;Санкт-Петербург;sale;flat;11;17;2;50.0;14100000;Приморский;Туристская ;30к1;Комендантский проспект;ЦДС Юнтоловский
Экотон;real_estate_agent;https://spb.cian.ru/sale/flat/334156987/?context=4.YUgSKjN87n4.JIG4Kjy9kkKJBBOF0X2Y28pZmbKVAg5ioujdEY80FsqfoxJMH5MymVDzqEOQxWJvepTL-e8XXy3oPw&mlSearchSessionGuid=a3cd6718a5962abc2f653259f6a8f554;Санкт-Петербург;sale;flat;2;5;4;48.3;8800000;Кировский;бульвар Новаторов;20;Ленинский проспект;
ELEMENT;developer;https://spb.cian.ru/sale/flat/328054219/?context=4.snEH2EF6Ckw.eKfxO2H5jzVRl_jjYB7mpXmZZSooxPgCIe5QuHbLzAfj1cCzesOtQ1JmqdV0rqTM01X03-xEjQCjjA&mlSearchSessionGuid=a3cd6718a5962abc2f653259f6a8f554;Санкт-Петербург;sale;flat;8;8;5;180.03;264734115;Петроградский;Ремесленная ;17литЗ;Спортивная;17/33 Петровский остров
ПИА Недвижимость;real_estate_agent;https://spb.cian.ru/sale/flat/333801883/?context=4.konsDAhMxL4.TAenkTvnq6uJt0_sDTD2jscF0wCOYP23Q3-EE5HFDx2l82m02YU3N_s1pxJ6zmeTWhejxLANwt4brg&mlSearchSessionGuid=a3cd6718a5962abc2f653259f6a8f554;Санкт-Петербург;sale;flat;3;13;1;43.0;13990000;1 комн. кв-ра в развитом е!1-комн. квартира;43 м²;;;
Балтийская Коммерция;real_estate_agent;https://spb.cian.ru/sale/flat/334420054/?context=4.lKoJbk0RXNY.5HbSDAKJ5UaJFqlmNUIV9_MeobkUugOo1kxvpuNbAqni2rzVpmE9K_Ld-xE3nmFMxXBqNZDB-RX8wA&mlSearchSessionGuid=a3cd6718a5962abc2f653259f6a8f554;Санкт-Петербург;sale;flat;8;11;1;35.9;18500000;Петроградский;Вяземский переулок;6;Петроградская;
Level Group;developer;https://spb.cian.ru/sale/flat/333636869/?context=4.PNmrAaOEM04.h4mIxMQHLQAg88btQah6QgeLRui8gEy7IrWRP15nmDtnG1Q_ym0DxP0RU6C_QnbVC5uvbeZvxMpx1Q&mlSearchSessionGuid=a3cd6718a5962abc2f653259f6a8f554;Санкт-Петербург;sale;flat;2;9;2;48.8;16579389;Калининский;проспект Мечникова;40Л;Выборгская;Левел Мечникова
ПИА Недвижимость;real_estate_agent;https://spb.cian.ru/sale/flat/334556728/?context=4.lDdplXN_0x0.8mbc3ys6MuU6frv51Nyj5zOkUt5DlLrDbU7yBxyyPv0gk9wPk7PHR_ong2ntuLCDMVwPgi9V8cH-aA&mlSearchSessionGuid=a3cd6718a5962abc2f653259f6a8f554;Санкт-Петербург;sale;flat;10;19;1;34.8;10400000;1 комн. кв-ра в развитом е!1-комн. квартира;10/19 этаж;;;
Северный модерн;real_estate_agent;https://spb.cian.ru/sale/flat/332749154/?context=4.509SN9OyG64.ygTxWtq0PsQYPmejAfqxn80I80n8gCxK1ErbhM-sKcYnKDRGRFzBlTfIILuS9DCLn3nKYholHKFeAw&mlSearchSessionGuid=a3cd6718a5962abc2f653259f6a8f554;Санкт-Петербург;sale;flat;4;7;5;128.7;25000000;Центральный;9-я Советская ;39/24;Площадь Восстания;
ФСК;developer;https://spb.cian.ru/sale/flat/327078834/?context=4.i96jyndGSl0.NxKkIxntG-fVTwHqCSoPbUOiwNe9YQy50lEIkIulhT4oouyKS9nxqlXdzhYa9uPSkrMQ-bywOv_h5w&mlSearchSessionGuid=a3cd6718a5962abc2f653259f6a8f554;Санкт-Петербург;sale;flat;5;17;1;34.2;7954065;Невский; Архивная;3к1;Улица Дыбенко;Апарт-комплекс Зум на Неве
ПИА Недвижимость;real_estate_agent;https://spb.cian.ru/sale/flat/334346700/?context=4.gAtSR1kzLZA.2p4R5skutsYMMN1vhAnq9W4dpJ1JSJ7rmkDTqmep2FFFwB86CDyMKc3y5vxFuWf-TktKQYjn2oOTWQ&mlSearchSessionGuid=a3cd6718a5962abc2f653259f6a8f554;Санкт-Петербург;sale;flat;17;24;1;30.7;9090000;Приморский; Плесецкая;10;Комендантский проспект;Полис на Комендантском
Мир Квартир Элит;real_estate_agent;https://spb.cian.ru/sale/flat/329755073/?context=4.VcsFrJ4Q9WM.YzDdOH4v0d-MWRdcy4YrlAq_vhCVooDPf3r4VwcCOfLDS-5akPPgNfxvj_O4g7LgceeixO-vusmNgw&mlSearchSessionGuid=a3cd6718a5962abc2f653259f6a8f554;Санкт-Петербург;sale;flat;5;7;5;248.5;56900000;Центральный; Некрасова;58;Площадь Восстания;
LEGENDA Development;developer;https://spb.cian.ru/sale/flat/333531670/?context=4.4GtoqQMW18w.c2KiXSn2pQvE14VMIozDGkAxTDX7vitK2NZ64gZ0zEkHl0LgnZEhbJnRU0BCCnJcmLGThsK3OEyhQg&mlSearchSessionGuid=a3cd6718a5962abc2f653259f6a8f554;Санкт-Петербург;sale;flat;2;22;2;64.76;28355166;Василеостровский;Морской;;Приморская;ЛЕГЕНДА У МОРЯ
ELEMENT;developer;https://spb.cian.ru/sale/flat/327104313/?context=4.PqblXpkN9Po.BydsFLO4rD3Pyg9zLH7OWQ869GsI_rVzeBWD_6z_Vr9SdCXo-42UMhmglyWckkzJ2QHUlp10F5ts2Q&mlSearchSessionGuid=a3cd6718a5962abc2f653259f6a8f554;Санкт-Петербург;sale;flat;24;24;3;162.9;193574070;Московский;Алтайская ;39;Московская;Шепилевский
ИнвестКомплекс;official_representative;https://spb.cian.ru/sale/flat/327465863/?context=4.uEQCBKr2mAw.JvFyD800Sc91Z22JopDLnlnrFHwbN3HoHnmHkXxGtFUh8E0au04usyU-yGwc2wPWbic-50On0ix8qQ&mlSearchSessionGuid=a3cd6718a5962abc2f653259f6a8f554;Санкт-Петербург;sale;flat;1;4;1;48.3;8800000;Приморский; Новая;51к13;Беговая;
Level Group;developer;https://spb.cian.ru/sale/flat/333732394/?context=4.VQOGKgKGH9Q.n4V2nUFyI8jh86UZNSnT0aPQ6B8VNX74TikpxDuJyWWmkyYFEPIpfNijKpk38L8mPRTyXr0Lo52Eug&mlSearchSessionGuid=a3cd6718a5962abc2f653259f6a8f554;Санкт-Петербург;sale;flat;2;9;1;37.2;11886402;Калининский;Пискарёвка;;Выборгская;Левел Мечникова
РК-Газсетьсервис;developer;https://spb.cian.ru/sale/flat/332233080/?context=4.uii9MSgAIwc.PjWcMEvt9fdU51hUE6N-G9krMYyVuPKy_DWS_A3kh5UT6B_ZWmSM2DqVuXXMkMk2upCK50hhG_5P4A&mlSearchSessionGuid=a3cd6718a5962abc2f653259f6a8f554;Санкт-Петербург;sale;flat;6;12;2;42.07;14387940;Приморский;Камышовая ;25;Комендантский проспект;YE'S Primorsky Комплекс Апартаментов
Балтийская Коммерция;real_estate_agent;https://spb.cian.ru/sale/flat/320297298/?context=4._8kUTRc-Zco.rN4RGFS9K3AmciyOHuELR_mqeK8GUyZ0759ZjB1-QEWOK_8uzsF9nF5GbzKOkQyEjFP3kbU-PcvZww&mlSearchSessionGuid=a3cd6718a5962abc2f653259f6a8f554;Санкт-Петербург;sale;flat;9;9;3;175.5;77900000;Петроградский; Чапаева;17к2;Петроградская;Мануфактура
АР НУВО;real_estate_agent;https://spb.cian.ru/sale/flat/332601518/?context=4.xUPSmJPN3JQ.pkURjRtPSLOA9w18zeQiRblKVztiWGokTdoH7gwc7GKogG_qAO3kjlzSJJTLYd3gTrkZW38WjChi0A&mlSearchSessionGuid=a3cd6718a5962abc2f653259f6a8f554;Санкт-Петербург;sale;flat;2;5;1;34.15;7700000;Московский;Пулковский меридиан;;Московская;Парадный ансамбль
AAG;developer;https://spb.cian.ru/sale/flat/323514188/?context=4.UlleLIx7TtY.Dv3b6paqqRKHkiOAVw5KB6yyG6I8IO2YdhPkPhtXqlS2H1Sv6fiX2P_4cQX4dh5gDgxuj7GBEB8qHA&mlSearchSessionGuid=a3cd6718a5962abc2f653259f6a8f554;Санкт-Петербург;sale;flat;1;7;2;105.9;43500000;Василеостровский;12-я Васильевского острова линия;41к2;Василеостровская;Амо
BARNES International Realty;real_estate_agent;https://spb.cian.ru/sale/flat/333570665/?context=4.--sOAClDygI.C2ZC6xcBxVxbSpOzvVrK6rZPIZxa-UN6Q10XkSsp9iAOepcQM4F9Ytey36KzCTf3j4n6kdqziO988Q&mlSearchSessionGuid=a3cd6718a5962abc2f653259f6a8f554;Санкт-Петербург;sale;flat;5;9;3;105.3;75000000;Петроградский;проезд Петровская коса;6к1;Крестовский остров;Петровская Доминанта
АВЕНТИН;real_estate_agent;https://spb.cian.ru/sale/flat/334066324/?context=4.p6r8zJFbv4g.5-ep4SU2o2WpgNViUOFLvQRrnZhqaTd9W1v9SfZdR7wxxQmVyrggP8WZcQokfNJjHioSF01RLBoLvA&mlSearchSessionGuid=a3cd6718a5962abc2f653259f6a8f554;Санкт-Петербург;sale;flat;5;9;1;28.0;6700000;Красногвардейский;Хасанская ;22к1;Проспект Большевиков;
Sun Development;developer;https://spb.cian.ru/sale/flat/334472638/?context=4.t3aarFBSYa4.WF9jIrH3I3szxf0_MPrPBSig9BmS_R_x44AfKOw7z9AX01snvKDe7bL8hehIC51a5e328wIbChkqlw&mlSearchSessionGuid=a3cd6718a5962abc2f653259f6a8f554;Санкт-Петербург;sale;flat;2;7;3;136.6;51367914;Василеостровский;11-я Васильевского острова линия;56;Василеостровская;Клубный дом Монодом Лайн
A-estate;real_estate_agent;https://spb.cian.ru/sale/flat/331521498/?context=4.TMRxWW_l7Mg.53w5asslhwEkHJtxo5EPnJypxC0ZQoq4LYxovf4t1FpUqa2fruMnMJ5_yAL-JnQDYLrYwLwv_ry08w&mlSearchSessionGuid=a3cd6718a5962abc2f653259f6a8f554;Санкт-Петербург;sale;flat;6;9;2;72.5;30990000;Адмиралтейский;набережная Обводного Канала;169;Балтийская;Лермонтовский 54
Яков Ермошкевич;realtor;https://spb.cian.ru/sale/flat/334519442/?context=4.7ce1im3V2DA.RRrbzqTKTEwnbFU2009L9YvNzu-Z83-FRUYGb4nHZEqPAjV7phbHyOuZMgpsKylbAL3FS7iMXrR0Dg&mlSearchSessionGuid=a3cd6718a5962abc2f653259f6a8f554;Санкт-Петербург;sale;flat;4;5;2;42.0;7400000;Красносельский; Летчика Пилютова;13К1;Юго-Западная;
ИП Богачков;real_estate_agent;https://spb.cian.ru/sale/flat/332207823/?context=4.yjLfcMgf0Xc.bBKSfqrWjvZxmqrT5jeRUiV7sJjG37WNSagzvq6WE3OkO2SsK1vpJ2S6zGkrGsYWkLUStmvhh6UgvQ&mlSearchSessionGuid=a3cd6718a5962abc2f653259f6a8f554;Санкт-Петербург;sale;flat;5;6;2;57.38;28690000;Петроградский; Профессора Попова;;Петроградская;ID Petrogradskaya
ПИА Недвижимость;real_estate_agent;https://spb.cian.ru/sale/flat/333475205/?context=4.HyjaQUozAT4.96D4NbbVpEIdCygPimblg3p-S0EQcJ15gN_DE3krnzaOTwBn1c3U9Leq8HIS3IHT7Ni0zPDQB4yh1g&mlSearchSessionGuid=a3cd6718a5962abc2f653259f6a8f554;Санкт-Петербург;sale;flat;5;9;2;50.1;11200000;Невский;Искровский проспект;26В;Улица Дыбенко;
ID 58387287;real_estate_agent;https://spb.cian.ru/sale/flat/333503194/?context=4.RaIprE4ReC8.Pb5l6wh9p3JMho4mL3V4YeNAQHeLvNNBJ9GUMbQ8b6qxUWHZsFdiC_T4UdcLcZqDItjyzg8bheNinQ&mlSearchSessionGuid=a3cd6718a5962abc2f653259f6a8f554;Санкт-Петербург;sale;flat;4;9;1;40.0;9180000;Невский; Белышева;8к1Н;Проспект Большевиков;
ГК ФСК;developer;https://spb.cian.ru/sale/flat/334472661/?context=4.KgWdX1tjf6Y.fa5nuU6jlhokJxQn3JhOj53bLS_dzXEcg4Ar9llD7u-ONGQ0PqFGHpScXJrrsQQ2a13iH3lVVqJKsg&mlSearchSessionGuid=a3cd6718a5962abc2f653259f6a8f554;Санкт-Петербург;sale;flat;3;11;1;36.01;16275799;Выборгский;2-й Муринский проспект;49;Площадь Мужества;Фабула
ПИА Недвижимость;real_estate_agent;https://spb.cian.ru/sale/flat/334584058/?context=4.hANUk6oOEIU.VWDE6JXnLgjiPJgaKZn4WGxGxuqCUi5JITau7uzer6ASRjRtrKWWhXlAAFfXRYnHVOeb8qMkRFzvcw&mlSearchSessionGuid=a3cd6718a5962abc2f653259f6a8f554;Санкт-Петербург;sale;flat;11;17;2;50.0;14100000;Приморский;Туристская ;30к1;Комендантский проспект;ЦДС Юнтоловский
Экотон;real_estate_agent;https://spb.cian.ru/sale/flat/334156987/?context=4.ajKcvXpXT9U.E_vrUz95QDJSQyTjKcrvSU4nYK6c1RROYMSHM-Os-CXkvsIIFKJ1FBCsGyv0b2NCjB8vG2YTG1tJ2A&mlSearchSessionGuid=a3cd6718a5962abc2f653259f6a8f554;Санкт-Петербург;sale;flat;2;5;4;48.3;8800000;Кировский;бульвар Новаторов;20;Ленинский проспект;
ELEMENT;developer;https://spb.cian.ru/sale/flat/328054219/?context=4.1-gDKDC0iHc.s1X6mv2dEa9JH0WxGx68Tg6_KwGeV9UL6LC4McboOgBntvgY1wedNe1iIpt0rMMlg03qsCd1FKZJgg&mlSearchSessionGuid=a3cd6718a5962abc2f653259f6a8f554;Санкт-Петербург;sale;flat;8;8;5;180.03;264734115;Петроградский;Ремесленная ;17литЗ;Спортивная;17/33 Петровский остров
ПИА Недвижимость;real_estate_agent;https://spb.cian.ru/sale/flat/333801883/?context=4.SErMIvCg9eU.e_hv4DqTvBPlcVZRu4GXgUd6uUR8s0NUN5qZylBVJ20cir0fd05UqChDawDjMzPUTuIRUaMcDGosmw&mlSearchSessionGuid=a3cd6718a5962abc2f653259f6a8f554;Санкт-Петербург;sale;flat;3;13;1;43.0;13990000;1 комн. кв-ра в развитом е!1-комн. квартира;43 м²;;;
Балтийская Коммерция;real_estate_agent;https://spb.cian.ru/sale/flat/334420054/?context=4.gkWRAW9V14g.4ep4JWwHOHGZSWd3c0ZA0f1NifsefDLA2WDKAavfuY-sU5toGb7D0Hvsk-3bW6yP5yHJnx9-GZrPRA&mlSearchSessionGuid=a3cd6718a5962abc2f653259f6a8f554;Санкт-Петербург;sale;flat;8;11;1;35.9;18500000;Петроградский;Вяземский переулок;6;Петроградская;
Level Group;developer;https://spb.cian.ru/sale/flat/333636869/?context=4.aQL5eeARsH8.XGXPOap3hkrrjWnyE-VbYwPPj-1HG9QV9Ift4lccgdSoITfCEL0ReCLqYtmAtDrtH700yrN2HauJ2g&mlSearchSessionGuid=a3cd6718a5962abc2f653259f6a8f554;Санкт-Петербург;sale;flat;2;9;2;48.8;16579389;Калининский;проспект Мечникова;40Л;Выборгская;Левел Мечникова
ПИА Недвижимость;real_estate_agent;https://spb.cian.ru/sale/flat/334556728/?context=4.5_5oLgbWU5I.zDNkKZK4K2mzT8vepner6LjpBzVqJhjHy6vWoma14ncXEv53jPRAeafHGRv1vdbRiMGyosHDvCVEVg&mlSearchSessionGuid=a3cd6718a5962abc2f653259f6a8f554;Санкт-Петербург;sale;flat;10;19;1;34.8;10400000;1 комн. кв-ра в развитом е!1-комн. квартира;10/19 этаж;;;
Северный модерн;real_estate_agent;https://spb.cian.ru/sale/flat/332749154/?context=4.H3LcHjWbWj8.kcL9cHZKxvA5exUTw8AOMmAQhSAN3SpdigT51mtrlHkWtg6cHwagi20kw1XmaPSrui_9-R2HVPCbzw&mlSearchSessionGuid=a3cd6718a5962abc2f653259f6a8f554;Санкт-Петербург;sale;flat;4;7;5;128.7;25000000;Центральный;9-я Советская ;39/24;Площадь Восстания;
ФСК;developer;https://spb.cian.ru/sale/flat/327078834/?context=4.BvifYMAHom8.6s7uH_O8DkfQ3qWtpVPV58ILGnmdb5SsPpHyFqJ89oaNKw3L3bKGPacNTblUCobZwIMXoR0YeXb-Pw&mlSearchSessionGuid=a3cd6718a5962abc2f653259f6a8f554;Санкт-Петербург;sale;flat;5;17;1;34.2;7954065;Невский; Архивная;3к1;Улица Дыбенко;Апарт-комплекс Зум на Неве
ПИА Недвижимость;real_estate_agent;https://spb.cian.ru/sale/flat/334346700/?context=4.CHc6fAFUbbs.bDsere7PRRhPvDi-4_MnYyD2Yy62r49ko1YuGHuORDhTu6IgcloovuGHHbGPThtk6r0adFhGIfUsXA&mlSearchSessionGuid=a3cd6718a5962abc2f653259f6a8f554;Санкт-Петербург;sale;flat;17;24;1;30.7;9090000;Приморский; Плесецкая;10;Комендантский проспект;Полис на Комендантском
Мир Квартир Элит;real_estate_agent;https://spb.cian.ru/sale/flat/329755073/?context=4.F2RWWk6J_ZU.QpebcGXeTgt4rafaC5zA1UVMphwGJboSHspNUEMajLf_qrC_rY7Lpioxij67z6dGYqNkZjIwUXV9YQ&mlSearchSessionGuid=a3cd6718a5962abc2f653259f6a8f554;Санкт-Петербург;sale;flat;5;7;5;248.5;56900000;Центральный; Некрасова;58;Площадь Восстания;
LEGENDA Development;developer;https://spb.cian.ru/sale/flat/333531670/?context=4.abeDf3HLJ6Y.stLV9dhwbF-Bz3wmvMTpHJJLa37LgFfnuDXDzjIK0GyGECdz47cymErA9J87Qogce6l-ceWeh1o6DQ&mlSearchSessionGuid=a3cd6718a5962abc2f653259f6a8f554;Санкт-Петербург;sale;flat;2;22;2;64.76;28355166;Василеостровский;Морской;;Приморская;ЛЕГЕНДА У МОРЯ
ELEMENT;developer;https://spb.cian.ru/sale/flat/327104313/?context=4.QB8JFGfJAyA.0HzVp3Yt7fZbR1oaZ4Tl-DQlNzbF_e7NegKm6Guscj1QZfbaWOXsOu4_Rd_NUUrwEIu4j5-XPghkzA&mlSearchSessionGuid=a3cd6718a5962abc2f653259f6a8f554;Санкт-Петербург;sale;flat;24;24;3;162.9;193574070;Московский;Алтайская ;39;Московская;Шепилевский
ИнвестКомплекс;official_representative;https://spb.cian.ru/sale/flat/327465863/?context=4.g31s4REp2qA.v1N6ESZcZdzRKyYXDnAe5DW-wTwJnrgdAOPNgBTG11VAncMiZWRxwour7E5psn3fw8d6ob7-d9MfzA&mlSearchSessionGuid=a3cd6718a5962abc2f653259f6a8f554;Санкт-Петербург;sale;flat;1;4;1;48.3;8800000;Приморский; Новая;51к13;Беговая;
Level Group;developer;https://spb.cian.ru/sale/flat/333732394/?context=4.QFV7_BW9cOA.STmQKSjdZU2Pyb7a1UPnMocG8f-Z8w0HWpFOH6qrBflh_zcnx3Xt6T7-EtYZL8uRcOrZlbxc7T3HyQ&mlSearchSessionGuid=a3cd6718a5962abc2f653259f6a8f554;Санкт-Петербург;sale;flat;2;9;1;37.2;11886402;Калининский;Пискарёвка;;Выборгская;Левел Мечникова
РК-Газсетьсервис;developer;https://spb.cian.ru/sale/flat/332233080/?context=4.Nz7AHiFSCtw.-NlUxLFal40l9xCLVJvoc0s27Kk5IO9HtQ5l6i9R_-Yeu3fmavdfSLXn-jzIOaEkwQPmjb4waA5C_Q&mlSearchSessionGuid=a3cd6718a5962abc2f653259f6a8f554;Санкт-Петербург;sale;flat;6;12;2;42.07;14387940;Приморский;Камышовая ;25;Комендантский проспект;YE'S Primorsky Комплекс Апартаментов
Балтийская Коммерция;real_estate_agent;https://spb.cian.ru/sale/flat/320297298/?context=4.oh2TSudSVhg.0-GoPw57YIwhqFP-7JJ1uyyUsT0vSq97F2qnh84h6z82gXS0QaztQdfQikWX_23_x2G_nSXaIb2MKQ&mlSearchSessionGuid=a3cd6718a5962abc2f653259f6a8f554;Санкт-Петербург;sale;flat;9;9;3;175.5;77900000;Петроградский; Чапаева;17к2;Петроградская;Мануфактура
АР НУВО;real_estate_agent;https://spb.cian.ru/sale/flat/332601518/?context=4.hcp0Q5t0ukw.J5A1P4xejVpyPBPmD94gKQm1ctZvlGDi6pNFnHn6QRgZODHDqTJfKHDfted-XHAWYoFMo2KcQB_M0w&mlSearchSessionGuid=a3cd6718a5962abc2f653259f6a8f554;Санкт-Петербург;sale;flat;2;5;1;34.15;7700000;Московский;Пулковский меридиан;;Московская;Парадный ансамбль
AAG;developer;https://spb.cian.ru/sale/flat/323514188/?context=4.9N64XcCgDk0.g6FX3PzW3QeXmbpILymyZws0GM8k2YM8f7wbXkf0oHixlfVXdQwInc1OV7FusOW-JGe_b-6WTfLTKQ&mlSearchSessionGuid=a3cd6718a5962abc2f653259f6a8f554;Санкт-Петербург;sale;flat;1;7;2;105.9;43500000;Василеостровский;12-я Васильевского острова линия;41к2;Василеостровская;Амо
BARNES International Realty;real_estate_agent;https://spb.cian.ru/sale/flat/333570665/?context=4.xwxO5uHigQ4.xlG5UCHS-IB4Br9VLeSlBsBPV2HEB2e-ti_eQRuKM3kbVPlVO7ai8HrRXUV_6YESLRiZPqrYTjiyRA&mlSearchSessionGuid=a3cd6718a5962abc2f653259f6a8f554;Санкт-Петербург;sale;flat;5;9;3;105.3;75000000;Петроградский;проезд Петровская коса;6к1;Крестовский остров;Петровская Доминанта
АВЕНТИН;real_estate_agent;https://spb.cian.ru/sale/flat/334066324/?context=4.WrKw9ODoAEA.yNm9I0zU-NrhuqMt87tjY5kWg4mkmFb0w_4OC945pXAoG-_tpb_UbMN06Rfhex8P8wzwyCiBNhsm3g&mlSearchSessionGuid=a3cd6718a5962abc2f653259f6a8f554;Санкт-Петербург;sale;flat;5;9;1;28.0;6700000;Красногвардейский;Хасанская ;22к1;Проспект Большевиков;
Sun Development;developer;https://spb.cian.ru/sale/flat/334472638/?context=4.hiphhs9OSas.p070GVKokPVYvjkxk2wzqFqMUZQTvroQckY4WK6-2ly8bbKkTLp-PcWCuXwCtKWX0NmJ2SLuXUw-AQ&mlSearchSessionGuid=a3cd6718a5962abc2f653259f6a8f554;Санкт-Петербург;sale;flat;2;7;3;136.6;51367914;Василеостровский;11-я Васильевского острова линия;56;Василеостровская;Клубный дом Монодом Лайн
A-estate;real_estate_agent;https://spb.cian.ru/sale/flat/331521498/?context=4.CdA0M5vvvoc.WuM6DdfQPPuyT7KvOUu3Ywi_IXNVPtsLwBrB1p9BGdoS_qS_lIT3lJ6tM-wyKqXn_04TksKNgt4mbg&mlSearchSessionGuid=a3cd6718a5962abc2f653259f6a8f554;Санкт-Петербург;sale;flat;6;9;2;72.5;30990000;Адмиралтейский;набережная Обводного Канала;169;Балтийская;Лермонтовский 54
Яков Ермошкевич;realtor;https://spb.cian.ru/sale/flat/334519442/?context=4.HdhbGSwgOOg.5c643Tnpt9dgYCQTIanVtqqjlj5PDyS_q6i6VjujhhNHjDogl_-uVHw3slRsKl1fa1qPeyz9z0dMEg&mlSearchSessionGuid=a3cd6718a5962abc2f653259f6a8f554;Санкт-Петербург;sale;flat;4;5;2;42.0;7400000;Красносельский; Летчика Пилютова;13К1;Юго-Западная;
ИП Богачков;real_estate_agent;https://spb.cian.ru/sale/flat/332207823/?context=4.J8OA5KSH2jU.mpSMqonoZSTicb77aUJ_Jz3SKuWZsCZrm1raoesqndl7ftaCq1hwtIBojhVPiD8cWsDO1FoGMMsKWw&mlSearchSessionGuid=a3cd6718a5962abc2f653259f6a8f554;Санкт-Петербург;sale;flat;5;6;2;57.38;28690000;Петроградский; Профессора Попова;;Петроградская;ID Petrogradskaya
ПИА Недвижимость;real_estate_agent;https://spb.cian.ru/sale/flat/333475205/?context=4.IFCJzuk8JLw.SFMMGEGw5KXSsG1je4PTVlJjPwJT4rLlB5Y-97Qwgx3HxZDHfypWk1oilSaOHQ4b_Sn0yiEBktvbvA&mlSearchSessionGuid=a3cd6718a5962abc2f653259f6a8f554;Санкт-Петербург;sale;flat;5;9;2;50.1;11200000;Невский;Искровский проспект;26В;Улица Дыбенко;
ID 58387287;real_estate_agent;https://spb.cian.ru/sale/flat/333503194/?context=4.KL_1x2lVGpA._kS4lVLy--w98OHMXDLrNXvhpRAfRc1-KotR6yLk_24njGicbZUbfQBfbVXh3aQ1fHruaN8BrJl7Aw&mlSearchSessionGuid=a3cd6718a5962abc2f653259f6a8f554;Санкт-Петербург;sale;flat;4;9;1;40.0;9180000;Невский; Белышева;8к1Н;Проспект Большевиков;
ГК ФСК;developer;https://spb.cian.ru/sale/flat/334472661/?context=4.glQxdso5onE.DqrpWfi3dMdNBIf7R5lSDJq3KGcxCdc0iT9NGU9yASidf0iYKSBtVcPaAYBmlq01lLid1YWc4Jonuw&mlSearchSessionGuid=a3cd6718a5962abc2f653259f6a8f554;Санкт-Петербург;sale;flat;3;11;1;36.01;16275799;Выборгский;2-й Муринский проспект;49;Площадь Мужества;Фабула
ПИА Недвижимость;real_estate_agent;https://spb.cian.ru/sale/flat/334584058/?context=4.M_339vR6xD4.vIotVk7nDmQvgXdPLeHNYcfSWOaiIJZYXsOUcsWN99STdbpkzD3kDMDI6HPOcrq_2oF7Ycl2HSiZIw&mlSearchSessionGuid=a3cd6718a5962abc2f653259f6a8f554;Санкт-Петербург;sale;flat;11;17;2;50.0;14100000;Приморский;Туристская ;30к1;Комендантский проспект;ЦДС Юнтоловский
Экотон;real_estate_agent;https://spb.cian.ru/sale/flat/334156987/?context=4.vnVC6ZRJmUU.urQbvvgIh7IenLyh66Mi19-SyGxDBN2jTW0uyJciwb7NGn_TPA8aQ9a7FJvj3-NA2G6D8JDmH23U5Q&mlSearchSessionGuid=a3cd6718a5962abc2f653259f6a8f554;Санкт-Петербург;sale;flat;2;5;4;48.3;8800000;Кировский;бульвар Новаторов;20;Ленинский проспект;
ELEMENT;developer;https://spb.cian.ru/sale/flat/328054219/?context=4.Qzn8qn2ZGrA.6HxCrF3LWmwtJlq9sLoyoLt9cTMwFgvXCQNK4_XQ5Ei_QsdrR7hr9wKNKF6aRHHajJtUDw6QlM9pjw&mlSearchSessionGuid=a3cd6718a5962abc2f653259f6a8f554;Санкт-Петербург;sale;flat;8;8;5;180.03;264734115;Петроградский;Ремесленная ;17литЗ;Спортивная;17/33 Петровский остров
ПИА Недвижимость;real_estate_agent;https://spb.cian.ru/sale/flat/333801883/?context=4.uqZGU_oxR4U.hINr-t4rebDuxvN5AT3dIOldDaW_CknFyy3KI5CYTuoILAlMEu2GwbiX0lvrV5u86W8c72Tuom-GJg&mlSearchSessionGuid=a3cd6718a5962abc2f653259f6a8f554;Санкт-Петербург;sale;flat;3;13;1;43.0;13990000;1 комн. кв-ра в развитом е!1-комн. квартира;43 м²;;;
Балтийская Коммерция;real_estate_agent;https://spb.cian.ru/sale/flat/334420054/?context=4.B6byWhfPSnc.D5LCROCTaXUA1D7JOdpTGrG0E66Vhu2Ymvk_9c9OpYG1_ZSML_6LSI597ZWlj49kMVOFaCInyawHWQ&mlSearchSessionGuid=a3cd6718a5962abc2f653259f6a8f554;Санкт-Петербург;sale;flat;8;11;1;35.9;18500000;Петроградский;Вяземский переулок;6;Петроградская;
Level Group;developer;https://spb.cian.ru/sale/flat/333636869/?context=4.YNdAaYeP220.iLJ4_dymnl1YnWY4NB_5dQVoNoUYuJ55symr6QDEyFeoyF2hHZVMu1DhSf7H3sv-nFV60_9lczKLng&mlSearchSessionGuid=a3cd6718a5962abc2f653259f6a8f554;Санкт-Петербург;sale;flat;2;9;2;48.8;16579389;Калининский;проспект Мечникова;40Л;Выборгская;Левел Мечникова
ПИА Недвижимость;real_estate_agent;https://spb.cian.ru/sale/flat/334556728/?context=4.xa6-fStaBjc.vWO7uotyGMlPAIcgKK0poN0QaKhWFPQA1TrxoOj73XODrcQzbhnKfS4SPWZe4MqP-9bdZx3ANNyeVw&mlSearchSessionGuid=a3cd6718a5962abc2f653259f6a8f554;Санкт-Петербург;sale;flat;10;19;1;34.8;10400000;1 комн. кв-ра в развитом е!1-комн. квартира;10/19 этаж;;;
Северный модерн;real_estate_agent;https://spb.cian.ru/sale/flat/332749154/?context=4.ArqUcYEoCQc.I27-MfxWUM09cIu2bdClKHdE3BVlL1qllgtw-tkWx0cRjLOIxc82FBCcCjgvxLFiRAEovtgAFWOyzw&mlSearchSessionGuid=a3cd6718a5962abc2f653259f6a8f554;Санкт-Петербург;sale;flat;4;7;5;128.7;25000000;Центральный;9-я Советская ;39/24;Площадь Восстания;
ФСК;developer;https://spb.cian.ru/sale/flat/327078834/?context=4.N46ycierIVA.4rxKLwY3D77J9b3KRP1MiD5lcNCPtzlCEonXNxGwrrv-GvclW1gOJe5AItNNoL60KLjFl5dhalFIuQ&mlSearchSessionGuid=a3cd6718a5962abc2f653259f6a8f554;Санкт-Петербург;sale;flat;5;17;1;34.2;7954065;Невский; Архивная;3к1;Улица Дыбенко;Апарт-комплекс Зум на Неве
ПИА Недвижимость;real_estate_agent;https://spb.cian.ru/sale/flat/334346700/?context=4.36mIeSKxL9Y.FmvSUTlxUk7__Il3_Rz7tAcpi_1adR0MwA1fm-LrPylwmaXU6mEE7zAA-Hq6gdYbUP8IxhQiUc9m1A&mlSearchSessionGuid=a3cd6718a5962abc2f653259f6a8f554;Санкт-Петербург;sale;flat;17;24;1;30.7;9090000;Приморский; Плесецкая;10;Комендантский проспект;Полис на Комендантском
Мир Квартир Элит;real_estate_agent;https://spb.cian.ru/sale/flat/329755073/?context=4.jBTQv_HaJFw.SnexKTpm7VGCj-wTd5MlJUVcRRHtnywETARB5NIDoTsgutlHjt2-yCfie3uPFBdS9ubAfK8Vz3aKPA&mlSearchSessionGuid=a3cd6718a5962abc2f653259f6a8f554;Санкт-Петербург;sale;flat;5;7;5;248.5;56900000;Центральный; Некрасова;58;Площадь Восстания;
LEGENDA Development;developer;https://spb.cian.ru/sale/flat/333531670/?context=4.bOpPZhowKMY.IFxywVh9trbYahVFYoTp5a3tWTd276XliWRsvy-JlfvQwsLo_P7gSZiu6lImUuknrPV9SnPg9UZ9SQ&mlSearchSessionGuid=a3cd6718a5962abc2f653259f6a8f554;Санкт-Петербург;sale;flat;2;22;2;64.76;28355166;Василеостровский;Морской;;Приморская;ЛЕГЕНДА У МОРЯ
ELEMENT;developer;https://spb.cian.ru/sale/flat/327104313/?context=4.b7TNjHRH9VI.1zMxQf3py2DmJHZOkBl_9wR-cHpYSw9R6BykPEjAdCUH3lPzgc-IunvMzqZ4YrTzN1BxXGY6SPsEGw&mlSearchSessionGuid=a3cd6718a5962abc2f653259f6a8f554;Санкт-Петербург;sale;flat;24;24;3;162.9;193574070;Московский;Алтайская ;39;Московская;Шепилевский
ИнвестКомплекс;official_representative;https://spb.cian.ru/sale/flat/327465863/?context=4.onzXXAaRMNk.JeB0cGQvqirnqRK4-GeSQWp5sTtGx0Gc-swxbNGCkNreBPKs5zzZbkQ2Ewke38gSm2dK5JZQDKv6Gw&mlSearchSessionGuid=a3cd6718a5962abc2f653259f6a8f554;Санкт-Петербург;sale;flat;1;4;1;48.3;8800000;Приморский; Новая;51к13;Беговая;
Level Group;developer;https://spb.cian.ru/sale/flat/333732394/?context=4.jfR3zXlEYbI.BHEtAkY7A7JrjlP4P6GTX80ZyJcV-Yo5jooKAJLtwOPVxBzKUGS5703Ll52v1iZgIF6BJx9J1LHNJg&mlSearchSessionGuid=a3cd6718a5962abc2f653259f6a8f554;Санкт-Петербург;sale;flat;2;9;1;37.2;11886402;Калининский;Пискарёвка;;Выборгская;Левел Мечникова
РК-Газсетьсервис;developer;https://spb.cian.ru/sale/flat/332233080/?context=4.OMcTfSq1N7U.3LZusKbAR7mJWhdESeZO-O0K9-FXVcaMwiZ25nWBjio_1g0CqPUymZc6WN4Td2YQ-bXek354aHP8QQ&mlSearchSessionGuid=a3cd6718a5962abc2f653259f6a8f554;Санкт-Петербург;sale;flat;6;12;2;42.07;14387940;Приморский;Камышовая ;25;Комендантский проспект;YE'S Primorsky Комплекс Апартаментов
Балтийская Коммерция;real_estate_agent;https://spb.cian.ru/sale/flat/320297298/?context=4.rv35cXY77AY.Lhn7xarn4UdC-s0nnYcLjCE6w7e9ULpOqtsXh2GX-H8F0ocQ34ha_nr3cnE05F4DuQk7q_L-ElR_rQ&mlSearchSessionGuid=a3cd6718a5962abc2f653259f6a8f554;Санкт-Петербург;sale;flat;9;9;3;175.5;77900000;Петроградский; Чапаева;17к2;Петроградская;Мануфактура
АР НУВО;real_estate_agent;https://spb.cian.ru/sale/flat/332601518/?context=4.Ng9uqYTZjVA.E2O94QuwNMWAHa93qtIEUiU2byab1L9FGXVBL1ad4xmV_9MGvL_2TvISVgImCectWYT_0Bv-5T4b5w&mlSearchSessionGuid=a3cd6718a5962abc2f653259f6a8f554;Санкт-Петербург;sale;flat;2;5;1;34.15;7700000;Московский;Пулковский меридиан;;Московская;Парадный ансамбль
AAG;developer;https://spb.cian.ru/sale/flat/323514188/?context=4.YE5bDVISP_8.5kwYT_cG_SqleNEYz3Nt1uRw7l4R19N5P0D3c3wmo57VBqh2bC9CPwAQJ0vpNz87AR37cHismz3jCA&mlSearchSessionGuid=a3cd6718a5962abc2f653259f6a8f554;Санкт-Петербург;sale;flat;1;7;2;105.9;43500000;Василеостровский;12-я Васильевского острова линия;41к2;Василеостровская;Амо
BARNES International Realty;real_estate_agent;https://spb.cian.ru/sale/flat/333570665/?context=4.L56bJVmakh8.QTQGrNCQvLfH21h2mijkhJEDZpuI7rT-aF3UVLlPNxU9RYveqP4DXqgZYAt8ipD71Jdzaf7Tv-Ocfw&mlSearchSessionGuid=a3cd6718a5962abc2f653259f6a8f554;Санкт-Петербург;sale;flat;5;9;3;105.3;75000000;Петроградский;проезд Петровская коса;6к1;Крестовский остров;Петровская Доминанта
АВЕНТИН;real_estate_agent;https://spb.cian.ru/sale/flat/334066324/?context=4.ru1WgAAAhUM.0fW9mFdfeRM0R7iK7ni1SuEjhI6g6qQmWgU4K5BqZ5evdfjG9KTi-I6GasgP8i2qjBnd9wJmSuEFCg&mlSearchSessionGuid=a3cd6718a5962abc2f653259f6a8f554;Санкт-Петербург;sale;flat;5;9;1;28.0;6700000;Красногвардейский;Хасанская ;22к1;Проспект Большевиков;
Sun Development;developer;https://spb.cian.ru/sale/flat/334472638/?context=4.9i4NGbmZSoI.X8XA_9aJY5aE_G993Z3j3-2zDiG17RxrJY_meqkU3jAaUHp8784D8YHAUpx6KfhEMXbuuxSG9pYCIQ&mlSearchSessionGuid=a3cd6718a5962abc2f653259f6a8f554;Санкт-Петербург;sale;flat;2;7;3;136.6;51367914;Василеостровский;11-я Васильевского острова линия;56;Василеостровская;Клубный дом Монодом Лайн
A-estate;real_estate_agent;https://spb.cian.ru/sale/flat/331521498/?context=4.ELdC0EEOi4g.eKm6kuR6I58YiIxaJn2iK_ahwkNoeilg1jnNZooOLzjkxxq6VdYH-gCuWfGK17KntKTVZcwys-Srkw&mlSearchSessionGuid=a3cd6718a5962abc2f653259f6a8f554;Санкт-Петербург;sale;flat;6;9;2;72.5;30990000;Адмиралтейский;набережная Обводного Канала;169;Балтийская;Лермонтовский 54
Яков Ермошкевич;realtor;https://spb.cian.ru/sale/flat/334519442/?context=4.usN94D1Qx-I.d4RlL7tl8lJf8aJE4mxC3QXG5ij7pZRAEllpYs-UB5Gq9-hg6A_QsnuHLxhjTczLi_TsKo1FaSn4Pg&mlSearchSessionGuid=a3cd6718a5962abc2f653259f6a8f554;Санкт-Петербург;sale;flat;4;5;2;42.0;7400000;Красносельский; Летчика Пилютова;13К1;Юго-Западная;
ИП Богачков;real_estate_agent;https://spb.cian.ru/sale/flat/332207823/?context=4.8RWxyPm7wUY.gRbmB4KtInBO4URXAZ1eGkKtGfXBsKF7yEfAInHF7nImE2fa90doVSGWOiWm4N5GK1LeFrL05IEMyw&mlSearchSessionGuid=a3cd6718a5962abc2f653259f6a8f554;Санкт-Петербург;sale;flat;5;6;2;57.38;28690000;Петроградский; Профессора Попова;;Петроградская;ID Petrogradskaya
ПИА Недвижимость;real_estate_agent;https://spb.cian.ru/sale/flat/333475205/?context=4.j2LzJEBhUXs.toRKG9bIMTKaX_GbuatFLrH4_q0nonim1MjkcaNAVPPaDprxXtNqh1SGHGFziu3pX2IKeJX1byAGkg&mlSearchSessionGuid=a3cd6718a5962abc2f653259f6a8f554;Санкт-Петербург;sale;flat;5;9;2;50.1;11200000;Невский;Искровский проспект;26В;Улица Дыбенко;
ID 58387287;real_estate_agent;https://spb.cian.ru/sale/flat/333503194/?context=4.I7C4q3TwrRY.2C6HgEynHFj9lRlGzLh-yF8pr8wWEYyBjiwIo8Dfh3nSYALR45Nf-9wdzLYQ4oZ9JPeJiBBC1hacwg&mlSearchSessionGuid=a3cd6718a5962abc2f653259f6a8f554;Санкт-Петербург;sale;flat;4;9;1;40.0;9180000;Невский; Белышева;8к1Н;Проспект Большевиков;
ГК ФСК;developer;https://spb.cian.ru/sale/flat/334472661/?context=4.utcUz3fR0KM.66bIf1QTCTzsgFoK5PijidnJSsaQu6gb1nxYU6gb-r4y8-jCkQtr7BSKHEy9gqWg-I5Q-mZyzoh_2Q&mlSearchSessionGuid=a3cd6718a5962abc2f653259f6a8f554;Санкт-Петербург;sale;flat;3;11;1;36.01;16275799;Выборгский;2-й Муринский проспект;49;Площадь Мужества;Фабула
ПИА Недвижимость;real_estate_agent;https://spb.cian.ru/sale/flat/334584058/?context=4.qdDH5XtqK18.KpmFNyrkVQxKGM8g3LDZ0LtRxBdmgNxW5B9s9uNr_7wfLnix9PFZHOsoEaZKG3oye51l1d0PFsJ1GQ&mlSearchSessionGuid=a3cd6718a5962abc2f653259f6a8f554;Санкт-Петербург;sale;flat;11;17;2;50.0;14100000;Приморский;Туристская ;30к1;Комендантский проспект;ЦДС Юнтоловский
Экотон;real_estate_agent;https://spb.cian.ru/sale/flat/334156987/?context=4.aNps5sYBlJI.ogxQQ3kI2I4hHrLxyubVS-xluo4u-F2gkhscQ261WIgefoly6fuEE19ApM8TqtCSnURLitjvX-wBkQ&mlSearchSessionGuid=a3cd6718a5962abc2f653259f6a8f554;Санкт-Петербург;sale;flat;2;5;4;48.3;8800000;Кировский;бульвар Новаторов;20;Ленинский проспект;
ELEMENT;developer;https://spb.cian.ru/sale/flat/328054219/?context=4.h0dhpuaiKs8.5ZZ_FEO8b8EWMQZzm9KGJ-0R-iDEpPOeigGc4hWGrQWRXX5Y92Szpw4YfjaCdiLmWk79RDabTRrhnA&mlSearchSessionGuid=a3cd6718a5962abc2f653259f6a8f554;Санкт-Петербург;sale;flat;8;8;5;180.03;264734115;Петроградский;Ремесленная ;17литЗ;Спортивная;17/33 Петровский остров
ПИА Недвижимость;real_estate_agent;https://spb.cian.ru/sale/flat/333801883/?context=4.pQwICafZCSQ.LB8yXH4TYsrAgMBfFXncXiPqh9sTn5ecyZNCZvsgLKCXEd4bvxXCGhJCgpqTmGROBw4k1ztqADGvnw&mlSearchSessionGuid=a3cd6718a5962abc2f653259f6a8f554;Санкт-Петербург;sale;flat;3;13;1;43.0;13990000;1 комн. кв-ра в развитом е!1-комн. квартира;43 м²;;;
Балтийская Коммерция;real_estate_agent;https://spb.cian.ru/sale/flat/334420054/?context=4.xrlqDrMwMMA.3TLJsrJYTwlge5Yhgy5rGScMw5oephrRQ-WmAEuievc7XNxJd6QswjhLWeDtEnMDOkhZrilZs_6fkQ&mlSearchSessionGuid=a3cd6718a5962abc2f653259f6a8f554;Санкт-Петербург;sale;flat;8;11;1;35.9;18500000;Петроградский;Вяземский переулок;6;Петроградская;
Level Group;developer;https://spb.cian.ru/sale/flat/333636869/?context=4.0zFdrr2uPAY.rKaKTo_dvD7WNs_PG3KKs6mY38F-_MT4zV5xubsLEwLJH9R94eGbDgA9ta2kmQPyVgmvBqVqtwsW1Q&mlSearchSessionGuid=a3cd6718a5962abc2f653259f6a8f554;Санкт-Петербург;sale;flat;2;9;2;48.8;16579389;Калининский;проспект Мечникова;40Л;Выборгская;Левел Мечникова
ПИА Недвижимость;real_estate_agent;https://spb.cian.ru/sale/flat/334556728/?context=4.AC7n1uVNokI.FuTzQXFgenZqn4YMzpRCHpc7b3VgTnw3Q8VW0iH0IT2qd0-DIsCfjwMfztxuZKMDCA36rrdQWmlHvg&mlSearchSessionGuid=a3cd6718a5962abc2f653259f6a8f554;Санкт-Петербург;sale;flat;10;19;1;34.8;10400000;1 комн. кв-ра в развитом е!1-комн. квартира;10/19 этаж;;;
Северный модерн;real_estate_agent;https://spb.cian.ru/sale/flat/332749154/?context=4.bNBTBZqapgE.7Tt97dEgyKmNdKAceA4CHbrnpeRh_JrZpf1aCWkOvrHiz3lwFxpNXxTieovMjRHKFeqr6yJAR1cwWA&mlSearchSessionGuid=a3cd6718a5962abc2f653259f6a8f554;Санкт-Петербург;sale;flat;4;7;5;128.7;25000000;Центральный;9-я Советская ;39/24;Площадь Восстания;
ФСК;developer;https://spb.cian.ru/sale/flat/327078834/?context=4.i6LW7UNHjdo.Y9VxXkC_R6YCq9upn-H46q679DIJQ3AVNJMNz-eLbwfA2ep5XO2NQhZFybD3hv8du_HPrAGW4SzlhQ&mlSearchSessionGuid=a3cd6718a5962abc2f653259f6a8f554;Санкт-Петербург;sale;flat;5;17;1;34.2;7954065;Невский; Архивная;3к1;Улица Дыбенко;Апарт-комплекс Зум на Неве
ПИА Недвижимость;real_estate_agent;https://spb.cian.ru/sale/flat/334346700/?context=4.8lff0oGuhQs.DMpQbDSl8MFKjJJ-cItsQraM3Q59-cOW8lgGuUHzCFXjF8HZmjgc2YaTE-cjvKC45gVU2a0d6L3lzA&mlSearchSessionGuid=a3cd6718a5962abc2f653259f6a8f554;Санкт-Петербург;sale;flat;17;24;1;30.7;9090000;Приморский; Плесецкая;10;Комендантский проспект;Полис на Комендантском
Мир Квартир Элит;real_estate_agent;https://spb.cian.ru/sale/flat/329755073/?context=4.f6FY0IQHnl4.kjA8n6LB4RCxpzh6P8n2tkElOTPjJrKY1kmHIIEnxXxoRlCwQPT4Ei5npFwDvF0IQJYC5uawkJveUQ&mlSearchSessionGuid=a3cd6718a5962abc2f653259f6a8f554;Санкт-Петербург;sale;flat;5;7;5;248.5;56900000;Центральный; Некрасова;58;Площадь Восстания;
LEGENDA Development;developer;https://spb.cian.ru/sale/flat/333531670/?context=4.VexZO9bfnOI.GjeETucG-AAjsLF22gOUxQ_09NsmEw5M_BOpM7MYvpR2uhos8bvg3jEtj_Mc4lmEx3cmHb43YmMC0g&mlSearchSessionGuid=a3cd6718a5962abc2f653259f6a8f554;Санкт-Петербург;sale;flat;2;22;2;64.76;28355166;Василеостровский;Морской;;Приморская;ЛЕГЕНДА У МОРЯ
ELEMENT;developer;https://spb.cian.ru/sale/flat/327104313/?context=4.x4DnRqCCByA.RbBzyisaG6EspDi5PXdDDLTqLfm8vy_6Ltk2d5Lc27u2eiZxqb0Hame0icIPgK9ReVy6KPw9uh79_Q&mlSearchSessionGuid=a3cd6718a5962abc2f653259f6a8f554;Санкт-Петербург;sale;flat;24;24;3;162.9;193574070;Московский;Алтайская ;39;Московская;Шепилевский
ИнвестКомплекс;official_representative;https://spb.cian.ru/sale/flat/327465863/?context=4.5vuR9uetO2I.g0xsV7pYy2On10X8ee0YMN1fANHotLbgYeITq1ZGxyaMrlVVsjOzOE2uB0t9B3eMfZZKPRamcq8Vgg&mlSearchSessionGuid=a3cd6718a5962abc2f653259f6a8f554;Санкт-Петербург;sale;flat;1;4;1;48.3;8800000;Приморский; Новая;51к13;Беговая;
Level Group;developer;https://spb.cian.ru/sale/flat/333732394/?context=4.agErP0eKlU8.F0DvCtWEJckfLXbkPAyflHBnDEvvJCoXQlfapwiuIzyvl_iiEKhbm__xxIZqFnUyRdSlqKqSI2jlcw&mlSearchSessionGuid=a3cd6718a5962abc2f653259f6a8f554;Санкт-Петербург;sale;flat;2;9;1;37.2;11886402;Калининский;Пискарёвка;;Выборгская;Левел Мечникова
РК-Газсетьсервис;developer;https://spb.cian.ru/sale/flat/332233080/?context=4.UCAyJV-zvD0.rvUdEyo5dkvJHfiqnp6d3p1LlRSbDAbr9PEKl06PON0cJtCHkGvil76CVtb5--kCnaZwC7_45_o1Tg&mlSearchSessionGuid=a3cd6718a5962abc2f653259f6a8f554;Санкт-Петербург;sale;flat;6;12;2;42.07;14387940;Приморский;Камышовая ;25;Комендантский проспект;YE'S Primorsky Комплекс Апартаментов
Балтийская Коммерция;real_estate_agent;https://spb.cian.ru/sale/flat/320297298/?context=4.VrYoMA3Muc4.tNrp9-H5F5VpfrGWziwQF8sgC8vDDJfZMU4f9RRlbwZAH5Orch68syH7yVSWYdQEXTtTnTeYU0NFLQ&mlSearchSessionGuid=a3cd6718a5962abc2f653259f6a8f554;Санкт-Петербург;sale;flat;9;9;3;175.5;77900000;Петроградский; Чапаева;17к2;Петроградская;Мануфактура
АР НУВО;real_estate_agent;https://spb.cian.ru/sale/flat/332601518/?context=4.As9kSoM0XmY.gV7fPFK6I31VJhzRYDw4wRN94zeVR-kccfzU4GCH_hMJa6WhS9tYd5vzm0N9ti4IDJCCBUHaduRL5Q&mlSearchSessionGuid=a3cd6718a5962abc2f653259f6a8f554;Санкт-Петербург;sale;flat;2;5;1;34.15;7700000;Московский;Пулковский меридиан;;Московская;Парадный ансамбль
AAG;developer;https://spb.cian.ru/sale/flat/323514188/?context=4.nkIpTsFc54w.j3QEwkBl7ZV_3W1j9fwnUZ3t9_0SVmJneK2w_hiZEhc5kVnujAGQRq2nyhIEG2LmSFhgtPOK6ZVWXA&mlSearchSessionGuid=a3cd6718a5962abc2f653259f6a8f554;Санкт-Петербург;sale;flat;1;7;2;105.9;43500000;Василеостровский;12-я Васильевского острова линия;41к2;Василеостровская;Амо
BARNES International Realty;real_estate_agent;https://spb.cian.ru/sale/flat/333570665/?context=4.O5iJO5Dlqzw.ki5_H7gtS0F7xWvlIOi75B2EnmhCWboHzb6IMrakRyM0Wdrla7RalwHbr-bonQ-Rx0jpLmwjKPJN4g&mlSearchSessionGuid=a3cd6718a5962abc2f653259f6a8f554;Санкт-Петербург;sale;flat;5;9;3;105.3;75000000;Петроградский;проезд Петровская коса;6к1;Крестовский остров;Петровская Доминанта
АВЕНТИН;real_estate_agent;https://spb.cian.ru/sale/flat/334066324/?context=4.tSY35Ptx0aU.G2Ij9utyoV357vDnl3gdX6wJ3ECm5rhiw-wvr2ktzPZz2jfuWnmE7mrBYqTPjylPFZLWyVVJYvjRhA&mlSearchSessionGuid=a3cd6718a5962abc2f653259f6a8f554;Санкт-Петербург;sale;flat;5;9;1;28.0;6700000;Красногвардейский;Хасанская ;22к1;Проспект Большевиков;
Sun Development;developer;https://spb.cian.ru/sale/flat/334472638/?context=4.g6pou8xMDCk.iOIXoGVjH4DKBIWiDoK58Acy_S3AOBswtwgYjmpYMU7P-Ujki-9MqKtM2EJgw7AxfmTfUVAoY8so0Q&mlSearchSessionGuid=a3cd6718a5962abc2f653259f6a8f554;Санкт-Петербург;sale;flat;2;7;3;136.6;51367914;Василеостровский;11-я Васильевского острова линия;56;Василеостровская;Клубный дом Монодом Лайн
A-estate;real_estate_agent;https://spb.cian.ru/sale/flat/331521498/?context=4.bErjoa5y65I.CmawFAnPE-QTraOgeI1ZqmM5giUqj5J3kz7N6L9kJVw6oXmvNsTyo6DWwUJCNbCKpBk40XGlHRb7Dw&mlSearchSessionGuid=a3cd6718a5962abc2f653259f6a8f554;Санкт-Петербург;sale;flat;6;9;2;72.5;30990000;Адмиралтейский;набережная Обводного Канала;169;Балтийская;Лермонтовский 54
Яков Ермошкевич;realtor;https://spb.cian.ru/sale/flat/334519442/?context=4.Wo89IRJrDBI.rmqKJxzcjJdhZaPiuqf2Byyf-jE4ZB8pyKy9xjsvhusGQ15NlXfGFIcf3P_P58pddzcz7C1zlKyHfA&mlSearchSessionGuid=a3cd6718a5962abc2f653259f6a8f554;Санкт-Петербург;sale;flat;4;5;2;42.0;7400000;Красносельский; Летчика Пилютова;13К1;Юго-Западная;
ИП Богачков;real_estate_agent;https://spb.cian.ru/sale/flat/332207823/?context=4.3YExYuDXYp8.pZGpGOkkX2GzWCMYV__ErrJ3qZy1b8jUTTetXX6CJcfWyUefGOSAuW2X9qdS3N56um7rjHeVfRlm6A&mlSearchSessionGuid=a3cd6718a5962abc2f653259f6a8f554;Санкт-Петербург;sale;flat;5;6;2;57.38;28690000;Петроградский; Профессора Попова;;Петроградская;ID Petrogradskaya
ПИА Недвижимость;real_estate_agent;https://spb.cian.ru/sale/flat/333475205/?context=4.Ki5PhQXTbGk.RNt1wy8T4CBHxJ7TRS-R2UammaW8ZveWYroW3lxlKDELcopQHYXKh88vVx66WnGGeSrRvUlEUbqW5A&mlSearchSessionGuid=a3cd6718a5962abc2f653259f6a8f554;Санкт-Петербург;sale;flat;5;9;2;50.1;11200000;Невский;Искровский проспект;26В;Улица Дыбенко;
ID 58387287;real_estate_agent;https://spb.cian.ru/sale/flat/333503194/?context=4.6NrlJAnCyXM.BT6hPMuveRl1oPmbrG28kVBKyMnEY1sO-fL5XJCFejteRyCr2USorwzUCKUjhqR6FGEeiwltIlrA1Q&mlSearchSessionGuid=a3cd6718a5962abc2f653259f6a8f554;Санкт-Петербург;sale;flat;4;9;1;40.0;9180000;Невский; Белышева;8к1Н;Проспект Большевиков;
ГК ФСК;developer;https://spb.cian.ru/sale/flat/334472661/?context=4.OFJuDUaSRz8.l4hvbeudJs2LriPcl_wSK1af2V7DxvXsmUbU2pHXX43LhKXlArVwOjXACutIYxr-W6UwOvX3zIWeLg&mlSearchSessionGuid=a3cd6718a5962abc2f653259f6a8f554;Санкт-Петербург;sale;flat;3;11;1;36.01;16275799;Выборгский;2-й Муринский проспект;49;Площадь Мужества;Фабула
ПИА Недвижимость;real_estate_agent;https://spb.cian.ru/sale/flat/334584058/?context=4.p8k8Z1DN5kI.dnBuW8FOQUn58xK_ZdmRR52MaQ4p6_VjU-QQ7aMEWaPRiIKtdwiLe7RGU3Q4MoQKrAX8WHTJZfj-Qg&mlSearchSessionGuid=a3cd6718a5962abc2f653259f6a8f554;Санкт-Петербург;sale;flat;11;17;2;50.0;14100000;Приморский;Туристская ;30к1;Комендантский проспект;ЦДС Юнтоловский
Экотон;real_estate_agent;https://spb.cian.ru/sale/flat/334156987/?context=4.CilfcannXJM.zWl1Oitv_Lo_iy-4VIdft5EDzU7tL_X6UYP7bqAY-_rIXG_7VzUoiXIQy76KgPCrvpnYn_i_LnrNQQ&mlSearchSessionGuid=a3cd6718a5962abc2f653259f6a8f554;Санкт-Петербург;sale;flat;2;5;4;48.3;8800000;Кировский;бульвар Новаторов;20;Ленинский проспект;
ELEMENT;developer;https://spb.cian.ru/sale/flat/328054219/?context=4.MePeEprLRUE.Ow-VZIEk-4lHFGUQYArF7x-A6TTlsg4EwcbxxVyx7lg4vr0js52UqOI0D9yW2w2Lo2b3dt1Td-Fubg&mlSearchSessionGuid=a3cd6718a5962abc2f653259f6a8f554;Санкт-Петербург;sale;flat;8;8;5;180.03;264734115;Петроградский;Ремесленная ;17литЗ;Спортивная;17/33 Петровский остров
ПИА Недвижимость;real_estate_agent;https://spb.cian.ru/sale/flat/333801883/?context=4.nPiFuG-BXe8.bdhsoX0-ugMcOAYTnvOV_gbNzV21LY-cFYBmHdMBpzBKkJPcv0jq8fhdlLgSlJFsA3HmySFh-4UC7A&mlSearchSessionGuid=a3cd6718a5962abc2f653259f6a8f554;Санкт-Петербург;sale;flat;3;13;1;43.0;13990000;1 комн. кв-ра в развитом е!1-комн. квартира;43 м²;;;
Балтийская Коммерция;real_estate_agent;https://spb.cian.ru/sale/flat/334420054/?context=4.EzCBVd3qd6w.3fAdTbhxsQzMYmPTnIFVMBg1kSAb2mBZtQmWNenCwgY0D9A1lJtSdAWL_rGOK5v3FAeRJjA2iWPnKA&mlSearchSessionGuid=a3cd6718a5962abc2f653259f6a8f554;Санкт-Петербург;sale;flat;8;11;1;35.9;18500000;Петроградский;Вяземский переулок;6;Петроградская;
Level Group;developer;https://spb.cian.ru/sale/flat/333636869/?context=4.4HFfkOenAr0.pey7bQF-niBRe6cE1IKfBvV8cCUOp4WqNm1noQwe_u2lEJPHtY35ksOsguplUeQ47Ep2jiUISksR7A&mlSearchSessionGuid=a3cd6718a5962abc2f653259f6a8f554;Санкт-Петербург;sale;flat;2;9;2;48.8;16579389;Калининский;проспект Мечникова;40Л;Выборгская;Левел Мечникова
ПИА Недвижимость;real_estate_agent;https://spb.cian.ru/sale/flat/334556728/?context=4.6WJJCoT6Cjc.aM7tF7JP-RiDh0WZUjbwat2OHLlRAN5PrjS1vr0SFljaWy-r-Qw5gW-NcGkMAdPcGZTfqVCycRFfkA&mlSearchSessionGuid=a3cd6718a5962abc2f653259f6a8f554;Санкт-Петербург;sale;flat;10;19;1;34.8;10400000;1 комн. кв-ра в развитом е!1-комн. квартира;10/19 этаж;;;
Северный модерн;real_estate_agent;https://spb.cian.ru/sale/flat/332749154/?context=4.NjMpM1DtV_A.19GA7WtbIkeh6whJ-pMtTfTNdIvo5tg72i7uH5uuHKcWp1oAkmEPnqEN_Rr3i3OpwyCOj-F1q1OJDg&mlSearchSessionGuid=a3cd6718a5962abc2f653259f6a8f554;Санкт-Петербург;sale;flat;4;7;5;128.7;25000000;Центральный;9-я Советская ;39/24;Площадь Восстания;
ФСК;developer;https://spb.cian.ru/sale/flat/327078834/?context=4.jzSH-5c8nzw.R-8c4Eaw3YfN7DAARigWK3UkXhOK6KBCmTU8z2f6F0v8f7ivSQmr8YQOwplSTeGecWiE9B5cXTH9Ow&mlSearchSessionGuid=a3cd6718a5962abc2f653259f6a8f554;Санкт-Петербург;sale;flat;5;17;1;34.2;7954065;Невский; Архивная;3к1;Улица Дыбенко;Апарт-комплекс Зум на Неве
ПИА Недвижимость;real_estate_agent;https://spb.cian.ru/sale/flat/334346700/?context=4.EzQWwZDTLPQ.ftV0EoLHpQj4SEG5MDbr6xRXt1EENW-NA03iWJUInst_1y9sV8LyiulscX7splFKs976Rlp9xSHjXA&mlSearchSessionGuid=a3cd6718a5962abc2f653259f6a8f554;Санкт-Петербург;sale;flat;17;24;1;30.7;9090000;Приморский; Плесецкая;10;Комендантский проспект;Полис на Комендантском
Мир Квартир Элит;real_estate_agent;https://spb.cian.ru/sale/flat/329755073/?context=4.P6SuuC8n6ew.0aOU4qYLXec3rPAvxkdKILS0Y8Fg3IAvkagMvkMFJqJEuXbNJpbhQEzGpcd8oVpY2O36EJ8qslBSUg&mlSearchSessionGuid=a3cd6718a5962abc2f653259f6a8f554;Санкт-Петербург;sale;flat;5;7;5;248.5;56900000;Центральный; Некрасова;58;Площадь Восстания;
LEGENDA Development;developer;https://spb.cian.ru/sale/flat/333531670/?context=4.hZGO5M3eiDg.igrLUFcxdH5xf6o0eT4B84ldTHQmeXw3PgWpaTe5Cq9S93FKty3lrYStICaL8kNdXD4iAMhuy-YM0Q&mlSearchSessionGuid=a3cd6718a5962abc2f653259f6a8f554;Санкт-Петербург;sale;flat;2;22;2;64.76;28355166;Василеостровский;Морской;;Приморская;ЛЕГЕНДА У МОРЯ
ELEMENT;developer;https://spb.cian.ru/sale/flat/327104313/?context=4.Kuaga1JMi44.X1p3GJZOSxKBRlt_831qwDirgVUGjDTtdIMVpcfgI1HFkLtO0Mz32EZHBiha_-t_lt2jatVolv6GYw&mlSearchSessionGuid=a3cd6718a5962abc2f653259f6a8f554;Санкт-Петербург;sale;flat;24;24;3;162.9;193574070;Московский;Алтайская ;39;Московская;Шепилевский
ИнвестКомплекс;official_representative;https://spb.cian.ru/sale/flat/327465863/?context=4.xZSxELKPOoc.CQT3nLnXaXBog2PjmC9Rj3T9q6a6MyMnisWTNcBfD4NvzULt1s2cWIE9W9_pXrLUsam0th82tfcTlw&mlSearchSessionGuid=a3cd6718a5962abc2f653259f6a8f554;Санкт-Петербург;sale;flat;1;4;1;48.3;8800000;Приморский; Новая;51к13;Беговая;
Level Group;developer;https://spb.cian.ru/sale/flat/333732394/?context=4.z5Qt8I1VUxQ.7nVoAt3woM3_sLIwU0lBMCCpVrm7CM5RFYGvwfpMZAmGTydAohQDNt1KtEWpcr6rRFVFioNk9oS9xg&mlSearchSessionGuid=a3cd6718a5962abc2f653259f6a8f554;Санкт-Петербург;sale;flat;2;9;1;37.2;11886402;Калининский;Пискарёвка;;Выборгская;Левел Мечникова
РК-Газсетьсервис;developer;https://spb.cian.ru/sale/flat/332233080/?context=4.FYPB-wWArjk.RahglxMnQjM4wu4FKJFb3eJ8RYXn1i1Smqg4GktNkCMzwcvFEQXTPJzA7HpNHV9KY65k6oaGCTeuGQ&mlSearchSessionGuid=a3cd6718a5962abc2f653259f6a8f554;Санкт-Петербург;sale;flat;6;12;2;42.07;14387940;Приморский;Камышовая ;25;Комендантский проспект;YE'S Primorsky Комплекс Апартаментов
Балтийская Коммерция;real_estate_agent;https://spb.cian.ru/sale/flat/320297298/?context=4.Izw-FJ6ky0o.ZCIlomE6gBY0sXAtFCMTx48k5AfpgwLsCpYwBZ3eURHi1Z1iTctzeUZDBTlAQOerXCs0mK9VsNsREQ&mlSearchSessionGuid=a3cd6718a5962abc2f653259f6a8f554;Санкт-Петербург;sale;flat;9;9;3;175.5;77900000;Петроградский; Чапаева;17к2;Петроградская;Мануфактура
АР НУВО;real_estate_agent;https://spb.cian.ru/sale/flat/332601518/?context=4.Y0fv-XlmQdA.eq8UX1-vpc3srE00k0D1gnLEzqObgXe_9R1CSzIIXXC3fhXAevrl9eNtbYBmLETCHGy3uFKwaH8pkw&mlSearchSessionGuid=a3cd6718a5962abc2f653259f6a8f554;Санкт-Петербург;sale;flat;2;5;1;34.15;7700000;Московский;Пулковский меридиан;;Московская;Парадный ансамбль
AAG;developer;https://spb.cian.ru/sale/flat/323514188/?context=4.Z6YicGEqeSE.lkKa4pJGwki8dHeP3iKHbcdgLj_Q0tbO-wIvfGLZHs-C0WbkOZfKy5gxQ8z6Ke_dLeSFCOCMnmAQUw&mlSearchSessionGuid=a3cd6718a5962abc2f653259f6a8f554;Санкт-Петербург;sale;flat;1;7;2;105.9;43500000;Василеостровский;12-я Васильевского острова линия;41к2;Василеостровская;Амо
BARNES International Realty;real_estate_agent;https://spb.cian.ru/sale/flat/333570665/?context=4.JY8_d8utkmQ.ANEDb1Qgf1hswdl1eV1tmAcVGtAnImkvnsT5PIPa11z5V13ya_q1PqSX2L5dYBSvxLnlwqEbO4IY3g&mlSearchSessionGuid=a3cd6718a5962abc2f653259f6a8f554;Санкт-Петербург;sale;flat;5;9;3;105.3;75000000;Петроградский;проезд Петровская коса;6к1;Крестовский остров;Петровская Доминанта
АВЕНТИН;real_estate_agent;https://spb.cian.ru/sale/flat/334066324/?context=4.79z8eg5RnVw.0isV9S2rsBUR1rSTrBEydBm2spCOvmmHjp1ragq0SNGJd5qotuVt23tNEGlllSXPVitEoPBZ-zlcdg&mlSearchSessionGuid=a3cd6718a5962abc2f653259f6a8f554;Санкт-Петербург;sale;flat;5;9;1;28.0;6700000;Красногвардейский;Хасанская ;22к1;Проспект Большевиков;
Sun Development;developer;https://spb.cian.ru/sale/flat/334472638/?context=4.j-GYN3McmlQ.Svg6ykHDscBUnGSL62iYnGeOrdNe52sEZ1DfzcWbGKWyOZ_DWRloxT7NdBavI9XSE5m3J2-Z92A6Uw&mlSearchSessionGuid=a3cd6718a5962abc2f653259f6a8f554;Санкт-Петербург;sale;flat;2;7;3;136.6;51367914;Василеостровский;11-я Васильевского острова линия;56;Василеостровская;Клубный дом Монодом Лайн
A-estate;real_estate_agent;https://spb.cian.ru/sale/flat/331521498/?context=4.yai3hFKgw4w.I7RDkD7NraP4Cdnf6g039EGGf1bnWmSarC-gH_sBrD5k9th_HqTaGPm3YDyRO0PlqL9lFVWut9WsHQ&mlSearchSessionGuid=a3cd6718a5962abc2f653259f6a8f554;Санкт-Петербург;sale;flat;6;9;2;72.5;30990000;Адмиралтейский;набережная Обводного Канала;169;Балтийская;Лермонтовский 54
Яков Ермошкевич;realtor;https://spb.cian.ru/sale/flat/334519442/?context=4.s1c3gVnMTUM.KeRUzp-F2vCHL74dYDHUhEcs7Hs8Y1--yxegRd_eEK1O-jTcejgqjUGKVQSBEV242GoQJOWGseoDHg&mlSearchSessionGuid=a3cd6718a5962abc2f653259f6a8f554;Санкт-Петербург;sale;flat;4;5;2;42.0;7400000;Красносельский; Летчика Пилютова;13К1;Юго-Западная;
ИП Богачков;real_estate_agent;https://spb.cian.ru/sale/flat/332207823/?context=4.WQyhpOPa04Y.76020RPI282InN2WLbntMshXnHVBi3tKdcuJ_fzc8XKqgFcUi0HtNobPQDqb2kG888jsm69pckiS8Q&mlSearchSessionGuid=a3cd6718a5962abc2f653259f6a8f554;Санкт-Петербург;sale;flat;5;6;2;57.38;28690000;Петроградский; Профессора Попова;;Петроградская;ID Petrogradskaya
ПИА Недвижимость;real_estate_agent;https://spb.cian.ru/sale/flat/333475205/?context=4.iWmT6MCyGhk.G332H6ZariiwNaoccgBA_gXnXwPCWFW2AK8F6NHO1-E1pBF3GUQGBHImsesDKHNTtvUmF048IJ1LRQ&mlSearchSessionGuid=a3cd6718a5962abc2f653259f6a8f554;Санкт-Петербург;sale;flat;5;9;2;50.1;11200000;Невский;Искровский проспект;26В;Улица Дыбенко;
ID 58387287;real_estate_agent;https://spb.cian.ru/sale/flat/333503194/?context=4.qKcuIi5PtAQ._62k1afg79Pmu5TvQxSU_wcxib8NXeyeA2sucgmSbets1vv1RYVTYlmwxHQC-vxVWgCk_D8O_vYYzQ&mlSearchSessionGuid=a3cd6718a5962abc2f653259f6a8f554;Санкт-Петербург;sale;flat;4;9;1;40.0;9180000;Невский; Белышева;8к1Н;Проспект Большевиков;
ГК ФСК;developer;https://spb.cian.ru/sale/flat/334472661/?context=4.cUcCJ_Yyorc.Iajrbz4f7Zgc7vsl6bjDzHayi1BcG5akzBgJOBkcs_uprkrHQ8AH9imMAowW98qLYkb8BLchxO0FNw&mlSearchSessionGuid=a3cd6718a5962abc2f653259f6a8f554;Санкт-Петербург;sale;flat;3;11;1;36.01;16275799;Выборгский;2-й Муринский проспект;49;Площадь Мужества;Фабула
ПИА Недвижимость;real_estate_agent;https://spb.cian.ru/sale/flat/334584058/?context=4.zNLxSKyQaDw.RATb7a6BXpvAAIegSgqFNNFkhdBzZG3VCufSS_PBZGqwDSrF1fsC6mFU4T1Q2LEryaIjS9OwcL2pjw&mlSearchSessionGuid=a3cd6718a5962abc2f653259f6a8f554;Санкт-Петербург;sale;flat;11;17;2;50.0;14100000;Приморский;Туристская ;30к1;Комендантский проспект;ЦДС Юнтоловский
Экотон;real_estate_agent;https://spb.cian.ru/sale/flat/334156987/?context=4.0v5KQQ-Ne4s.BAhiBL40c61sukrie_EEw8IGI-L-6xUSbc3tvVcFilbfIFvo8uZqBfH1MjS0Dsp9UALmpInUFPwgIg&mlSearchSessionGuid=a3cd6718a5962abc2f653259f6a8f554;Санкт-Петербург;sale;flat;2;5;4;48.3;8800000;Кировский;бульвар Новаторов;20;Ленинский проспект;
ELEMENT;developer;https://spb.cian.ru/sale/flat/328054219/?context=4.Gbu0xWH7rrM.RJmDurOVJMG5sdoR5blJP3ALZUoLq2L3FEe0JxYueAaYsCbRNCtVsG1YvrBO7Pcp1hQ_TZWAQiW5FQ&mlSearchSessionGuid=a3cd6718a5962abc2f653259f6a8f554;Санкт-Петербург;sale;flat;8;8;5;180.03;264734115;Петроградский;Ремесленная ;17литЗ;Спортивная;17/33 Петровский остров
ПИА Недвижимость;real_estate_agent;https://spb.cian.ru/sale/flat/333801883/?context=4.h2Izz0H8_9E.SQvCEusCF-zbLygePMFKo_c1PyMCzYdmmnyELgC09uV1y42-V3CEDj9knGi2RUoetE93jq_H_EVGtw&mlSearchSessionGuid=a3cd6718a5962abc2f653259f6a8f554;Санкт-Петербург;sale;flat;3;13;1;43.0;13990000;1 комн. кв-ра в развитом е!1-комн. квартира;43 м²;;;
Балтийская Коммерция;real_estate_agent;https://spb.cian.ru/sale/flat/334420054/?context=4.ZtXP06kd0rg.CVk-9Gf0qGc9LAkwK1bkYnJ3QMPRKvsxlox7F7IbWZafbwb7jEb6xaUG1Lxvp9OX5n8hvwxn76sKWg&mlSearchSessionGuid=a3cd6718a5962abc2f653259f6a8f554;Санкт-Петербург;sale;flat;8;11;1;35.9;18500000;Петроградский;Вяземский переулок;6;Петроградская;
Level Group;developer;https://spb.cian.ru/sale/flat/333636869/?context=4.rlS7sW2-YDQ.wtwINoWnti3OkjtbIQydGA0YudQIGjIbsjOK38Dviezcn7qaBtRL1JSAS-i1P_c2ras0IV9581BOpw&mlSearchSessionGuid=a3cd6718a5962abc2f653259f6a8f554;Санкт-Петербург;sale;flat;2;9;2;48.8;16579389;Калининский;проспект Мечникова;40Л;Выборгская;Левел Мечникова
ПИА Недвижимость;real_estate_agent;https://spb.cian.ru/sale/flat/334556728/?context=4.2Y5XxMnX-pA.EuRtyE8minSHsbPvXzGaayCk--ZcvCB1av2WG5Pr09B_vlTEIRAfjqfVMmbw6V--OYtJn9HpMgToFw&mlSearchSessionGuid=a3cd6718a5962abc2f653259f6a8f554;Санкт-Петербург;sale;flat;10;19;1;34.8;10400000;1 комн. кв-ра в развитом е!1-комн. квартира;10/19 этаж;;;
Северный модерн;real_estate_agent;https://spb.cian.ru/sale/flat/332749154/?context=4.lNNAtU2nibQ.siVIgoIJgVejY7R7zCH2wO6WCnfxcV55avbOObiQY_vup9S9sxU8S-RLDy1IN0L2Ll7r1u829S9nLg&mlSearchSessionGuid=a3cd6718a5962abc2f653259f6a8f554;Санкт-Петербург;sale;flat;4;7;5;128.7;25000000;Центральный;9-я Советская ;39/24;Площадь Восстания;
ФСК;developer;https://spb.cian.ru/sale/flat/327078834/?context=4.DZezmXslI2k.qqEshzTeM4ZqcS4QCSuO4aVVVcPDM-MZ1Ck_CZ_5Rqklh5kgMg8rhWEx8UmFi4uxcXUVLbsRG0pWIw&mlSearchSessionGuid=a3cd6718a5962abc2f653259f6a8f554;Санкт-Петербург;sale;flat;5;17;1;34.2;7954065;Невский; Архивная;3к1;Улица Дыбенко;Апарт-комплекс Зум на Неве
ПИА Недвижимость;real_estate_agent;https://spb.cian.ru/sale/flat/334346700/?context=4.cg3aOnAjtMg.aRN2wQckdWLLam9YC-6Z2nc6-3gkToORtqVpBct9Tbkjqbif5CL4aK984GDPlVzazDjlQLZoCrVx8A&mlSearchSessionGuid=a3cd6718a5962abc2f653259f6a8f554;Санкт-Петербург;sale;flat;17;24;1;30.7;9090000;Приморский; Плесецкая;10;Комендантский проспект;Полис на Комендантском
Мир Квартир Элит;real_estate_agent;https://spb.cian.ru/sale/flat/329755073/?context=4.4TaDbmS7Zf8.vVjjdFKiSHuWArdGOa-FRq0Q2v-AC0aRvagKBtTbovfyMkWcKFkygDxoHomBHY_XWi4dHVTRcfwC7Q&mlSearchSessionGuid=a3cd6718a5962abc2f653259f6a8f554;Санкт-Петербург;sale;flat;5;7;5;248.5;56900000;Центральный; Некрасова;58;Площадь Восстания;
LEGENDA Development;developer;https://spb.cian.ru/sale/flat/333531670/?context=4.ui5go6HDyvs.jd52T1aPGt4CMKQg6duqzworLrX258tT2DQdSS4KBalu8aLU4P-XykdJhvCahoBimZq8BhNE8Vs6gQ&mlSearchSessionGuid=a3cd6718a5962abc2f653259f6a8f554;Санкт-Петербург;sale;flat;2;22;2;64.76;28355166;Василеостровский;Морской;;Приморская;ЛЕГЕНДА У МОРЯ
ELEMENT;developer;https://spb.cian.ru/sale/flat/327104313/?context=4.6qyOkRuGpxU.6oWQP6N-XFv6gYsVS0-RUDsC14eNSLsn8UB16q8C2mOo9LsYwwYz5MrJ0_Th_VR507N_jA5gNDFIdg&mlSearchSessionGuid=a3cd6718a5962abc2f653259f6a8f554;Санкт-Петербург;sale;flat;24;24;3;162.9;193574070;Московский;Алтайская ;39;Московская;Шепилевский
ИнвестКомплекс;official_representative;https://spb.cian.ru/sale/flat/327465863/?context=4.y-9fHW4qDJg.C_5izXdKwnW8J04Z-Cy08Wh8gYYq7KG6RimHj_p3as_3ktT3rknoGJR4GTATVKm5wlIBbmvi47HgWw&mlSearchSessionGuid=a3cd6718a5962abc2f653259f6a8f554;Санкт-Петербург;sale;flat;1;4;1;48.3;8800000;Приморский; Новая;51к13;Беговая;
Level Group;developer;https://spb.cian.ru/sale/flat/333732394/?context=4.AIs6wq27qyA.VFxXHNFFW1iTRxGPHmHcdqhjol2MthCeTjH0LHhLTfEZbq2b5PFJxB_oDN3fNoXED9wr61VCLHfivw&mlSearchSessionGuid=a3cd6718a5962abc2f653259f6a8f554;Санкт-Петербург;sale;flat;2;9;1;37.2;11886402;Калининский;Пискарёвка;;Выборгская;Левел Мечникова
РК-Газсетьсервис;developer;https://spb.cian.ru/sale/flat/332233080/?context=4.DgkMdPwA0-0.v1cleJvHRFT6Tj0ZQ7UHnWkudqr7ZA3VyacwDiP0Ljsb4GON12AtiSx9V-iPRziqfYhgcaudmJwJ2Q&mlSearchSessionGuid=a3cd6718a5962abc2f653259f6a8f554;Санкт-Петербург;sale;flat;6;12;2;42.07;14387940;Приморский;Камышовая ;25;Комендантский проспект;YE'S Primorsky Комплекс Апартаментов
Балтийская Коммерция;real_estate_agent;https://spb.cian.ru/sale/flat/320297298/?context=4.TIQ_HGQUXNw.9fd0zxJ4gL-FCTi3U1OQvOCSJHfM3tQK8eocxGi76KmlDV3QNrH7r57mcV8AFGaguZk2JgSGUzcSog&mlSearchSessionGuid=a3cd6718a5962abc2f653259f6a8f554;Санкт-Петербург;sale;flat;9;9;3;175.5;77900000;Петроградский; Чапаева;17к2;Петроградская;Мануфактура
АР НУВО;real_estate_agent;https://spb.cian.ru/sale/flat/332601518/?context=4.2mcnNYjrGwY.CSQLZvnT3ov7C90WhFbPHOAzILadpA677pHZmLmDuObmZbqi3yYut85PszJY0dKx7rtC4z4YtVdNqg&mlSearchSessionGuid=a3cd6718a5962abc2f653259f6a8f554;Санкт-Петербург;sale;flat;2;5;1;34.15;7700000;Московский;Пулковский меридиан;;Московская;Парадный ансамбль
AAG;developer;https://spb.cian.ru/sale/flat/323514188/?context=4.kNn0vfHnhng.ErLSxCa7kqJhb5UoStD3lw1saIOclAF_F1ATeu5IzrYPBVnZ3rZcrHlRYSYb_WYMfNSRd_r1xJwwjA&mlSearchSessionGuid=a3cd6718a5962abc2f653259f6a8f554;Санкт-Петербург;sale;flat;1;7;2;105.9;43500000;Василеостровский;12-я Васильевского острова линия;41к2;Василеостровская;Амо
BARNES International Realty;real_estate_agent;https://spb.cian.ru/sale/flat/333570665/?context=4.eohvUNjlwEw.BRyjz1lF8HVt2G2xcZuMFl9f8rfEakzfDD9O142Maj9El9TDLqAghr1K3k0ERWlJjybatlfqzVK-dw&mlSearchSessionGuid=a3cd6718a5962abc2f653259f6a8f554;Санкт-Петербург;sale;flat;5;9;3;105.3;75000000;Петроградский;проезд Петровская коса;6к1;Крестовский остров;Петровская Доминанта
АВЕНТИН;real_estate_agent;https://spb.cian.ru/sale/flat/334066324/?context=4.1u-rARuTLB0.njtO-wqrf1RBMiyNP5DAgi1DnVHvRIntfErhhs7D37EZs0gG5IgArnr1E0EJa6obigb-meJ4GFVmfA&mlSearchSessionGuid=a3cd6718a5962abc2f653259f6a8f554;Санкт-Петербург;sale;flat;5;9;1;28.0;6700000;Красногвардейский;Хасанская ;22к1;Проспект Большевиков;
Sun Development;developer;https://spb.cian.ru/sale/flat/334472638/?context=4.bDiXFqToFJ4.tjHsa7mOxpngY8ThOmCWOnhT1leHfuTGanrdSn-yF7QqiDrFGgy10-il1UzhvNoJH8giUsoaArpEHA&mlSearchSessionGuid=a3cd6718a5962abc2f653259f6a8f554;Санкт-Петербург;sale;flat;2;7;3;136.6;51367914;Василеостровский;11-я Васильевского острова линия;56;Василеостровская;Клубный дом Монодом Лайн
A-estate;real_estate_agent;https://spb.cian.ru/sale/flat/331521498/?context=4.oGFmnu_Y4Bw.aicmxQzEN1r4FLC3PsxH1iaUb6y4ga9TCDagStftDF0VhfWXCvzwUcl2rx4jHrAQsY7Eda1Kkj_VIg&mlSearchSessionGuid=a3cd6718a5962abc2f653259f6a8f554;Санкт-Петербург;sale;flat;6;9;2;72.5;30990000;Адмиралтейский;набережная Обводного Канала;169;Балтийская;Лермонтовский 54
Яков Ермошкевич;realtor;https://spb.cian.ru/sale/flat/334519442/?context=4.RP-IpcKKV68._XbxEuxMFr3iWWnH9wLY43J1Vd0_n6Eh7kbOZrRe3aWBJVC-miV3q0CN64sJaNJ88DM_eIIAobBUXw&mlSearchSessionGuid=a3cd6718a5962abc2f653259f6a8f554;Санкт-Петербург;sale;flat;4;5;2;42.0;7400000;Красносельский; Летчика Пилютова;13К1;Юго-Западная;
ИП Богачков;real_estate_agent;https://spb.cian.ru/sale/flat/332207823/?context=4.u78QYqmwi0A.ZEMC3zjtTj_dRSr8HM1cx30oX6L-C-Q0cHeG_TWeSKpmZrsyETbCb8DZ95fNB_fA6RcQJdOSX2IO_w&mlSearchSessionGuid=a3cd6718a5962abc2f653259f6a8f554;Санкт-Петербург;sale;flat;5;6;2;57.38;28690000;Петроградский; Профессора Попова;;Петроградская;ID Petrogradskaya
ПИА Недвижимость;real_estate_agent;https://spb.cian.ru/sale/flat/333475205/?context=4.sLP02p5xvm4.uFiHx5fDghELVc0qs_VDDKFfzxm8vxQmBwI4MK1fg0UWxwUj06TExskSsoqwZr5P9-adsHZ9tiC0Bw&mlSearchSessionGuid=a3cd6718a5962abc2f653259f6a8f554;Санкт-Петербург;sale;flat;5;9;2;50.1;11200000;Невский;Искровский проспект;26В;Улица Дыбенко;
ID 58387287;real_estate_agent;https://spb.cian.ru/sale/flat/333503194/?context=4.4iO70a-5ByM.1SwRIDf325f2XYdgz8hKdC7Ry0Qe6NR-a-0LoxIEX3adhWdry8LAbN49c5nxg-EudQoJdSZdV7Wbfg&mlSearchSessionGuid=a3cd6718a5962abc2f653259f6a8f554;Санкт-Петербург;sale;flat;4;9;1;40.0;9180000;Невский; Белышева;8к1Н;Проспект Большевиков;
ГК ФСК;developer;https://spb.cian.ru/sale/flat/334472661/?context=4.f0L4K0doTWA.7RRZBHIPHbruzXLOVF6IT3KVkciPQ0szq6uiYP2urGL_8sS2lPeEnGqLm8Js4L4oGKnkkoX2CqbO5w&mlSearchSessionGuid=a3cd6718a5962abc2f653259f6a8f554;Санкт-Петербург;sale;flat;3;11;1;36.01;16275799;Выборгский;2-й Муринский проспект;49;Площадь Мужества;Фабула
ПИА Недвижимость;real_estate_agent;https://spb.cian.ru/sale/flat/334584058/?context=4.cEJ_mYsokc8.FU5W8g2vnUAaFc7ncH1wG4ZwWFoyP9RCtLAHVT4o3jJIomivaafcws08BDO8SSdNCryjZm2XiBYOIw&mlSearchSessionGuid=a3cd6718a5962abc2f653259f6a8f554;Санкт-Петербург;sale;flat;11;17;2;50.0;14100000;Приморский;Туристская ;30к1;Комендантский проспект;ЦДС Юнтоловский
Балтийская Коммерция;real_estate_agent;https://spb.cian.ru/sale/flat/334420054/?context=4.Z1lMZqDDirc.ZP9c0CUB9GCivPGcL7nW3PprM_1tEaX44muzVBn4LubOlRUTFVb6DPkoMMXCERvdd6iJbzj3aatiCA&mlSearchSessionGuid=a3cd6718a5962abc2f653259f6a8f554;Санкт-Петербург;sale;flat;8;11;1;35.9;18500000;Петроградский;Вяземский переулок;6;Петроградская;
ELEMENT;developer;https://spb.cian.ru/sale/flat/328054219/?context=4.YKIMxzSpbak.NGAdnjPrBX-upgaDLUp4UWT7KlRkI5Aw3uwfnelztFx60JiDFpNoQaCbOJF854N_mndXfDc2ADMrdA&mlSearchSessionGuid=a3cd6718a5962abc2f653259f6a8f554;Санкт-Петербург;sale;flat;8;8;5;180.03;264734115;Петроградский;Ремесленная ;17литЗ;Спортивная;17/33 Петровский остров
ПИА Недвижимость;real_estate_agent;https://spb.cian.ru/sale/flat/333801883/?context=4.ZDBr8K7ysh0.vaeDZve94dX2ESbYmvvKgzftuUQIUqQk9pdYFcQe7fjN34Qoo3sWS-dk2Oqgtfpmxxs-jMIS2JswKA&mlSearchSessionGuid=a3cd6718a5962abc2f653259f6a8f554;Санкт-Петербург;sale;flat;3;13;1;43.0;13990000;1 комн. кв-ра в развитом е!1-комн. квартира;43 м²;;;
Северный модерн;real_estate_agent;https://spb.cian.ru/sale/flat/332749154/?context=4.XYMyuaouA6Y.kx4j6Hl1wTu6SZ5POa0bgzvhktRQzGi42sRgZxS_Udhb08OiPHD13iIuDWNXt6mxYK4QYFeP4oG3rQ&mlSearchSessionGuid=a3cd6718a5962abc2f653259f6a8f554;Санкт-Петербург;sale;flat;4;7;5;128.7;25000000;Центральный;9-я Советская ;39/24;Площадь Восстания;
Level Group;developer;https://spb.cian.ru/sale/flat/333636869/?context=4.VMNWWpmTcYo.bi169qaw1U1TGtDovX2IYTSh1QHF_esDiGkCUOwaQAVQUpnA5tdBY5KujgwNYavtCz1c8dwSpOJAZA&mlSearchSessionGuid=a3cd6718a5962abc2f653259f6a8f554;Санкт-Петербург;sale;flat;2;9;2;48.8;16579389;Калининский;проспект Мечникова;40Л;Выборгская;Левел Мечникова
ПИА Недвижимость;real_estate_agent;https://spb.cian.ru/sale/flat/334556728/?context=4.9RGC-HowWH0.R6fulUYtTy8HgTCFpvAW-gLqriEj5LMIUCoDIZxvLr0BQ5hvs8UBVRblSeY6hLHjdFNyjp8AC9qIlA&mlSearchSessionGuid=a3cd6718a5962abc2f653259f6a8f554;Санкт-Петербург;sale;flat;10;19;1;34.8;10400000;1 комн. кв-ра в развитом е!1-комн. квартира;10/19 этаж;;;
Экотон;real_estate_agent;https://spb.cian.ru/sale/flat/334156987/?context=4.5gwg2RCg2DI.NcMOSJC9lNiD3ZT8K16g1Xfb8CTizqOlsooXZk7pVS3NvHtb7qdf56FGxG8U8zgWjdJtFTwSrsfp9w&mlSearchSessionGuid=a3cd6718a5962abc2f653259f6a8f554;Санкт-Петербург;sale;flat;2;5;4;48.3;8800000;Кировский;бульвар Новаторов;20;Ленинский проспект;
ФСК;developer;https://spb.cian.ru/sale/flat/327078834/?context=4.j6nw4o26Aw4.THEbDkB1jZ5AvVN2jmMaQHV5Z25mqvNvxnzwnTDN57SAj7MhI2jWoKUycv8DYvDi5spXG28moBUk_A&mlSearchSessionGuid=a3cd6718a5962abc2f653259f6a8f554;Санкт-Петербург;sale;flat;5;17;1;34.2;7954065;Невский; Архивная;3к1;Улица Дыбенко;Апарт-комплекс Зум на Неве
ПИА Недвижимость;real_estate_agent;https://spb.cian.ru/sale/flat/334346700/?context=4.csAp__e2Lpg.P7j5t05v_hnBQW1wxr6-KnV38NRwkVzSPuZiaWdTchLU16jdxpSqPS7m69Gn0TMEyV46-x2Vo3s5XA&mlSearchSessionGuid=a3cd6718a5962abc2f653259f6a8f554;Санкт-Петербург;sale;flat;17;24;1;30.7;9090000;Приморский; Плесецкая;10;Комендантский проспект;Полис на Комендантском
Мир Квартир Элит;real_estate_agent;https://spb.cian.ru/sale/flat/329755073/?context=4.fh56aaU2j34.FjJOWrDFm_X3iLXB2wd1dTMQpaWbTHGnphG0zJd9RUfH18QQPABj-TLoDju-Y6CwP270Aw6DLfoYBw&mlSearchSessionGuid=a3cd6718a5962abc2f653259f6a8f554;Санкт-Петербург;sale;flat;5;7;5;248.5;56900000;Центральный; Некрасова;58;Площадь Восстания;
LEGENDA Development;developer;https://spb.cian.ru/sale/flat/333531670/?context=4.jqHJv4bT5jU.q1LSppKnHeu90u8DLT8mhZym7LmQT-nR3iw_XGm0cU61OwhJizEyLmEbzmpoemFQgNizFmb84RV8Dw&mlSearchSessionGuid=a3cd6718a5962abc2f653259f6a8f554;Санкт-Петербург;sale;flat;2;22;2;64.76;28355166;Василеостровский;Морской;;Приморская;ЛЕГЕНДА У МОРЯ
